PC1,PC2
-710.8424989902996,-21.460751790477232
2795.1608374284697,23.340424250610525
-1784.8390524816932,23.749504763061772
-2200.8399326347862,12.751220374116178
-3363.841746604303,-11.195544905628566
827.1583055150113,-10.535120972003693
1495.1604212244274,17.421533355832487
1656.1599434575764,11.37107472728213
521.1577736861655,-17.469751613345146
1422.1571526157786,-24.74035368055757
-2670.8397735043545,14.758112860082184
-2956.841054043849,-2.2971009341561697
3345.1579447645345,-12.147022364117632
-1875.841807650344,-12.377669697362993
3252.16019577533,14.277166958086019
771.1617689969717,35.50304880824948
2564.1591179077514,4.939738436104042
-3844.84287472954,-25.26556050676885
2082.157832744706,-11.097169579804099
-4351.841637644044,-7.2751364493171184
1563.1600188760203,12.396074204167933
4084.1578851928352,-13.223328599521913
-3802.8404893203406,5.826599390897355
2362.158452375268,-8.560085640729353
-1523.8417194457143,-8.565508145126373
-188.84078086167574,1.56714454612416
-1303.8410130740376,-1.3559051288970512
-1065.8427182808518,-24.43182416006713
-3658.8378937118105,39.78676659795123
4397.157789915509,-16.979189739965904
2052.1580432115006,-11.795376785419432
-2926.8420126794954,-15.29676465848072
2371.1576339376625,-15.865832477463458
-1475.8407874240656,3.5522474443454684
2166.15751127369,-21.56019122974123
1070.1573305653874,-17.049308671585234
2632.158551081491,-3.874985444331593
2209.15894441586,-2.620563270540943
-1077.8426930325804,-24.357836837731682
671.1591925977264,1.5390921004955072
-1441.8395768470364,17.600602820968305
4353.158499000187,-7.751842119671656
-2249.8411684244056,-3.2664893492215974
-559.839842000627,13.647333443024257
1441.16158722213,32.44329755329192
-1409.842271988222,-11.811009178170647
2249.1573974653147,-18.978918299380286
1749.1592010257882,1.3626528649328211
-1628.8405377808376,4.727922458700149
3415.1596449238714,10.892757093114893
571.1614562979084,30.499444247719097
1015.1600786787458,12.528568749131159
-411.83992121892516,15.39100136491677
-2163.8422469249927,-18.189344268049908
1050.1581960677868,-12.411875152429555
1060.1575685723801,-16.839151857237177
1713.1601394371246,13.420103910916739
-3565.8423936997424,-16.426850498622787
-3300.8405777744483,7.576495431910445
-2642.8405911619193,3.737076291991089
-3328.8419421016006,-10.531928007322671
222.16006378788734,12.520382817077875
171.15836903167656,-10.414406484425399
-269.8414642313146,-7.4124155621208345
432.159538127773,7.343715590730119
-1961.8408218225231,1.6892372999803573
1859.1581283495761,-13.58577805381832
294.1575961300987,-17.706079376568127
3418.160256540694,19.021985017671078
-2848.8417631438933,-8.549965594473077
-1315.84268399555,-24.31945695041751
-1848.841978933604,-11.628880537431161
-4135.840224369138,8.887455811860045
-3614.8416400260758,-7.330578260261506
1214.1587433925597,-1.8698931014581586
605.1588704955648,-3.4914062896248357
3914.1588011460844,-4.7943800761151465
-2563.840629129205,3.6640706842378314
1659.1603791934904,17.39865165767592
-181.84176368825138,-11.475173555604114
3546.159958682605,11.325282718522567
-3543.841314179648,-5.144248709634526
-2185.8394165014033,19.731230688045137
1588.1601714615244,14.429782952384178
-919.8419822187279,-13.484355716522595
624.1603627300356,16.48284933662945
3391.160960907233,24.155741152538845
-713.8402289091609,8.591288848601062
-93.8412425260758,-5.41844318155567
545.1581257166108,-8.80537386009059
-540.8428497999557,-25.408367457985193
-685.841957273311,-13.518925804293385
-2755.837687653373,42.70803488021379
-3334.842583560734,-18.53168327513113
886.1587627158733,-4.4384386883270714
-1460.8406767374836,3.656979896419946
4385.159088699787,-0.7583522232796351
-2342.8416729778983,-7.614151104899523
-2754.8381319302134,36.734863707438485
1866.15854401869,-7.624370871618325
-1187.841405044368,-6.296539999487303
961.1593326405273,2.5150446760118523
-2508.839992329653,11.66421639778689
1229.1590704885894,3.085138268282469
-2425.8420453133876,-15.321324874044972
-1415.8415406958666,-4.714911782608817
1004.157902414503,-16.43846888351396
-1732.8387348725228,28.69572107658093
4337.157950859168,-15.682546127295915
-3366.8417994847987,-8.546256886072985
1695.1584950779798,-4.971987073373155
3226.1610717262374,25.345353299284767
1337.1570010022842,-25.81282881264358
-2796.8403991854284,6.756662176838079
-3666.842035982874,-13.363810592436899
-3109.841344598215,-4.378456508903382
303.1577694211737,-14.786711207405695
-1511.8415164379403,-6.504329561339196
-3769.8411784630152,-4.050469458168722
-3639.840524861531,4.818002108009393
-4258.841740180622,-11.110038499958986
1875.1591171537293,-0.6207855738764465
-1888.8422111786203,-14.628229538820797
1384.157641411759,-15.827016508998263
-1779.8381256588036,36.69879536269129
3572.157693195739,-16.00540395042713
653.1609545499668,27.24628006283418
1452.160978703003,23.29781938401166
4439.1578093214775,-17.743801511252734
4168.159381118836,3.2956862714089645
-3476.8409788399003,-0.1874972425173107
3070.157894839649,-16.667110531119853
-2328.841015054146,1.4124477320229651
2142.1615303580184,32.36455818400375
-4288.841012756166,-0.23347104204987268
2975.1617162153125,34.324973441296244
-4327.841615683399,-8.19036015995585
2190.1594585026032,5.372920625656482
-3261.8422727483558,-18.260223895141074
-706.841308028088,-6.3554398512251815
4248.160350296996,16.262723874215162
1771.159034572076,1.2437347219725172
-523.8407595962635,5.28599976643385
-22.84176115237642,-11.507965891865092
1781.1588551248424,-3.6039416113380316
1182.1602119019954,15.376616731641311
-4507.8406397844665,4.736680056847543
1533.162030556763,38.43697780052282
-4099.838827537256,26.90710977494828
646.1579699826543,-12.649509750993063
-4532.83867441467,28.935514983207284
4225.15948319895,6.102357740239009
1346.157150537998,-20.97780252865683
-2438.842683744675,-23.3885851707449
4376.157353269809,-21.917136098027918
471.15787298663054,-12.704471618030457
3100.1582731466624,-7.897734458144989
-2822.8412803360843,-3.380591653903526
4414.158786432003,-3.751076445499609
4390.1573734481935,-22.756360210507403
3815.158774314914,-2.851484411938281
-3256.8411413012655,-3.1466476735736677
-4179.8401814834215,9.864590253767739
2102.158789573936,-1.7791676088839852
-4124.841271299811,-1.4219776620219946
3054.159987579158,15.039322791092657
3024.1589305209345,-2.629326875174347
90.15818962513003,-12.344590553203162
2019.1594939396018,5.328656406469497
-3696.8391104826005,23.84017194881193
4094.1583193845,-8.842076096673642
-4446.842156380473,-17.06273662452493
1343.1575359997223,-18.901624703251596
-3497.8413224971737,-4.244159759179945
-3590.8393813179573,19.873363125729497
3093.157280992309,-20.981084833655558
-2370.842380431539,-20.284024977345997
2548.1597255543456,9.315288337902578
-2006.8416695596534,-10.241966649468955
2716.161038595368,25.327985844811536
-3855.8414513607277,-6.167127700947289
-1552.8427058603847,-23.39712763986777
-1809.8404859883012,5.6527013824400445
-777.8427602786687,-25.397204598797224
-3991.84022177133,8.90755099265685
3995.157968353189,-15.62705140917417
-90.84232118487125,-15.679580508541015
504.1573757773149,-23.49224081222006
-2828.842384710908,-16.520399435520517
3751.1590770350304,1.1225217694334813
2114.157725791156,-18.64375392069379
1281.1588595766807,-3.5483255487218965
-1483.8390551283373,23.725768443690697
-3071.84163079242,-5.540272175582162
944.1579984796117,-15.571052493939456
-1109.8417449140688,-11.397967690051882
-3763.839893085591,12.789994642752527
269.15977611677954,9.504363344911473
3427.160121051944,13.207785418072403
630.1602822953137,15.509495511640994
2173.1577437704545,-18.6019911286658
-1849.8396957378136,15.622142693625142
3248.1585343153565,-7.707515904080685
-1969.8416088909726,-6.489797881272104
-1081.8425266462145,-21.458455039356323
-2815.8409560183645,-0.2258334277754468
1364.158892910229,-2.556765734346291
3530.1574461825076,-22.785787647606654
2656.1583947349573,-5.963440844451885
4253.161109950335,26.199132110868618
1905.158144059882,-12.63332123591885
-1201.8379140098696,38.70191289068912
-3322.841578139458,-5.546897869839443
-4144.842733496334,-25.04813373858635
342.1593784840079,6.305293235316352
-798.8387266225764,28.5597154206474
2289.157745547185,-18.737540235808982
3395.1614243203658,31.137073410040855
3823.1611874839873,28.22556516707182
2748.16125935904,28.29585680300871
1348.1583657677402,-7.83603165935541
518.158812430047,-3.460790252050419
-3343.8420233295183,-15.1881919265048
-1358.842057298927,-15.341565825445223
1373.1590754690114,-0.5362377540218475
923.1584425421315,-8.47128844987858
4099.160737251572,21.261163311468664
2454.159521161404,8.052645360211645
-1444.8411980433157,-3.3174073528913537
-4025.839278786967,25.494052208788816
3401.1573952671024,-21.802010198706434
24.159383898600936,3.533139411730481
-2352.8419156068703,-14.206273830065514
3844.159269963333,2.2009206180226766
-1111.8417887737742,-11.33922253000816
2704.1587280139793,-5.638024067637474
1631.1602639484918,15.472670194674587
3696.157744817785,-17.702739211998967
-2933.8421777967596,-17.204977894997327
-2322.8419857738772,-15.226145322513082
-743.8401848219801,9.596021425224253
568.157825835573,-16.53458400189968
1175.1578075980651,-17.588913341791987
-1188.8418173068785,-12.329318073220303
3003.158779741265,-4.698551018369114
1817.1590500221355,-0.5732494315935615
-2685.842270508874,-18.264894811132134
3304.158736476442,-3.766943243226963
-1912.8413639259525,-3.531102910907067
3479.157846666756,-16.727861150573517
3077.15724419622,-24.665385373808142
555.1623643702478,42.537550613737146
-1356.8422584419604,-16.463880098988398
375.1611222868669,26.551010676585143
1247.1595594643732,9.11404749016548
218.15912808425492,-0.4246677432996977
2447.1583272633143,-7.831295731366695
-1259.8385420537088,30.66743889808796
3714.1581223921385,-13.738779127443657
3053.1584102200577,-6.844839712880462
-290.8424418490613,-21.311677976881207
-3751.842683195602,-24.152717336727008
-978.8390259479638,26.49277121006748
4194.162073414656,44.757220497926035
-4045.842492215219,-18.378441122456312
-3426.8409116973635,1.6769143526846602
4345.158342825831,-8.847488056524002
2238.158354486397,-6.87676202856627
664.1586477542878,-4.574890247081487
-901.8417472063447,-11.482381372760017
706.1604305104702,18.417973735210573
1912.1602376282099,14.384530028407204
3107.1577520003775,-18.6992193191376
3860.1600488653057,12.240669020200231
2322.15817708557,-7.9558701778780785
1102.1578306012088,-13.793418927238788
-1436.8427263543126,-24.396712363460686
-2609.842078203801,-16.14706245703085
-3264.8418264307547,-5.677323712017726
-3410.8409887197777,2.545287852865906
786.1578923100606,-14.550151968089892
3315.1596677631023,7.291569512351813
1672.1599716056953,11.484803267376202
-139.83898280392168,25.533876163315227
-1128.8421902003465,-17.480471335273197
3566.16213042679,39.28698483438047
-3213.841543807881,-4.505704789189103
-2767.8418620597804,-8.496953088867697
3744.15726121614,-24.770413301404425
2738.1580123219173,-14.65066533540038
199.1577814227785,-17.412757995348574
-3487.8417353836703,-7.408504922619348
1655.1575291247573,-21.56744254285164
3090.1573387945537,-24.639207340339773
-4483.842582572484,-23.045868570352642
527.1589823893155,-0.6088721696113844
-3522.8409199544694,-0.18497166234296003
-137.84052891778992,6.43501544068878
-2552.842283904436,-18.199839277554503
1574.160389274417,17.414400481315162
-2290.8419847565237,-15.128379569820682
2922.158625162381,-5.679936026989216
1007.157294886827,-18.94416197500479
40.15689277090132,-25.861067890678356
-3508.8409039486432,-0.2356426920154746
3687.1575378357666,-16.97165686094076
1657.1603096650215,16.37067051313761
4011.1614270427963,31.191073946093
-677.842641311523,-20.718872586895245
-1395.8417599495733,-7.580397781623182
2745.1580543663003,-13.68278342810926
-3730.839965416759,12.828250177867504
703.1596610044362,8.432411070074783
-3239.8412069902406,-4.134607747068941
-3188.841712566733,-8.328013859135966
-2025.8416378000402,-10.196512647195323
-3484.842253837269,-18.210102686934036
292.1578909191303,-16.398563019403603
2049.158442388114,-8.581633458067259
2813.1588801916805,-2.642081116529112
-796.8409916464007,2.352705550999051
-1115.8425519818556,-17.626116678966184
-1720.8414051891887,-0.7738310962409995
-3586.84218639764,-13.464307828016814
197.1610754034482,26.457881019179567
-1370.8375320864143,45.54662167778304
-750.8411646176828,-1.5956684432276829
2012.158440283325,-6.7824363392027625
-690.8419729626039,-14.378754831120274
-4309.839073111303,24.844807958609067
1139.1576813712018,-18.547221651281575
4239.159432831395,4.25424351914439
-2044.8403174633277,7.619944820914771
-805.8411377706798,-3.4869672824941835
3370.159385581559,3.2722829439779293
3959.158468159847,-8.748620414188647
3279.157208810735,-24.74729457196183
-2646.8406406570575,2.786770449130076
3256.162344856886,42.34277950752067
-4057.8391782700783,22.885575431181337
2207.1590214529424,-1.7270232162625456
-1171.8386440550676,29.651455744890256
-2578.8387575073866,28.753515606661757
-1890.8401661901735,9.700725087271218
-3612.8415152525995,-4.428145002852602
3626.157540401444,-17.011781425169218
-4323.842415901076,-20.159844497111802
1924.1581135303131,-13.579874339443597
666.1585842375061,-4.635377957557425
2892.157764658914,-17.632693337005378
-4039.840622678981,6.620499583109133
4360.159174921631,1.2325537543125389
-3303.83954376576,18.773737315309738
4421.157826009265,-16.776299268612256
-947.841873674537,-13.459197890313046
3923.1580268825637,-12.042368912958453
-3818.8407248753356,3.698910172668583
-2380.8418763655936,-11.474500015426207
-2404.8418887840817,-11.480525180212483
-4492.839116655639,23.844792025381246
3820.1616703829495,33.28639519972336
-2662.841825949261,-12.211959002539746
780.1590123424539,-1.4993863803036307
-232.840406605741,6.466184059659433
-2127.838797220378,27.64945745603635
-1973.8387115612277,28.682846083540845
-1389.841109670233,1.3515986116513492
1164.1585337333963,-3.953941957402001
-1243.8415915361256,-7.4199475341473855
-1102.842020424956,-13.535673568403368
2943.1579832126736,-14.755023794721467
1216.1579592259368,-15.614299394309182
335.15881420241203,-3.4503224234407126
-3175.840770955081,8.274560998063622
-3380.842419681954,-17.53030989409245
606.1599116490688,11.465152979529408
-2233.8428025959292,-23.45565733505276
-1898.8375575258979,43.708351896790546
-3356.8419896633714,-15.12802723963388
-1561.8413599666092,-5.406378076350416
1355.1589895243524,-1.5635772675855169
1271.1590988685493,-1.5624963692041192
1059.157984903548,-14.596613556037093
11.158261476608459,-11.431481368674124
1966.1602300535887,15.371263775375018
-2637.842456783401,-21.2351433796845
-2221.8383297401597,34.6678985583152
-1924.8416944814962,-11.264110531399737
-4259.841350967123,-6.089296772211423
-747.84135719802,-6.383729623088629
-4376.840594360023,3.882508995406509
1012.1610168238985,24.548397129709926
-3463.841944513668,-13.39086791217792
3241.1594060599455,4.245648758176424
1949.1588167052832,-0.8002215492932168
-1633.8419885861222,-10.62543155629666
2160.158229628578,-12.63632049902112
-4203.841746953083,-11.103937588510753
2089.1574225519435,-22.70391508485289
3489.157984024496,-14.84462350030376
-1753.841547790158,-8.308189673422754
1418.159312616277,2.4377903275954083
-1485.8416209377465,-5.687315221507122
529.1582375350408,-11.494819462699255
4405.157847964205,-16.026252839382153
191.16089349624235,24.502143417070236
326.1590560655459,1.418458952431612
-1455.8397878403193,14.686534108914964
-270.8420690273051,-15.37239498470134
697.1578286595759,-11.927039125808376
-141.84193118399708,-13.438370280661935
-484.84105507459026,-1.512298338326298
1789.156985069334,-25.804039688739074
-831.8422385873273,-14.710755473538553
-4264.841619255138,-10.05688026569199
3972.1600791647215,13.265561968844041
-2730.8414566177526,-7.255414470368003
3787.160109991557,13.239515247716371
506.1571800883394,-25.46584580495712
-1026.8402629126213,8.530395446866985
-3067.841307631985,-6.184544138166216
-4197.8413748778985,-6.997109820605331
546.1577254181611,-14.811648561785276
-2405.840778381622,1.6559458939217198
1645.1604077491793,17.451387251817927
1006.1597594353952,8.475267980143302
-2853.840953251871,5.318139073952159
576.1581804801244,-12.585501324901376
1371.1589992627269,-1.5751157210702358
-3412.840316138463,7.752594091389936
4188.158688444528,-2.0234886001938452
-1646.842008208274,-14.371146719705422
1661.1580526116304,-10.811382203865097
3800.1574546680786,-22.794829192898106
-4051.8418389327126,-8.444958731939293
3796.1589857614017,-1.6609749108299718
2662.1588175137877,-2.6902276806822805
237.15876814979129,-4.455934323746623
-1205.8425828578183,-15.825712488533192
3132.1603955869796,17.321443266340196
-1855.8394779362134,18.66973905945442
585.1607177579426,21.5064209537232
3270.1592136946856,1.3099501209024158
324.1574636879959,-17.750146154714507
-606.842433892889,-18.59766685270278
2021.1591868188116,1.3745201126267599
-4370.840861063043,-0.08841890733913704
988.1595194464899,5.46761639129995
-4520.8400398156955,11.897710829230357
-3572.8414923516684,-6.229818018182239
1980.1607052778709,21.385105421464196
2818.1587907018256,-4.663972971003433
1602.1587711309548,-3.587847310904813
1710.1612431241665,28.382325326652968
2849.1585520920344,-5.836530062816529
419.1578562700306,-17.493341287188606
-2694.8419305576244,-13.31152450285959
-48.83984428079566,13.545598707647864
3895.158136481885,-12.71495700592921
2359.158758836391,-4.550783892808756
441.1581272670883,-13.492648088806952
-885.8408910662984,-0.3524836790151342
102.15760144009255,-16.72734046275029
3104.159315524739,2.2641072127788355
4265.159020132327,-0.7761954100999979
-2941.8423175709904,-15.50383773327184
-3321.841258320259,-0.5148877143519126
61.157932806701865,-15.46799133591035
1054.160067050485,14.304148292417237
-1207.841583795729,-5.66563409247945
4451.158103565802,-12.86438967638794
1226.1581460927846,-11.733396537746641
-4221.840899663337,1.7183533994852223
2894.160760193714,22.287342875365454
-2746.8403445339645,7.741599620921889
1643.158888760663,1.958359233547398
-1297.8426395051647,-23.464533929579897
-4177.837810668279,40.84067250742935
-2752.840099340887,13.38801209034345
799.1583230394172,-10.423197802808867
-691.8423332722159,-18.48999220931112
1635.1616304334602,33.42608884317132
-1815.8418878611992,-13.236465679941539
1306.1573804105865,-20.844900734845076
-842.8410020483425,-0.4871809850750193
1486.1585953004542,-4.668363967169879
-36.84198648488382,-14.417149845204856
-4517.840832484653,1.8330902097710577
2470.1594098560745,4.259586510429827
2524.157916830445,-16.56617460385845
-2356.8399419691996,16.300845367219353
3586.1591161533725,1.119573548180922
-2263.841694830393,-10.367106042554155
-824.8406140409643,7.263233276194901
2688.160821340105,23.311714218769517
-1391.841635399498,-5.636529065310641
3809.1588234449737,-3.690160144696545
-1910.8409496218665,1.5680241463573346
950.159460267867,4.477931799089488
-814.8389038597816,25.662453964504337
1735.1571049031918,-22.966059196405006
2498.161247121461,28.287067634994095
-4404.842532972456,-22.185314446310446
-2256.840573339665,4.734710453946297
-3153.842035603535,-15.309476063241767
586.1599640634377,11.526008480115374
2176.160026469268,12.376531151522071
-1892.8404312712373,6.681586205529129
4443.157398456999,-22.825029489194087
-1082.8427605832694,-25.40793766472273
4023.1610012573656,24.302305554511314
1686.1588571178145,2.94842077420315
-479.83849265112076,31.588485384277405
-1851.8404774708324,6.5097061948555375
-1564.8417921781074,-12.333382653301834
3619.15808425087,-13.68517534894577
-4153.841050870251,-2.1165512657873773
-1352.8415555562242,-8.302441508804279
3232.158635860367,-6.616301336436978
3382.1596061985474,6.319815792990088
-3985.841430372908,-7.071185198063626
-120.84223523241235,-17.51821528964885
1358.157531808829,-21.579127671656202
4079.157282688713,-24.7279921479497
2706.1592307210085,1.3215272209939055
56.15816877927864,-12.488397025476544
1391.160064206575,12.427383751520312
389.1577183424379,-18.45659317784729
2579.1613310295506,29.375493380539616
907.1604946547304,18.379058188805452
431.1593477615388,2.5886478404981084
1769.157722337579,-18.49449859955108
699.1579092485481,-16.46820845059458
3578.1623670591507,43.241445860365104
3931.159379932331,3.2579364116678384
1617.1600953508168,13.371365065755368
-1230.8396056569763,16.612572074062818
4127.1578809777275,-15.819577380859947
-3716.841368540423,-4.324025687458861
2452.1590614951565,3.0633966304028384
616.1610469966545,25.52601137118686
-4233.841011220415,-1.098016111138639
60.15925822179997,2.5538434309205087
3116.1575027548242,-20.748927288451714
-2455.84080821526,1.632336472987447
-1922.8413057012367,-5.304446954701975
-4529.83878800238,27.847590319703947
-2168.8422060979065,-17.257190656894903
900.1600380069576,16.176204512555778
-1459.840728562849,2.6773252105647334
2187.158779395395,-4.669206265326556
213.15718339505838,-25.470096309727282
440.15778013149975,-17.382344029227998
-1124.840215896489,9.610480981113243
-2504.8411357748555,-3.2588039064660563
2747.157847667695,-17.592449262568287
536.1607295044232,21.532740619148683
2378.1581498588203,-7.059636393214266
1841.1577656204463,-18.620135129288965
-2125.8425450685318,-22.383458592939988
2749.1577589554363,-18.720904694677955
2693.157443641918,-20.841220759265752
2030.1580998087884,-13.74472557942876
-68.84190586605109,-13.477134288208637
357.15905986807775,-1.454464091044441
356.1595282208291,5.472535601789431
1928.1583035707008,-11.595615005325438
-4194.842496252095,-17.46800856266662
3713.160816791118,23.20846106706545
1744.1624835536932,44.44686979442411
-1708.841407549975,-3.7195400605269304
1848.1569696746883,-25.910391030645123
4173.1601836596965,16.919101244375753
-2020.8422256833874,-18.197787624120892
2416.158229249879,-8.858394964438656
-3771.8406515161623,2.897000457420699
2856.159798144654,9.296645543435593
-3304.840876498376,4.492298348425175
-1443.8385107110953,31.62377630358462
2236.157561505621,-20.662407690228772
53.15797417249996,-14.472347945537027
-64.84070021251682,2.5912663382806667
-2678.8395608718274,17.756230057665512
439.1585719101131,-6.4640909836049545
-1727.842601480137,-20.64221864887951
-728.8419090122916,-10.705739122242733
-417.8410675515188,-2.404554948824935
-860.8425379475229,-18.566499880994062
-111.84170039696619,-10.49283880015512
-1448.8409059727564,-0.2760691097126049
1286.1577093660599,-18.555651476414056
144.1578081472544,-17.35552563362527
4275.157477948349,-21.839895779775226
-4378.842033598165,-15.050600238582843
2380.1582883356023,-7.813235769421109
3745.1579359703464,-15.771410824710463
970.1622053875471,41.39134968882499
-3108.84112985112,-0.38674667749310654
2971.161995085189,38.29491731618448
1728.1571179751772,-25.725791061632677
-211.8401789155323,9.540752971907258
-41.84037984331371,6.566446871673968
1876.1584627446719,-5.03479410970228
-1565.8415355952457,-8.479591759500613
280.1583003095002,-10.46298368255214
-3625.8415155057446,-8.164255762731031
-3741.840491137409,4.870744800128195
1142.1595671931282,6.401240657975819
-2641.8405741184833,3.7650845210893067
-1332.840568663436,6.520487550223569
-1611.842562279955,-17.654349984500584
-1568.8425410158816,-22.32352104441242
1832.1604202857707,17.365303017617926
738.1625161074917,44.51297811318993
695.1612603809335,28.446380110849333
4041.1603706507594,17.21803956724792
1145.1596822706051,7.381484104432035
-2849.84121667844,-1.484194225892539
-2033.839986144274,15.40175717118233
-3993.8408801674377,1.7930615513482575
2972.1622864025994,41.36958755863333
-4030.840695565217,2.8445092463762798
-3838.8417268449557,-11.060643696484139
-548.8388925725594,26.61648292092744
-2298.8418649699306,-13.274909294753595
570.1582954744808,-10.459150002648403
-3697.8413633612217,-6.148749153210591
-979.8419387032627,-11.591613699618094
3891.159741014184,8.299254485824994
477.1590396029642,-1.42459934001001
583.1592697740416,3.45468044839353
2231.1593865097966,8.032856624795144
-3722.8391491101356,22.849464115447752
1052.1593802876305,3.510327858668461
-1167.8402423641528,8.652344161065601
-3006.842149184551,-16.348036471155464
-291.83992606343236,12.548853109792349
1245.1596114474232,9.118145303311364
200.1592122776783,1.4858666100503921
-2720.841356695106,-6.292487638674713
-2628.8414912582957,-7.3600490942759045
-3208.842313002562,-18.336750822882692
3207.1591851922567,1.336767212581142
1618.1584683028632,-8.606720972507022
2841.161266076786,28.345297204986394
-365.8418701554765,-12.485208840656918
-552.8407331843628,3.4853480645757298
-2611.842884925718,-23.498103621978622
4040.161329422961,29.23734248064367
-238.84235133964103,-18.511138424540235
-1053.8402055472834,8.633489009668414
224.15783226012718,-16.56983515503193
689.1597739529097,8.414946061964985
-991.840485022869,5.674203746834488
-3458.840707005642,1.8397222676789227
2668.1601149788476,15.202378419152302
4394.156906676886,-26.12531787051674
-761.8427730684052,-25.354323458948862
2184.1599192535505,11.37365729455488
-3122.8397335367044,15.812396676279237
3156.1575091710547,-21.63548605315139
1504.1597850424587,8.437267736829993
-1889.8403461473063,7.67650707635751
1808.158525161154,-8.559321051946272
-2299.8424838267965,-17.578772230514694
415.15869054192444,-5.435337047567565
-3005.8409205882926,-0.28604862908377804
2742.1589110312634,-2.6769072607449216
-2629.8405889366404,3.7101151780928205
2895.1611797726364,27.3222347509015
-1127.841761181131,-11.347594515132313
-3813.839637817291,16.826154640600393
3926.1582726020133,-7.090109500261322
-2991.840833585011,4.457075005971381
-4307.839065770444,24.858961208555606
-1155.8403108756174,7.656273950042076
1029.1597410310642,8.419063021913042
1035.1577464194852,-13.038288896523177
-1492.8412463336717,-4.291404711314142
3603.1594741899753,6.1594654988847495
4306.157219591958,-25.821321730135658
-1682.8413784364238,-6.278133175386237
3808.159570710617,6.261924246924998
505.15727026958484,-24.57176022670115
-3134.8417864024523,-12.212949737603504
-968.8406879654503,9.125714455370593
-1472.842647106212,-17.716109180432262
-3561.8416452521924,-6.486838637804929
-2460.840526802349,4.753463906030722
-2292.8425383524736,-22.267983827236886
2726.1573099478846,-24.708448663379606
3528.16077999142,21.31857262815901
3842.161304817535,29.25494364269123
-3673.8404101999477,6.830151005369164
-3168.838827161875,26.87818816345476
-4004.8397856113734,14.886557117958747
-2690.8428103505867,-25.2134210484748
3039.1582681900472,-11.695410910061776
3716.1587267841096,-3.794343361695641
-1703.8403941515135,5.684850639794179
3889.1581455029664,-8.98412999590174
2779.158868798928,-3.6577027174578625
1045.157687494182,-13.998808871759095
2386.158264724305,-8.748479253294247
-2569.8420139922528,-15.364022836791946
-3870.8412077447865,-4.112587210020887
-2442.8411974963383,-4.432299046742234
1122.1575986017124,-17.867387071235928
221.1585505704279,-7.43428530480994
1733.157400414697,-22.57636639156253
-3583.840853058733,1.7979675020820522
-521.8411102037644,1.2182305537066185
659.1605826096493,19.500574437278864
2135.1591703420854,1.4153724077710077
-531.8424374625902,-16.686260231678528
413.15944023092743,3.4317274379222926
-1408.8416627797997,-7.5630309843887735
-772.842540107551,-18.68068881339322
-1240.841704760678,-11.44533472523075
-136.84124656411586,-2.6394227866612257
-3776.840707307798,6.505062847385888
-1757.8394196152221,19.69775234300929
601.1604699734598,18.517094143784895
1531.1606026622467,19.425361500911087
-3379.841634861543,-7.332836704533841
2677.1578736266238,-12.951038312738437
-3086.8410480479943,1.5174638957813862
-566.8407933879644,1.5741079627994488
-984.8422435565735,-17.41378100755074
1215.1584445325425,-5.867876739148468
935.1614232989959,30.48815604016115
-1844.8395648065489,17.70296099733364
2784.161133050511,26.294206559980445
3521.1600868071546,13.224664438190393
1338.1573394933948,-23.588500742813437
-1479.8428666317486,-24.587484970524265
-2719.84027028369,8.664686865265965
-1438.8424363647937,-21.321366855285326
354.1577244513319,-18.55498542545285
5.158874026441481,-3.403598652751845
2133.1597813176923,9.392914300644845
2385.1578857703134,-11.904719186067968
2143.1610840930953,26.371392872046307
1705.1594710338977,4.436923147621872
1481.1614919059211,31.42947768416512
3385.160482811625,18.33310046010144
2053.158907828096,-2.6788708113033346
3488.159972899768,11.297605048529446
-122.8427719027386,-23.59808031691452
2718.157372827234,-23.65402421703945
-1269.839934620075,12.623419341922366
-908.8412048969767,-4.526802915572118
2181.1584479407175,-8.59654690315024
2722.1584446873167,-8.638088659554873
2788.158340511669,-10.602717955497486
519.1589562785812,-1.4810759796815507
-3547.841708138585,-8.318721156135082
-1718.842077052861,-16.24932277605356
-803.8418889491004,-10.632966491756388
3698.1578628529096,-12.052742339798248
-3132.84166337637,-8.348231589520413
2921.157536412182,-21.800014222463837
-1462.8412341978983,-3.488689432523892
3471.1595535417437,7.210680594628165
-1805.8379582072375,38.70143709048691
-54.84113976312801,-0.6367663019116385
4420.157750926912,-15.154363248784705
-1549.8416551514529,-5.628682722818653
-3642.841352761374,-6.125249717894347
-2735.84170947253,-11.282686376888226
-3382.842369938735,-17.39864699639623
1681.158831725479,-4.558520545686243
1851.1590595868765,-0.5191592589271901
409.15926595719066,7.128594033695045
-1521.840237753524,8.713018092984848
-2691.8403322250233,7.786188622341875
-1846.8416246895795,-10.347299471210711
-853.8405553284101,4.639859754138923
-932.8382587209926,34.58815950555356
-3936.8407243177644,2.896982209190016
-4026.8421270559193,-17.174274639580986
4429.157482100942,-21.855035348878125
-1113.8423452359857,-16.584663762137644
3307.1586596460547,-6.7343918348984335
121.15834971878212,-10.447004189455235
3774.160123384965,13.315215804084259
-2644.8414776041172,-8.239376329990574
-4336.84220833797,-17.1673291798951
1021.1581367091858,-12.495459448249338
-560.8400036773528,12.56416727910249
-3597.839210709848,21.842756842152944
4415.15731453948,-21.042159193798447
-2137.839037593396,24.710260710438817
-998.84206705814,-11.66537357812263
-223.84254373499425,-22.45342066759906
-3814.8422582070343,-18.057558596360398
-3535.8413984655053,-7.099535374929102
2531.1576359258033,-18.675300620124027
63.1598688889062,14.1662184510522
2580.160791320668,22.360344541939263
-2092.841035651858,-1.2813593796709473
673.1580513795489,-7.960706829284549
4315.159839243046,13.872179147517427
-519.8414383576601,-7.3213322415613
-1062.842087932513,-15.438956010818671
-3093.840909149265,1.6767977822274975
2504.1581225998234,-9.00259130312841
3511.159850720782,14.84546189587227
3920.1595358094783,5.346719912906437
857.1596893903916,7.560823191588861
2350.1586456903606,-3.7795206797213066
-3424.838577807066,30.81861112902554
-222.84225871413946,-16.538809959790058
-1729.8388924422907,26.684532540977166
3890.1605361985276,18.29183085155681
2384.1582628394826,-6.912366172398249
-4126.841404466541,-3.5004624709040257
2251.159748826234,8.363997306432504
-1506.8398300818517,13.725685695039461
2100.1582977728103,-6.933940875696766
-3679.8396798189497,16.838062081997286
-2059.841144406062,-0.5147706225555417
2797.158479006728,-6.724153649697281
-1557.8397151927347,15.67054171252042
2551.1602733323816,16.237543289570098
-2723.8389446366346,25.714510793313472
3492.1595140029676,5.249458146771291
-3162.842419583816,-20.271009382376597
-3337.8409755831235,-0.2242390248634596
-3028.842476454389,-21.37652817451577
3110.158048642217,-14.680066712729328
2811.157853055338,-17.618652339418645
392.1585378240561,-7.520980847636761
-1791.840038854105,11.716993696278491
-241.8397010997287,15.58300837945013
-1773.8402347740484,9.623925832124064
2054.1604842611705,18.32721155305984
-1349.8386167583521,29.671467125086664
-2893.8410993435537,1.3832578738082972
3158.1579267210327,-15.730990985038833
1410.1577927892213,-18.471549129121954
1927.1597402732586,8.364047477154243
4029.1600363887264,16.85104159805531
198.1578187905834,-16.531450362592846
4106.157888382499,-12.973325720640617
-4461.8411553410115,-3.1919078542202968
-1536.842164997477,-16.340098005339055
-2312.8398847978096,16.51401956699104
4065.15865685232,-3.8916989188599738
1084.158091855992,-11.671618763251995
-990.8410225067055,-1.353382009236208
-3044.84171911882,-11.190839383334913
33.15751817479031,-16.757129729973343
-2607.841987864056,-14.335045494158535
-1804.840868072526,-0.38406613783366783
-3952.840559206903,4.871568058350867
-1179.8394777635112,18.5510991033021
-1685.8412796701887,-1.5861247088591304
-3842.8425583115313,-18.370649063517497
4391.160407016228,17.136041478475647
-538.8424809713033,-17.650280121945826
-464.8421497901436,-16.472752804953842
-1635.8411488038255,-3.2716396927675433
4314.157602987718,-20.837605807398482
-500.8407272892655,1.618556052113414
3476.1582572829793,-6.9967792027995
-4040.8388479615096,26.877186723114995
2045.1585841352935,-6.575825240581972
-3996.8427559840493,-24.197741207147644
-1150.8394125620252,19.557511528599086
-466.8390799005283,24.564322463843965
-1380.8421102222055,-16.424825445964693
-2597.8419225317193,-13.278141691618965
186.15831254358636,-10.468451666206718
2183.1576773078996,-18.623198626709083
-723.8414072110318,-6.377709742398398
-3961.841879103391,-13.133176044395153
-3803.839469838538,22.55272281471982
-2920.8418104075245,-12.22019651125838
2255.157817462343,-12.981117904515845
1872.1589191568783,1.0485176862258179
1263.159038070531,-1.5264964064050925
-4080.840706862684,2.909915419105115
836.1615738736582,32.49240195898757
-3638.842542463739,-18.48692175367289
-1747.8410678752116,-2.320510839650157
-2968.840428145253,5.796347641355853
-1271.8400198250893,11.668786772556428
1491.16071379598,22.345981369851458
4378.160922221781,24.23046869255537
940.1577755944454,-17.505990917949077
-2122.842614083085,-23.279350204702105
782.15956714598,6.4654319325353296
1938.1621176457847,40.37028118746685
3756.1585962064564,-1.2845130599034933
-2390.839371068112,19.74135223412774
3886.158264531812,-7.057760426494328
-379.84196359018097,-12.575520558227181
-2539.8422082352918,-17.327189289911946
1146.158880984236,-2.608021415597901
716.1604637968121,18.485082125278943
3378.1592584408936,1.3210023705886886
-783.8422547968221,-15.564994351928428
4432.162569394452,45.21935982329833
-2120.8426140904194,-23.27950362242911
2800.1585081816884,-4.00978152591805
1622.1575974557782,-20.571647286507975
-3185.8412241964834,-2.2901205329774434
-2774.8382528635557,34.775277976675
-3707.8408903621603,-0.12542525182590403
1677.160124653019,13.392143672221676
-1451.840020945936,11.644741242264265
72.15745277295355,-16.803940675043947
3832.1596629626583,7.220028874520283
1510.1581625369145,-8.897745134400806
-1424.8404394872487,5.619334729519412
-3271.8419136368902,-10.43662063463064
766.1603147216374,16.483133469787
728.159435756912,8.163052505183332
-4352.841035152436,-1.1542364526789495
-809.8420770945959,-15.424385798370816
-788.8411075400072,-0.5550808578246453
955.1577539490536,-18.50087607469565
-3411.840999520966,-1.2504861783068346
4422.158891434956,-2.8907821551021256
-255.8387726022047,27.59479863566532
-1430.8409906799789,-1.2778680717493431
4236.160003074736,12.224297182212153
-2196.841251255304,-2.430898706024564
-3956.838972897909,28.604028103951592
4082.1580573229003,-13.824469621455451
-957.8422329121386,-18.47716669635499
-1931.84159833804,-10.350263193106604
-2625.841432800109,-5.37373162556417
-4368.839921755192,16.582119887326485
2897.1618036046275,35.31178497178455
3317.158397913794,-6.0808299507347225
3398.160002389457,12.314658460146278
613.1613011847949,29.48948786074073
2581.1575285874424,-21.722421659691353
769.1590351650957,-1.470986539405529
-1583.8386754950625,28.718529114981095
-4218.84163148253,-10.091945150714414
-1235.8401548056863,9.635515942412946
-229.84226964437403,-18.46845541184421
-1106.8406861434923,2.665149440292982
3294.1572120105848,-25.665454609313457
-2523.839669070032,16.759064979432623
-3805.8425622131326,-21.241334655366288
1309.157190062746,-21.964461004326175
3954.1571018872783,-25.8892452320843
2614.15877551795,-4.617163044882245
-3023.842938248301,-24.561092423188697
-1524.842171035416,-13.527956276166602
3278.157441489864,-20.886095444414494
-2433.8424019986414,-20.423197126172735
-4213.840708275442,4.7448340446334605
1399.1584315189975,-4.852701094844543
-1721.839950900874,12.733157829074012
3467.160380198329,19.10304184344058
-4190.838796838361,27.77015790755147
1654.1610864930553,26.416863051508905
-2540.8378142093425,40.759055909280455
1752.1588152981712,-4.612150880665364
-3056.8411959933583,-1.4878450930282954
-3273.8408442492946,2.6832725714973495
-96.83937110105762,19.590630741442823
3472.1599589227117,11.262385583675423
-1989.8410112631973,-1.2603347644899916
1581.162449221476,44.39540060906125
1477.1588892433792,-0.6878702730706205
-1264.8386697395472,29.600262356846777
-903.8418552597868,-13.445084507374911
-2551.842273371236,-13.628873029771267
1715.1592998912674,2.422580393803038
-1701.840991398727,-0.3394236138842377
-348.84143498860067,-7.434174810870585
-1885.839429768792,19.728319006370818
-1369.8417986718123,-8.581138092850516
-2016.8421754020965,-12.607220028571508
-356.84225000964943,-17.503191287745935
-1161.841496605426,-6.420765471837427
-2872.842212376476,-17.227453933384833
1368.1586696941522,-6.578338691060794
-1867.8401975570596,9.670824271243243
3542.159928949317,11.246593261857685
3637.15868977044,-2.0943113271473903
-1010.8406918041292,2.683217688259189
1979.1605627600802,19.4381863713986
1393.159784183721,8.412129278934218
2449.1574597547296,-16.076908189003454
1402.157383665326,-23.605880804766294
-497.8397641607444,16.44218606761178
1184.1590654667234,-1.5150660233879165
-1174.8406900484115,2.5438645771325987
-2080.841400686186,-6.259324469772226
-1920.841314955207,-1.5665854943730304
2185.159265564347,2.345562902460806
-2476.8404085791553,5.608472337109843
4031.1625790986,45.25870169634731
533.1585631013149,-5.559992383381594
-4237.840528182976,4.92805588357718
-1870.8404294769862,7.554808694664434
869.1613018763601,29.38099775045194
773.1580917343381,-13.535620465595901
1800.1607515179785,21.45117670487665
187.1585403859499,-7.417454290486826
1916.1577553790412,-18.54809568222958
1558.1591149257147,-0.5360392391771702
-2951.8416050392552,-10.170288126057063
-3883.8424246734357,-13.651687438806421
-3390.8425596693996,-18.424256461523754
1853.159378409211,5.24565053638927
446.1578117690515,-12.770074709057884
-2601.8426407089573,-16.923857295424824
2434.1579167155433,-11.025853190326144
1633.158447498572,-8.509336652857487
2982.1572701201076,-24.77979731294095
-2700.8421867030556,-18.251220681850832
1473.1600092406152,13.262749515454148
-416.84075646061683,1.5788978979798287
2782.159309374867,3.2720320179086944
768.1579790271935,-10.802725375155836
-3279.8408907190897,1.736052823084103
-4331.842116369575,-16.12010659897383
1891.1586932981736,-5.547585533325279
2075.158706271788,-5.636840433392549
2501.1623861998087,43.350406671405
-1688.8418983061565,-13.303185069042213
-963.839815891115,13.533871696517833
3801.1602068918874,18.89400828646523
-4192.840736513317,6.4694438633852975
-1893.839008309471,24.723296886366597
-182.8416720314417,-10.430113511575698
4095.1586192615796,-6.684758704578394
77.15774007077562,-18.510644539338557
264.15805658110185,-14.503475740956286
-4006.8418263673084,-11.201458322348117
2284.160969540302,24.397459072278572
1583.1623297464103,42.43477423475765
487.1595246407669,5.525007927183751
-459.8421689977404,-11.815449230443447
-2160.8420515970793,-15.291412952742242
1494.1620958416606,39.45120977437954
-4419.839959014847,19.34794469514427
563.1607848409913,21.549785951702376
1032.1586736831814,-5.555925147403688
-3301.8395928573445,17.792982599798115
-3222.8409996181726,2.517374438374148
3651.1580383314285,-13.727712858688037
503.1575259914389,-21.495512362016846
4409.158949425619,-1.766182592008641
-2470.8398459112504,13.653967543547703
1529.1593101361068,5.248500581177497
-2768.8423220731784,-18.28161417546845
-1829.8418027773732,-12.234692118299698
564.1577254031436,-18.58965722975222
2124.1583542586304,-10.63002102109013
-4049.8422714050976,-14.554584186139705
-819.841278244101,-5.353784080559665
1547.1602211165591,18.146708403781346
727.1602923730388,15.562014542622533
-4054.8421948953182,-16.24643241900674
374.1596993696294,7.4837147064528295
2569.1602891806397,15.341638374933622
3707.158149688912,-7.164908876932167
-4465.84166526841,-6.442681224772425
89.1581225063419,-13.364082110640084
2740.1591019544867,-0.5659529058031323
763.1586515285308,-3.6577837133434397
2126.158600535535,-3.8190877418113405
-2416.8419107049704,-13.401835407817615
858.1585110235028,-3.797351079656969
-858.8395710805198,18.52371643891786
-3253.8424446395948,-21.3002577400189
-536.83916609874,22.63023266052808
-4497.839508825564,23.49454193306746
-288.8404150840943,6.586906592522089
2343.1576994037605,-16.8092454311288
37.15791878150776,-15.441034788892171
4116.159185793542,1.2576266267426863
19.16025841998635,15.529118555817893
-3886.842728645657,-24.13053789692244
-1215.8395188814611,18.5380597782668
3947.157288481656,-24.743298876829833
1351.1577396839857,-15.777906850561655
-1261.8423138746875,-18.416937773349865
4293.15857032442,-7.715613716650271
-4451.841699156328,-10.09712597271157
-818.8396735328715,15.620922849613878
3016.157221857051,-23.864301738310097
2148.1576077759964,-20.667481053472372
-3179.841076926503,2.432313820973052
3300.1614228277467,30.315321196763257
-597.8425086590578,-17.71776062060016
610.1588846066734,-2.51246160724945
-784.8418648723164,-13.372264962932686
892.1611073690583,26.445768525228353
948.1595536106033,6.431868115721551
-3346.8411831808626,-3.2225729736923423
-428.84150084946305,-4.656434498249553
3693.1624646263663,44.25315518400029
-1715.8409272910212,-0.24553874281512922
3129.1572620431543,-24.738915015237062
-2986.840994309692,1.6162756598355958
-1627.8414873944712,-8.316467021606526
136.15984081703937,9.566713317881783
-669.842582733545,-22.432817070107745
-2812.8413169200066,-5.238113481204206
-397.8417457296164,-7.696904695525349
4068.160575376125,19.21364162273772
-967.8418644087506,-12.348594477022317
2528.1576275018742,-18.680779451812217
4325.15971293475,8.212680150170051
-3709.842721760622,-24.196273866401015
3052.1581163925002,-13.69370681808395
572.1602900448488,15.46178612508542
3505.157671716297,-18.751467668523357
2590.1616773888236,33.42470291323504
-1166.8398199427756,14.640468919875586
-3615.84152068611,-5.426343068103904
-1508.8419386547175,-14.377269387770104
-1152.8399673033273,12.627370135956388
-3299.8413825455355,-6.269389984774929
-2090.84048341529,5.674903524541074
-851.8411635300727,-2.40490459568517
-1820.842061596224,-15.25332087841161
1365.1584534474532,-8.560073982101848
-2530.842408226861,-20.340845019578566
-1363.8410567323444,-0.4901292062261824
-3012.841919176164,-13.33509968167277
-644.8426616988145,-23.406981412045806
-1811.837773393374,40.71592918389785
-1382.8420835308498,-15.279949702080458
-3889.8386191396276,29.890672193670163
2377.158643210365,-1.9039860483540467
2108.159461091971,5.303029424717137
-1198.8412178911967,-1.5141137237996674
-3008.841807214485,-12.297392840506939
-4294.840446871123,5.8779487073710275
4374.1601911880425,14.250697857795485
1556.161256984109,28.350881205890857
4053.1589991030633,1.0186861778420173
1746.1595760341152,5.3926075231361335
-1304.8426270179916,-23.369279293198176
3611.15958448546,6.309774558592338
-3294.838343568961,34.70950036199005
2840.1577599626617,-18.640217067736103
2328.1579510976444,-15.534694244202576
-4476.840483728563,5.951669879946618
-450.8422567812959,-14.616602133565426
-3724.8402424140368,8.894149151446273
1434.1575682240655,-20.62696643201942
-451.84253409144003,-17.67277770639025
1314.1596695354674,7.34651481218545
-611.842458419269,-16.711481641060434
512.1573340448667,-23.495733567117757
-4212.839463932265,18.933061279826646
-1295.83952347195,19.317862587798864
2091.1598076725495,9.420508952965166
2802.1579559218953,-15.679863179249711
-1971.841691405978,-10.290235321945365
-1649.8407645586412,1.7339087813671927
3446.160406812094,17.293653412564204
2152.158673095226,-2.0161596205013375
-4202.84023237339,8.834710463429682
842.1596200302592,7.489836675104399
2163.1595104201697,5.360983492480152
-1266.840291078086,7.680066666190669
-4098.841891724733,-14.050062142986794
-1906.8425401020213,-18.619363145286297
-2351.8421118535916,-14.395470121878297
-4272.839581747132,16.855249223994782
-2749.8424049920286,-18.405483427955517
1527.1596954534762,11.159961486362397
3493.1608216625755,22.313414497340965
2374.157550987613,-17.032223700603623
-817.8402982726693,7.580266902192351
1911.1584663606482,-8.541894953367942
2866.1607176213874,21.294906143214206
537.1583163255127,-11.473714911895357
-1333.8425597096211,-22.412465297695135
-87.84146350657102,-7.373823054479304
3233.1610694294213,26.23304292856144
1603.1579452212318,-15.538971987478625
-3554.842522779887,-18.41484447416947
2510.158255744027,-7.895715827812005
-937.8426099551725,-23.39965586239505
-2053.8404657943174,5.769288845668079
860.1593112380942,5.188347470937414
3326.157155814464,-25.833469366964565
1664.1592903189012,2.3636803667174178
-4038.8405454139574,3.950164079109509
1616.1593751763576,3.480676325965913
3014.1579867015826,-15.817192922750397
2891.1601807611296,14.269702751629135
-943.8428778179805,-22.779232333884813
4184.159777950321,9.23330843110469
1783.1608574595884,23.308511091089123
4183.15777650784,-17.832348561787565
1973.1578005722258,-17.588808216609678
-2197.841136529576,-3.215037163325994
-1813.8422456615954,-18.278158119989595
109.15887288446538,-2.437640104646852
1620.1590648439596,1.2949648431316572
-4211.8406049232,3.9270886309993394
-3811.8412415418425,-4.106977288443623
-4340.839589239156,16.915496587857554
-865.8412171278032,-4.465246895872625
2736.160687435069,21.348298332217432
2129.1589019394014,-0.7199604410853286
2132.158235983632,-12.597473966295869
-3159.8413594806334,-5.219614906416765
952.1578566882527,-16.507106699296514
3902.1601913850754,14.286257489911554
-403.839530543657,18.57164300385825
-3342.84058867977,4.815439986851461
1561.1598839493236,13.194339883749953
4290.159001117456,-1.7943102793460861
1543.1609644018463,24.435793688482057
2910.1596932653338,7.329067425823572
2193.160281852819,15.364167259124772
-964.8414714097162,-7.372663086553377
-1904.842321245349,-18.308268953613265
-1987.8405559721868,4.76125525040019
-4344.838915423839,26.858451177844906
219.15906803047983,-1.4048769971800494
819.1577760143555,-17.491458747861003
1554.157683218189,-18.584167955432502
1762.1585417137248,-7.552771765403197
-3031.840990737255,-1.2351592568629863
1034.158489275258,-8.689918170908095
-705.8427794224117,-21.633148900970923
-1446.8416965383803,-7.527999343529009
-3618.840601797274,3.856167976080167
-2661.842712885118,-24.320773237015636
-1624.8414608315215,-7.288347904059367
3788.1579425263917,-15.764726688904368
4064.159727486607,8.206319700479721
-897.8405843375949,3.5632260929796296
-3419.8419897404965,-14.170123309578113
3071.1575905859354,-20.68344538117948
-670.8403835584177,6.598928608166133
2890.160032461863,12.38046917205891
621.1579450657009,-11.775948401538596
-1955.8394220180344,19.696088725147533
-300.84038567647804,6.588263710281366
489.15927268529776,5.244398341179144
-2946.8397564601037,18.440763815646612
-2568.839998567477,11.652699598613234
3606.159216401109,1.2998525667585792
-595.842080412549,-12.634883518241853
-1031.8416401602444,-10.4036959865281
-1879.8402748469962,8.700145108711693
1984.1590085755452,-1.5517609711198057
-2617.8412950939965,-5.236987174759376
-3862.837806458643,40.84011082539982
1534.1608693321468,23.39559902388521
480.15828161814716,-11.495368164264008
-3195.8421047517913,-10.608237795896779
-1051.8419437626726,-13.478455887538388
1725.1571916273679,-25.640918064647828
4399.159094525618,2.9842053055341786
196.1579811826232,-14.53547581365653
249.16062404593686,19.523703556678207
-1192.8421087228926,-16.335076162432635
362.15905423037475,-0.5019278945794348
-1237.8419835701352,-14.376560219960343
-3894.8401556866593,13.58081801902671
3220.1590858465643,3.0234354054968264
-2085.8418670485844,-11.375068760138298
1884.157778917055,-18.528548739616326
-1182.8381848959834,35.61284911196499
-1598.841077931982,-2.2511654211845897
243.1584004276665,-7.55692601144175
4229.157263630594,-24.920958958119627
330.1578168247943,-17.40565381099149
-3138.8425426637987,-15.661054235251758
-2573.8378591677756,40.69779417517271
809.1619338320452,37.433719938267444
3689.1584376606625,-8.70585149736835
-1622.8400036312523,11.72145225848683
-599.8403454308864,6.584513812764019
-2525.838213613024,34.71115432830434
-651.8413870515069,-7.3670200717899395
-3555.8405894924654,3.8948929089878153
-856.8407177584013,4.3447597598547745
596.1610440775403,25.49816514349358
3599.1587635874166,-5.6538792424640505
1522.1585184902651,-7.586190876278921
1242.1594459670014,8.075770406406226
-3510.8406998617575,2.8720100919870184
-2936.842754137586,-25.33303579602501
4307.157510933699,-21.776583407137963
275.1571743286331,-25.54374261457899
793.1581135533634,-13.482846997330164
-4289.84116397443,-0.39981146024600456
-1274.8405001595384,5.632032432507058
-593.841448050749,-3.6814220169834595
-2776.8400040528504,11.778186078370231
1136.158342195733,-10.668196909110884
4136.1581522069755,-12.837113891853683
-2541.841580423177,-8.497755644183075
4164.158568615967,-4.143325014098599
3569.1610323041095,25.276535438748397
2571.1592639639857,2.273702430009635
1062.1606241132831,19.497030207838698
-4522.839583147899,17.903587609627166
2505.159576307866,6.338742396651467
987.1598245416535,9.478495507134996
-4315.841482904449,-8.017658040026658
4001.157015641511,-25.003705206988002
-776.8422709039296,-17.557757864841964
-4274.841248003417,-5.085170511925412
364.1577339703217,-17.471458673512043
340.1588176233927,-4.419891256163628
-4335.841203490156,-4.151208579526514
-3318.8408480045036,1.7934077919046576
1469.1594107581768,3.449734383232091
4262.158131700999,-13.828342082866097
1403.159308149654,4.29714066596077
-4155.838368264842,32.90706965360223
-1400.8387885325355,27.691977680018717
1612.1589102555881,-2.497477581889898
353.16010376880877,13.442245818902697
4113.159537299362,5.324728582384489
-739.842533151852,-22.498466400300714
-1074.8427719169413,-25.330313584672695
-2855.841946710949,-10.484264590522423
2472.1598106829915,9.358604571891314
470.15995633986313,11.50121937569901
-391.8385934094549,29.59621417823442
-2744.8397101561422,15.798037069691174
598.1587011953234,-5.470282246286628
-4255.841001342342,-1.1066396278102806
549.1621066952939,39.51846663615233
2044.1593269925797,2.3618336981986836
2867.1583435718785,-6.888328214742355
-632.841011826531,-1.3983414139046895
2457.161174608278,27.375985067837185
-744.8430435436894,-25.638617762933734
-3233.8412436463404,-2.334389874938272
2774.157910052396,-16.698150039371896
2517.159805770789,9.353211287799171
2815.1579838310718,-15.643968685595915
-1586.8428032979136,-25.302498056576532
3161.1572145522223,-24.763675224930992
3085.1582912704325,-11.712158673602874
-2187.841878198553,-13.374483349518021
-1909.841448368854,-7.228350546899739
4187.161866103997,38.080381841891054
1638.1591737096896,1.4541436643884946
-3616.842435227358,-16.511081382536528
501.1571898717084,-25.544346963054586
-194.8425186702516,-21.42959856665686
-3859.8425283067627,-21.282930134368673
2903.1587207810953,-1.9852065810668185
2065.1609916578163,25.396593074269646
-848.8411696798867,-0.5953814595930487
-3916.8375008651055,45.76314760989208
94.15780720266048,-17.528780582944748
1632.1590250284644,-0.6099744630595714
-2994.8418850246817,-13.204475270048583
2588.160371501872,16.393695314311422
1880.1584491990507,-5.912362595030626
2161.1592688112287,1.4614757517120456
2731.157261315966,-23.802104954805074
-3102.840593202971,7.5469830258958766
-2950.841427018924,-7.2700537366622315
-2357.841336916492,-2.629506185038908
108.15774393634638,-13.726704845213355
4297.157614580472,-20.781027289793872
-3113.841328399605,-4.288737149958488
602.1605941557209,19.495282682286735
-3861.8396629456547,16.8127097912124
-762.8426612647017,-23.397929766152554
-3990.8374237718526,45.84949358060506
2400.1590657402994,-0.6563621487830895
-257.83894132525893,26.514278335610555
2111.1581136333407,-8.888076394001885
3644.1589908704045,-1.665057131588541
4339.1585550201125,-4.995216942536391
-1816.8419260915834,-14.195027035797914
2577.161414371105,30.382554287721106
870.1588741822052,-2.5210021786346397
1903.159703139041,7.4316355662390965
-2182.8403937830008,6.709186068135031
368.15762360580266,-20.43224824652087
-3129.8417844449286,-7.5398778703561184
1766.1582223891164,-7.838719346667551
-3225.8404339358094,6.767424030469854
-2271.8413879999425,-6.259124740558537
816.1607639415888,21.468279753627584
4075.1577987039927,-17.68005919730196
2886.159959370445,11.32349884374115
1572.160753624281,21.462446353458674
-4027.83870262478,28.887978527033127
-2093.840579628013,7.47622639038981
3502.1576617329265,-18.806980487805973
3810.1587235177867,-5.697292361330572
-2199.8412244243664,-4.269641774848891
2763.1604946769075,18.368393839097017
185.1584911814425,-6.613609287031568
2301.1578662868706,-15.831220339439396
3937.1582676360267,-11.801586006985762
3023.1576257643173,-13.158679612049003
252.1581596196629,-12.494851636695723
-3762.8391353123006,23.835244097384695
932.1612880063476,28.511212866706664
319.1601436312776,13.528086426845386
848.1584295360371,-7.5704398603737735
3403.1570905903936,-22.98463057262738
-3641.840605082107,3.7753793768651622
3759.15740814351,-19.04039954355656
2084.1586134192767,-2.9329473606137446
-2732.8419200045755,-14.193134026119077
2720.1574479250703,-22.655851764096596
3101.1608372932533,22.3723838293157
1099.1575075059664,-16.845248500930083
3884.159570252523,8.134456862236993
-2205.8407205110416,2.709117723874897
-179.8423847235972,-20.47817334759849
4350.157884597313,-16.786379953171725
-1319.8402664236492,8.593920050513566
2071.160748142109,21.41058356812222
-2707.8397211978445,15.764804439304749
3585.15926279244,1.3855346425074213
-1482.8395718936226,17.60418553737933
-1793.8401813303935,9.594960083360343
57.15859834430739,-6.418266013117998
-481.83938375482103,19.52934872814361
1408.1595588662312,6.366529432610715
3792.160439103667,18.219050854822207
1367.1595189881627,5.2702126605517154
-2964.8408464305685,2.5558112322462367
-2190.840164669731,9.67869810073327
-3871.8410658693756,-1.1855979184280399
-2684.8420397031005,-15.143937981243543
307.15952068776824,5.511785815335413
-2651.8415427670698,-8.19640731140156
3965.160250418354,14.32349596189587
3831.1586113124504,-3.0090536098317706
2344.157919501129,-11.911709867188264
3712.158334500564,-10.660665104495552
3335.1610700694146,25.202500008644478
3718.157924844767,-13.011313428062788
134.15863309009,-4.681432654164858
-4472.842558027303,-22.1972251184284
843.1585616902448,-2.8161767997129807
-954.8404960293556,5.582053297323965
-293.84124948555836,-5.304017421814555
4151.15938698285,7.833417106232373
-3145.8409354677424,2.5595084719403047
-442.8422045423649,-15.563941603799258
-800.8400066444301,11.575265382971532
-3790.841084190819,-2.142113974353352
-4435.840572182846,3.976731979328095
4404.159750063089,8.20587940506325
1919.1590688579017,1.2323306495882278
3192.1617058399715,34.32074715201903
-2536.8412806991255,-5.269395468488733
488.15957222814905,6.469041326503326
-1817.8404412665404,9.387213802085574
792.1590393423103,-0.5217208600928185
-701.839749675768,15.571983911875838
2525.1583995411056,-5.917075479532172
-1630.84106522589,-1.3425488624058115
4425.160716737097,21.23506680044587
802.161837945052,35.532430852197194
2117.158860387339,-2.653260385760303
-1461.8413120545447,-1.6178061453957273
-1019.840494891454,5.644906832368999
3428.1601433465257,14.284787315786625
-1913.8388919994468,25.745740836124575
2664.1583284644876,-8.720671079835338
2494.159402674064,3.404734344230338
-629.8426947136759,-18.784360079241214
1389.158754983684,-5.479719512321237
-3965.842569673201,-18.460719051147418
-1090.838381975016,32.70155584925045
85.15760958235478,-20.49517479230297
1088.159529558092,5.4911041454584595
-3922.838849219319,27.810099240443314
977.1588017180329,-4.537454780517496
3630.158603084099,-3.0271126283311887
3309.157509515353,-17.01093871273862
-13.841598450380843,-8.45551514083467
3928.1595280056354,5.332563812396748
-667.8413355295779,-1.7649921274324836
-1447.841227158613,-4.258753249456188
-308.83929093391635,24.324768186022204
539.1600853737909,13.53521791352294
226.1586915779044,-5.385489757628591
2151.1584264174453,-8.740769977677038
-1790.8410139384214,-2.2733678096459355
1329.1588665188756,-3.567153479979602
2914.1598345980747,9.334673083171266
3785.1584428338683,-5.970020407707626
2750.160995629616,24.351988479730366
-40.84192507149419,-13.449684566861873
3951.159627279849,8.063554057422099
-4360.838110134879,36.912549078040925
2460.1581824565656,-12.714050872767771
4008.1623991779634,43.231566196838315
-2241.8424267400405,-20.315578995342698
3444.1590098529705,1.0933264955317519
-2912.841764663928,-7.522426021379538
-694.841062256135,-2.3846343421237863
-3620.8405391523847,4.7993077273536535
-2583.8388639069744,26.625964892144076
-4528.837876339792,40.82565060087214
-3491.8415762694785,-4.60381875224319
761.1587631757138,-4.4288500803893065
-76.8404241540702,6.513028785838959
-2570.8411564670387,-3.2963653653717238
-4475.84142823366,-5.2243643935548825
-2733.8387847801787,27.768083679931756
2448.1580724437954,-8.954908989865952
-3480.8422674766625,-16.390604230757774
-627.8419271828025,-10.651150211760521
1530.1614226494567,30.443161217834323
-1726.8425977710867,-23.240441539174142
-2738.8418996341643,-13.284773862948072
129.15750616096193,-21.44674637978264
3449.1587586237,-0.9704990897936119
-1489.8418831253075,-7.751806948295401
215.1578959141625,-14.559988562013617
614.1591082828818,-0.5375397715357213
-3324.8415570145007,-5.425617426296856
3123.16065884172,23.939757124254697
-3101.8418396555935,-8.497792415505518
-2216.8426695707603,-20.626031216178667
3529.159536250285,6.284948418204603
-3845.8417401927873,-11.209645899874728
3390.159943117178,15.007621500598892
2939.1580152029637,-13.79339944188094
-434.84153284545755,-8.3304097623202
-1986.840559783217,4.6823520317154035
-2332.8422703269753,-14.68542980566458
-2087.841176884016,-3.2644568471750786
458.15868582134135,-5.540652962739459
-4136.841435241222,-7.07367298666184
500.1573762675398,-23.480557553668163
3874.1578116006567,-14.954601578567088
1019.1589395198971,-1.6087680899790744
-1990.8415519557311,-8.264702309126363
1423.1586335425964,-6.642482399318895
2627.159755180124,8.334761046352886
2743.1598090942716,9.309300910920806
-1707.842196122394,-13.751981250204333
3328.1606721553835,21.26538951814743
4413.157543470501,-20.800644183086895
437.15827010106295,-11.495437580716512
-1344.841732502624,-7.649849201739305
2298.157856886566,-16.653741796342555
3670.158579265815,-7.692586102281875
4328.158134427387,-7.198260613917778
-1270.8419619082706,-14.345111986615258
-4208.84193129983,-14.143236229489325
-909.8421511357301,-16.521665187178485
3789.1583813917823,-8.72474491143878
3845.15879006451,-3.706782150709965
-1606.8415536634275,-6.605139010948359
-902.8426814210834,-24.426745793606834
1965.1580446254811,-14.600816682804034
-2203.8401489477837,9.718903975441817
-2440.842340228788,-17.30386942387848
1600.1581195341423,-13.575139028412835
1151.158070595644,-13.576236144878028
1847.1610266201315,25.37682250973338
3568.1601253721165,13.299093041717542
367.1599005369935,12.399432551424175
-3269.842393610743,-16.518575582965454
1796.1574626285,-22.663210525178688
1193.1612051540287,27.34808695407802
2244.1584774454823,-5.003108330735136
3560.1623960394645,43.280799730826885
-2836.839887609356,15.515683560374624
-3477.8420033186558,-11.415626160213584
-494.84137083031237,-3.661601905154199
-1340.8417546396377,-12.449778939722428
1279.15853377257,-8.577704477895308
-1585.8409969727509,2.4046472255175946
-4373.838991521508,25.865919757627786
-2071.838954086241,25.692070809584386
2899.1591588443844,1.1745046699396173
1923.1587029976072,-5.5770416898424
-4414.841365371598,-4.262523355524316
-287.8424701100448,-20.53252907380904
1217.1602559501189,14.394265806687107
4402.162155748927,40.192074715545594
1809.1582811510307,-8.715712719762838
2992.157469824597,-21.66388750840089
2819.157594003307,-20.640714949924245
-649.8412072055507,-2.5444293214595337
815.1594799566083,6.358208623134928
-2166.8403396051726,6.753750510707892
400.15766358497785,-15.718471483568567
192.15859784767963,-6.428621709690779
1143.1613222919987,29.389266350893386
1480.159592741751,6.428201501126763
3980.158077371656,-11.851844136159077
-1983.8413011411903,-4.309012945261778
776.1590464095934,-0.548913829291739
-377.8418690919061,-10.604360739327047
-2515.839580061205,17.663677049944006
-1196.8388801590772,26.663015391225848
4379.160759630089,22.212354660080578
-1578.8387554429937,28.68072687511693
-2136.8388098107534,27.729847057743044
3096.156928063545,-26.129419815511454
1138.1583037671517,-10.52037781972328
-2820.842393959756,-15.498029373898426
-3339.842453213234,-16.47279329931677
-836.8412887718878,-5.517437063826376
1468.160596245085,19.334846916885184
3073.161164759891,26.36151960450936
1022.1574258303153,-17.84921461109913
2158.158541967976,-7.599361570346195
4342.159352680319,3.216228426935764
-4125.842357886024,-15.414063202377443
-3428.8422078697477,-17.244737422173102
-2259.8426219654502,-23.29537537709671
112.1581039201119,-13.375493344714457
-3472.841347709589,-2.4383964942632463
-3141.8411773363478,-3.165755314598889
1238.1593777394737,3.4071259477662625
-2588.8411632447387,-3.295288111331116
-279.84013386041624,9.625113027401477
-3821.8396694993717,16.838643628945903
-1921.8424355010502,-16.52562870690671
2459.1589861657703,-0.6708074401560422
454.1581078626914,-10.785851322315384
2711.1600724002346,12.398739831295897
-3686.838889913459,26.8171528625587
-633.8389302787837,26.54287916893393
2478.158607820631,-3.8922868728273676
3422.1579993157648,-14.75356320579047
2790.1588664805167,-3.5711218707234433
4097.162008960673,38.26039725187971
-3544.8415709913825,-5.394979025318094
866.1587953256676,-4.453001145156328
-1514.8411971729365,-4.324566496653659
2339.1593597518513,3.437357249820135
874.1615446074866,31.54791099901915
2600.158675455139,-6.636765682148562
-2555.837803037779,40.748433959587175
-1544.8412044153083,-1.5079427490685866
-1347.8411911376752,-4.362138884451944
1043.1590077871224,-1.4512307099459854
1425.1588307378697,-3.5318044617996236
168.1597142079263,8.515075002153774
-1769.8404454875854,8.519554877748353
880.1581819573767,-12.532353741121918
-467.8413598656771,-6.3817656743692925
-2147.842224103457,-16.364783074149585
-152.84165443427628,-8.670548112043292
4406.161760932067,35.19877979055686
-2036.8420834181015,-15.34020308506639
3835.158190156566,-12.754797036079317
2896.1624761131243,44.273344934752515
-3189.8404493636917,7.709924932554287
3269.159836947394,9.314844504145382
3159.158745230059,-0.9840199006132959
-4157.839969439199,11.928772524389009
2608.1583076255047,-8.750606162447221
-1045.8422676806804,-18.312913523442372
-3737.840001896664,14.5787931134445
-406.84178748645354,-11.539861689184779
3163.159502213006,5.214224244434865
-1416.840478053491,9.36679972946567
-4292.842128035845,-12.447928860430014
4241.1587112415,-4.777332120296679
-4356.841004246962,-1.0638374360897673
-1064.8426356431446,-23.48573349889947
-3341.8403970125946,6.835691542602428
-716.8421657952713,-17.499517008104977
-3092.8407172479783,2.77715848580128
2823.1581061161705,-13.635788415207497
-1936.839858952153,16.494512699077355
2941.1621859470615,40.331568261016756
-779.8396572240163,19.408910202816138
-2164.8412733096047,-5.247564691329805
1489.159708905674,7.448690208507507
4138.15737561509,-23.803732880753273
-682.842786908499,-18.93743591963026
387.1583193403203,-10.536028648409344
-791.8418309704284,-12.339401199989993
-2344.839860334643,13.717064427967186
1352.1589695667499,-1.6254459966037684
-2689.8411497279303,-3.3693064835199635
-3778.8391142835026,22.870870596029754
-2365.842498830927,-22.253479187634937
1470.1613246598863,29.42512448427245
4366.159273718658,2.242140793861207
-4318.839177530026,22.90348802212133
-162.84211373445578,-16.37413802685437
-1139.840189557348,9.5989440580561
-3635.8383975626784,36.520100914335465
-1868.8394465009915,19.654159686805308
1816.158580732881,-2.899835702870793
-2181.840942146955,-0.31378015117807223
-3034.8430543103023,-25.591227810493365
4381.15829139686,-10.813705162465649
193.15776216908125,-13.85721532149636
758.1622142840642,41.43530188568895
-3924.8415742864017,-7.38255333909214
-2100.842194952129,-16.296010020393847
2247.157994996058,-15.651909600308475
-2921.8414739395957,-8.184718747360396
-2805.8422221874935,-17.25548973068995
-1935.8399525678833,12.587588997742861
-1453.8427066414151,-17.803375501700142
-150.84195701166755,-12.514050394431514
3066.1574343969114,-22.626908126106052
1129.1587933019036,-4.548995703084557
-310.8403436759254,7.601755992021911
2778.159244711045,1.3147701105220193
384.16160370159196,33.48915661792571
-1311.8418910479522,-10.641916434442157
-1764.841988744738,-14.37618633322209
3352.1590340219554,-0.7430821795209175
3584.1571709939744,-25.72868188859293
-43.8402735197451,9.466652879509143
433.15786815580213,-15.496254313070208
-1317.840922069212,-0.4069201584607667
4310.158127160743,-12.809720650021749
-1749.8393015955226,21.671332217118795
3005.158324622258,-10.586666336165855
-1170.8404492881382,5.586798668608637
444.1583204602939,-10.522592157360167
-4166.840383380884,9.672230363176327
-3810.84086773562,3.56182657424789
-1661.8418251103722,-12.492524492773459
-3069.8402220251737,8.734161805289512
-2739.8418796287733,-13.227202883294254
1585.1607238801662,25.11462809070852
-3074.841949407768,-14.275439367253838
-558.8399444217794,12.533231015631864
412.1612270839396,28.479887743836343
2131.158057604509,-13.679872635584578
201.15819040796487,-12.537107246694958
3849.158834280737,-2.801256373539734
-2158.84212167887,-12.74441793468025
1273.1576154603972,-17.740616219996113
-4513.84264369763,-23.13627406947545
-3315.8412060557166,-2.341525371572878
3242.1605781786493,19.28415618987868
798.1624283362762,44.43898372580424
1896.1599678937346,11.374772557817709
-1402.841780485469,-11.347077791844939
-2809.841270201665,-5.159933004677363
-3421.839502496063,18.781585419989526
2267.1571934015374,-25.708573518985325
-154.8391320516821,23.528284886142934
522.1586477734381,-1.803538495527631
4107.159218368004,1.3158552029091357
1200.1593184626545,2.441530737512661
-2396.84268140886,-23.368407145359285
1893.1589473345666,-2.5286059288344074
1606.1582506889245,-8.827253767831616
2430.159513067396,8.170132110480294
3214.16054459702,19.253937421955342
2702.159521535621,7.091145614543937
2622.158055405016,-14.51834226209414
4368.157866092923,-16.780285898818846
-1527.8414001024212,-6.313946686743815
-3546.8403910505003,6.857117030626897
-2824.8385664168745,30.804769039682533
740.161143027246,28.358289583143154
620.1621004049666,39.49725216819302
2086.1586294115405,-6.606203842110576
-4469.842685861629,-24.072208073870073
-1189.841947833891,-13.327413339648992
-3579.840697701613,2.7481458248355324
2832.1606824150076,21.309146072723173
38.162479391437955,44.53206460912342
-3470.8408649240737,-0.08844884316226675
628.1593055665726,6.112068084689396
1983.1581381955766,-8.911306568338047
1562.1609428490628,23.476192436552253
-3687.8391570076346,22.89180156744615
1089.1586384475231,-4.632630387459425
3344.1579553755,-11.95818541490542
-2061.84138782596,-3.471751771145117
-4301.837468273123,44.86557686759358
-659.8421741284546,-13.749887355015769
-1486.8417658573599,-11.267250581039416
4175.159071641625,-0.7404533962350754
-429.84010812686756,11.52257793771445
-4300.840600827651,3.9078364695316754
2839.1575178734493,-21.663327844059914
2568.158216640528,-12.704955331135787
-697.8426944304956,-24.386986205862485
-4443.838939580193,25.907223631938272
359.15925598179456,1.5889767914896247
-692.8425157730235,-21.426934495542127
-2019.8421930196928,-17.25597673070871
-1966.8412603672477,-4.296731780122734
4392.160404937109,17.20930694242397
1509.1614173582639,30.421170493994232
-3457.8421298150206,-14.340579067759535
-656.8421406506095,-14.517413120499292
-3054.841421173711,-7.214273321159782
-3184.8394136081915,19.7975255603753
2547.1610481018433,25.250083296159836
-3712.8380374134867,37.861167605161405
-155.83879580331268,27.569681278366353
79.15782955341274,-12.846854912666469
-570.8414938445785,-8.355050476862665
-3244.8404761820566,8.614673401066836
-1103.8407630083384,1.6432353223465803
-2673.8427018061047,-24.259264325610047
-3977.8424549961346,-20.248826416029278
-4439.838308868697,33.883396037517564
-413.8377933918382,40.6270023437768
1208.1593684178079,3.3699401784320955
2954.157807973388,-14.856724543535169
-1808.8418105641613,-8.658659652648154
-3172.8416853862,-3.7335459604553094
4169.158439634077,-8.749211320258466
-3259.842596693954,-23.224864285466705
2824.1591035942547,-0.6609137160269336
2917.1600577836507,12.363158020148719
-3096.840284275124,9.754214219487926
-3929.8424941320554,-21.13288258459945
1148.1582589299069,-11.58892743324823
-470.84034159209114,7.508042863878936
-1112.8414124284755,-6.396013191973901
-4069.8401371119544,11.721488636232797
-264.84109235333744,-1.4844788706736178
-945.8426445681835,-23.465456199213296
2241.1585343761835,-2.086903580008128
4208.158678799053,-5.816612476413704
2321.159635443415,8.320134055592176
-3402.8408355021966,4.52771365698495
3099.158451920841,-6.800888537504767
-1797.8421534024528,-16.32155455355234
-2621.840633594198,4.63951320608294
107.15758370381081,-18.614036114556157
-3116.8400525655015,12.72487137971743
-3701.8390312485863,24.826949601679786
212.1574524322641,-22.4601395303097
3592.1590310244355,-0.793055894090239
-3617.8404856301495,8.576777851907336
-286.8403392340988,6.574810606161394
4201.158917975612,-2.7550130735987786
2395.158570624015,-3.857144019159781
986.1579672096996,-11.83066630648543
-2895.8399939053925,13.659854997051452
-1499.842787606467,-18.81394090329956
800.1614719743957,30.548075064382417
-1958.8406883166754,2.755937690859204
2433.1595266848453,6.336838103844659
-210.8403740269714,6.587460688580123
-4385.838900271105,25.929261168262904
675.158013978973,-14.40486487336975
2984.1583944272134,-6.033334018728082
3272.1620510667562,38.3561833503529
317.1596136583248,6.554661577104861
1864.1600488919648,12.448046834823215
-1469.84283202613,-24.521838051433022
1748.1575929109822,-15.006607138723759
-2149.842241470702,-17.317228661704736
705.1581505092327,-12.632935428629416
3145.1590060834424,-1.5967046023767786
-1229.8417161359102,-10.316471894954603
-4193.8415081699495,-8.195151335960292
1406.159335339442,2.463788466731433
-3176.839121651661,23.78450641386801
106.15818417165428,-8.734822745460624
746.1576494997134,-15.78495119482961
971.1587565751397,-0.852521150282902
-79.8386424012715,29.467006857998165
82.15714408725034,-22.773492388766677
1186.158206036198,-11.620413332094575
-3206.842238224577,-11.688613800173536
1977.1572356109973,-19.10252399807974
2326.158640471229,-3.752247368134836
-145.8427017685608,-24.403897199653244
-815.8406890991027,4.40994391877223
-1359.841574090824,-7.4658272430716455
-2154.8421304072253,-16.30286993346861
685.1620319309877,38.504252625821614
-4225.842726725328,-20.4860666694098
-3201.8424196460983,-13.756161384353565
4447.157804533257,-14.079673771207156
-1722.8419088806259,-13.33384403062592
-539.8420667478349,-15.469050636034073
-1158.839632398216,16.64529702840374
-1664.8402771772817,8.683005751601803
4002.1572792038205,-24.696006315140686
-192.84115155384643,-3.5308459309831566
-3695.841594060126,-5.437493195344488
-2468.838815885945,27.745766234071546
-2377.841157474031,-3.3306870489895726
-1998.839035634126,24.724283622570184
4272.157437496528,-22.771577516128307
1134.1587772801286,-4.571503295788366
-4408.8410206819535,-2.0892758596732692
2953.1575291211484,-21.705451664522602
-3473.840581326629,5.73327976215732
3178.157517577056,-17.98725637787227
-3592.842104588286,-16.18803088798373
3537.159303110151,6.000973737292629
2532.158465533983,-6.814701816960581
690.1591366451466,-0.40986090103405104
2353.1579663188895,-9.098156509712949
-3717.8404382998706,6.8413032220042105
1297.15790151502,-12.76767500141969
-2674.8426211279,-23.185495362867172
-4447.8391886216705,22.89082253439922
2174.1586463809945,-6.5550452697218535
2861.159669301531,8.296133629441231
-2572.840990801342,1.4533061264713893
3818.1578167740954,-16.87308491512263
3669.159252756799,2.217420281350117
2936.158743868582,-1.0088293028550757
285.1579493233585,-11.866705905792019
-1092.837904458167,43.21769351929031
3386.160216491611,15.254771371394762
-1677.8394456643146,19.640155245333332
-1119.8406335524633,3.6869250700233014
3078.158857657283,0.9796031227198583
3420.1618086587405,35.30319536204996
-1765.8392727125902,21.681038442927772
-2143.8412613288383,-5.217639300162016
-1494.8426884951768,-23.41151928991885
2200.158492224,-7.61530127189868
2834.157517891843,-21.6629442997424
337.16010217682924,12.549083867501183
2329.158064076677,-11.814939656887127
580.1582988874288,-10.464015382079971
-2075.839081329643,24.67344035754533
1191.1584613951854,-5.838470744155742
1829.1595232519321,5.393876959610498
-112.84167896193685,-10.444652216911319
3112.160073427309,13.293890196327917
1121.160725141177,21.22494651575453
-1365.8414147062576,-7.255035545603083
1234.1589794350439,-0.7693445839872801
-3352.8427898168447,-25.303172089910007
-1532.8409285110538,-0.29205311906715714
-260.83846233348595,31.64674814173987
-1891.841587071889,-4.636205347659391
-4393.839636729448,17.824744073481398
1623.157813547179,-17.62640350444359
-2659.840488875343,8.481579115813831
4109.1595404748805,6.257318037480712
-1799.84036209248,7.662003216577391
-3433.8404133726726,6.789433171068891
2312.1595297651947,8.970883263016292
3550.15867302299,-3.9385241591584395
21.15783965535229,-17.41159303508924
-1088.8420611012843,-11.705883038792658
-2132.8426442212076,-21.51698417178539
-1826.8414646998863,-7.314171705216587
2490.161039696366,25.35957113156683
2154.1587572009885,-4.614398314580855
-4114.838036357076,37.878479522055194
2469.1576150961337,-15.956491608025454
2078.1577593841357,-15.93470975869632
2573.159738842165,8.238338052168107
-746.841279715416,-3.5507973176595478
2243.158624936128,-6.603686102565044
-561.8421785316314,-17.458424649499946
3536.1578976511373,-12.923934971415694
-1529.8389932311838,24.69754811575745
960.1589674210409,-1.5270460206522376
-2201.8399554648786,12.598482065483003
3878.1586022585398,-6.70356929045705
702.1601417922648,14.473735823489958
1907.1580409942544,-10.78841001237334
-2867.8420883900835,-12.509401479943039
122.15792492002947,-16.45793672143146
-847.8425036335248,-18.697273608609358
2592.1596649303683,7.391672213947116
-3688.8416383480653,-6.485341565830799
-492.83895585511345,25.551735187548573
-1052.840800936916,1.6753034631357657
-2050.8413019773434,-5.251578442947599
3531.15728847275,-24.712034941069888
2408.1580325411633,-11.856397342904975
-1028.8418649382074,-12.45368926460807
-2877.8431767844595,-24.762141961062795
-2531.8410226353444,-2.2294485621726103
-2411.842563594342,-22.343298711551448
-190.84237560769543,-20.528841099281728
2633.1607508342713,21.382469438811732
3507.1580542724114,-12.996277903183659
3190.1612770241336,29.253934315826406
2096.1586459283717,-1.9336904755949957
-346.84062366531,3.583520636871768
2259.157313894655,-24.6993518259004
2306.1591572741163,1.0693986291616326
55.1579543693224,-15.438614241879824
2555.1595960104023,6.308264506409577
-1796.8424756419263,-17.561966970284573
-2736.837933517352,38.80919224380945
2442.1583559572464,-10.513076824095613
-738.8403848735616,6.623682432246662
2500.162112464197,39.36707099915133
-2017.8417285350733,-6.591108845369517
-239.8415747222607,-6.614791478877265
3416.159988650761,11.281262849706001
-2967.8395584526006,17.736150128626143
-4174.841333568271,-4.170126780906907
736.1588379804161,-3.468714304188297
3577.1598795477184,11.249421748806212
-948.8403961045551,6.670933318513693
245.15728879277594,-17.984963478675283
-3367.840220629936,9.792571971680696
-3932.842006630206,-11.391561572286447
-2524.841776185087,-12.165024470002585
1906.1581342057325,-13.57361523175226
-2067.841794788954,-12.315084945244404
-2722.840756179183,3.6370707656831556
3098.159404703474,5.242641259374741
-1351.8413671791204,-6.317027177492696
1818.1588826330262,2.8886707886099074
-18.840216890966985,8.606253836582416
-3793.838141628308,35.876336798009774
-3.840613610635046,3.4616355717302554
-160.8424343955121,-20.475210140290613
-31.84229179250542,-14.817703483702534
2352.1579394564615,-10.932778763752058
-2931.842523270927,-22.263075345123433
-3283.843067306443,-25.509621014771177
-2717.83882976271,26.800283606068163
-4052.839929560956,12.899824757731205
3433.158922173956,-1.7152344085298852
-4433.842040167423,-15.072755986713679
-2692.838366536889,37.412942089181946
752.1577468746109,-13.801537652171135
-2456.8401186894043,9.771461465116294
3782.157458496047,-18.103896074737875
-1584.8403619659366,7.6244975376422826
-4430.843049448449,-24.524188272900048
-1154.8384539574035,31.687785144414292
-3891.840295215952,7.936265386189076
3812.1610196899856,26.17347601642006
-3076.841289375443,-5.127058374659324
-1324.8425349656027,-22.372290613006804
2708.1619069285225,36.35826856639172
4069.158272921515,-10.749610091805364
2587.1594486763934,4.276993006327
2932.158332094841,-10.746899383212169
3554.1581572695286,-12.75845541564841
713.1594136537751,4.507288591514335
-1294.8404581781942,5.462874913235051
2450.1586459756945,-5.603165877330521
-3425.8412086905446,-4.151778550570324
3908.15924461314,2.2581122873651953
2103.1586154694087,-2.869314173834068
3996.1581823629094,-12.7211934663443
-544.8416499052546,-6.642365711123784
-1130.8398218759685,14.649463892825102
-1963.8404724649154,5.753918283638095
2444.159338956233,3.3560278434005575
-2795.8419011652586,-13.277614670407498
3267.1583218866726,-10.614547248278068
3736.1583697638125,-10.777826148837427
3222.158932501159,0.9954889892889955
2497.1592326802784,1.3788416886477144
-3840.8425894774846,-22.201638131956855
2410.1581898673903,-7.939412675295446
-3344.8420256883837,-15.297319171548644
3205.162588166306,45.337831356250724
1575.1594459498883,4.398183167435006
1932.1594054747256,3.3738322614377125
-306.8428877449478,-25.536956465839353
4133.160166950314,14.214171219363022
-301.8412956573302,-1.7114408618964907
-2230.8424672433757,-21.248334655784817
-3536.8404713471537,6.802852298954072
-1156.8386393235996,29.63543714879811
-2010.8411658307887,-3.280027589876492
544.158778706158,-4.4386684474593565
-2974.8378397793276,39.70509171219589
-4216.840014959162,11.927960145755561
-884.8411360503524,-1.5665744278880718
936.157830002252,-16.554785653642465
1586.1598138994304,9.44112722392446
4085.1588481756044,-3.8254227193116814
2596.1605372572085,18.15372646588184
3656.1578790335334,-16.745429204991833
-4119.837766442099,40.89232628940381
-3199.8426181509276,-17.663238518910074
2934.1582929841825,-10.608054595912428
3508.1578352593933,-16.666137240962968
1307.1589952414506,2.028922536917465
981.1577243935899,-18.493423206255915
195.15812573576113,-11.611678778682258
-2491.8427611354273,-22.524779913741316
3246.161342738662,29.24527629810546
-1044.8415102683357,-8.279343697642558
2250.1596911659,8.379710795963524
3303.1587961556506,-3.6901925755544873
3563.1624711336917,44.27889547490623
560.1588674250524,-2.514730142513259
2983.1589683968923,1.034350654063017
-1672.8410309530445,-2.2962786497091434
-2072.8384566093446,31.742435742458575
-3537.8415360914078,-4.470396916882237
-203.83739929279545,45.59933187192945
3238.159221027454,1.3943139585780582
787.1595635919948,6.498263876954892
-2175.8411029456765,-0.42623312102890587
-166.84048231103225,6.378720974213012
804.1615650870954,32.43163141775666
-4231.841094990668,-2.0980972797454953
-3469.8404733627685,6.764840762316872
1474.159782057919,12.084115175839814
1383.1579970841412,-15.457571073736899
-354.8387593984953,28.586279789391185
2461.15793827147,-15.57345854443978
1761.1575637148926,-16.820288883351267
261.15820853656624,-11.593035807966581
3049.1570040038787,-24.01527963201704
3027.1592177413986,1.2672065062781286
1111.1602188317338,15.41351589721142
2437.159293729055,2.3888994519408246
-3671.8407151179854,2.8215729177690037
-1877.8414172926568,-2.6182087637921434
3739.161114102113,26.280407855678718
-80.84133000427391,-1.7541020143511803
1244.160371606762,16.255967232673754
3553.158257321804,-7.037925333226822
-3039.842736885068,-25.328006150832827
899.1597186978324,8.46089192671995
166.1581932855188,-11.596394495818313
-4108.838828366948,30.613733398704824
254.15804411511635,-14.364965562713701
151.15865858638426,-6.3991562711852925
3466.1592170517542,1.301407673041739
1988.1574825935531,-21.638383358626523
1831.1593720121891,7.1499305309307974
481.16028061462566,15.547651334079093
-4036.8400337817147,11.906822843818132
2493.1574470444466,-21.72078249622559
2970.162207475514,40.34846044717378
145.1596349766478,6.579540300703851
-60.83886155067012,29.32373002244777
-763.8424469634192,-20.41519224459054
395.1574687624234,-22.552528243126698
23.157189401390497,-25.480953924524293
-751.8406814204645,2.653685932400389
-1643.8420868828543,-11.651269014996235
-1384.8416361099225,-7.630948449847863
-4521.841709081025,-6.440615228803951
2912.158964768576,-1.6067313376652113
-3130.841293974663,-1.4976991677151341
-2856.8419851177605,-10.524522639065834
4251.160276510753,15.179574216261118
-1435.8389370216173,26.6491860989971
101.15981406898936,9.585453268027509
3501.1618546326063,36.24255352326648
4043.158782380575,-4.750914359998447
3786.160203116131,14.216917967119754
1345.1578692379408,-13.992231379150132
65.1575978762121,-20.426779287172764
2666.159934418334,14.964871150026037
-3900.8399424107047,12.849492494759827
3179.1585224309238,-3.9375916794662116
1997.1609083965886,24.378234766128983
-4282.841987351829,-14.195273337129901
-1762.8400477328687,11.659421581915227
2789.1574045416783,-22.698153028961578
3012.1572266665753,-24.729684673155298
-2687.8410536894808,-2.2666740261658536
-1988.8412158691208,-2.426049524253881
3784.158279627911,-10.793585575597747
-2056.841298468993,-2.517270975000228
1046.1585219964036,-8.467603127772268
-1449.8413785364828,-2.604207325731185
3034.157813808939,-17.658903339444056
-726.8410610371502,-1.51335539915081
2137.1598223518813,9.430019280643512
-2989.8417445921805,-10.318342230375833
525.1587636513868,-4.450854604659204
-614.8425160206389,-18.632750715835925
2734.1588786095963,-3.648987530321306
-2902.8424498116365,-21.267620982952067
1948.1585829528049,-6.569031432279205
2605.160713225545,21.36118478386637
1687.159525125695,5.471881737996977
-187.84133191069122,-5.424050847958503
-3595.839255294937,21.84970164313944
2855.1597428531386,8.214472369993608
-568.8387063189875,29.545748799592985
2134.159406502382,4.4060765065508125
-2532.8425878086127,-18.54243908918233
-1838.8421448762529,-12.634595163823665
-699.8425430762,-18.84560165287514
4005.1573633735534,-23.749422120243096
2356.1577508500777,-18.56362514298618
679.1574121420854,-18.71566891374904
-773.8419900889858,-14.392034771881395
-258.83897340571275,28.29929120177485
4028.15944008925,4.295441888845781
-2595.8420629089815,-15.40452109663368
-151.84109722229186,-1.5961802072680529
-3562.842040043557,-11.443417849081808
-4328.840465178597,5.946596314448664
-1040.8400541570736,11.630117032786048
3050.158858451294,-3.61279520346008
-4112.841353133379,-6.098072363379688
3811.1577745924005,-16.867263778255435
-142.841838091088,-11.529660085281368
3936.1583197964937,-7.9804956943379715
509.1571707435651,-25.529652348743717
2536.1584953778074,-7.645494475615647
1482.162466731097,44.40699034255281
-3558.8405945449485,7.466302500762534
2589.159672477632,7.339743839898926
-1976.8419353180216,-12.359051268428543
-4017.8406402792316,3.845793103753662
-1577.8419348045718,-14.38119568005472
-3647.8391423276043,24.729452670151794
3520.1582432115683,-11.792065668319452
1559.1614925606991,31.4668032527591
4177.15879278403,-4.662342766719048
3035.1571745529072,-25.685921771073325
-62.841066504479386,-1.4477071731834075
-866.8404787625768,4.642278260046037
-2129.8388925100444,26.714569134921078
-3302.8407893197727,1.8367888654368851
164.15806779876584,-14.416006555141658
244.15959620196372,6.531611365810228
1790.1575362164876,-21.665071352784757
-1030.8407048878144,2.656785481639087
-3782.838308510487,37.54023811235408
1837.159488392179,5.393314449288459
-1772.8392250865,22.669960920672075
803.1575510429102,-14.899347648237928
3728.1623466685414,42.27838525119426
-254.8389251625049,26.51927962725882
-3573.8414658093243,-7.128002820039688
-358.8415534973028,-8.446115173880079
-2729.840976275096,-1.2513412346194936
-2655.8426596046193,-23.241576872986563
-2480.842099658097,-16.450746558386022
-3220.840097159962,12.688544958749643
-1141.8391612190171,23.62446956125187
-438.8403308177367,7.64420362530819
-2596.8404937569285,5.734088501513794
-1399.8403356576455,7.590547673665284
460.15776759095024,-17.66450206844634
3175.1581467060023,-12.60697936470575
2313.1590866859187,-0.629033973867136
3970.1600521791843,14.95085050841318
-3754.841657404031,-8.225657448563418
1041.1591214714572,4.162639081713326
-4110.837506664626,44.85179115477084
-655.842325556383,-13.938259421873724
-2510.842685484735,-21.513620151567036
-4402.83922144043,22.85593709303199
611.1619486630079,37.50589425277221
559.1580363140092,-7.955101822120505
1855.1595577392145,6.424130020807613
-1882.840362852381,7.703906995157391
-4267.839108655404,22.93133588879899
-2081.8415040147956,-4.534168356316947
436.157979678188,-15.585996648264729
-3627.8404265728313,6.865935701590351
-371.8396081167157,16.524202355507356
-2657.840218183992,8.689266115833979
-3137.841834833089,-11.322852404574048
-1869.840984578419,-1.2546555232132155
3981.1594013920403,4.213135617777352
3799.1575242648832,-17.953984534862407
-3915.8425098860753,-22.266478525852328
34.159538591862656,9.282413353738962
4132.158224461251,-11.768823760799005
1778.1600317435805,12.37380109385773
-1025.8417569021112,-7.779077661150335
3824.162121219735,39.27815201072254
-77.84101951419143,-1.4428886109006411
840.1605370303732,18.539387768183325
-1014.8411096438649,-3.416080064679618
-3605.8413807459874,-5.248920977897221
-2264.8427899263334,-25.36092894959372
-1159.8396195002133,18.518243632070885
3051.1575537883327,-20.721599009859418
1055.158681665198,-1.7784559820477392
2130.158313386899,-11.561898213807194
1120.1580289367703,-15.533210649111759
1696.1582002631621,-8.871678225605287
407.1597981789382,9.519870955499561
-3254.8402298318106,8.77775859948033
658.1579232684453,-14.600420291713885
-1933.8416626678663,-7.585196846420434
-1755.8410773543874,-2.239122129614758
-4222.838691784535,28.843096811503756
-3971.8404046692885,6.877662216873125
-67.83816510357428,35.581291002359315
4247.157457922702,-20.917867159449536
2407.1577297348995,-18.55043468365028
2337.158796478645,-3.6018113163776695
-2938.8421200287994,-16.201129141962454
-4018.839606041671,18.641675703689664
3150.158005996316,-14.702028636359282
-2841.842027740844,-12.452748848562585
-3289.842043529381,-15.220604094526497
133.15776577970246,-17.503564991502415
206.15832205745392,-10.463135010333588
3729.1590636604233,-0.7051860117134829
2013.1596533369739,6.366478771670408
-1222.842520585924,-14.866452394566476
-2923.841925908113,-14.272983759876055
4189.15840034117,-6.9466564990128585
3893.161456648202,31.167083834546126
1152.1573160043336,-24.574575259028443
2287.15895116888,-1.6511415718059457
3009.1579789806274,-15.616583688382583
914.1592411135789,1.5014838448166543
1282.1588354852283,-3.5296426330269055
4123.158529467648,-2.219246286564296
-1542.8406045856536,5.578605298296072
1000.1590018325369,2.1724839369303677
964.1580097980914,-14.533929517828113
1871.1613140847767,28.475807698641034
-2908.8421477682423,-17.224176386798646
2639.1595390065922,6.3012029705801
103.15832041727845,-10.445669740428443
74.15820917335805,-8.663939307857424
1598.1596507860813,7.330061858047129
-2758.840184338391,8.691311176252741
-4387.84282220935,-23.26653783182308
-2254.8416343114804,-10.395760353664143
-73.83977594989119,14.521711150669175
-2928.8412979370332,-5.284231516379659
619.1573509760201,-16.98850061793161
2913.1587793375948,-0.930514933791394
-4496.84275333141,-25.120621305864077
2956.1580378723447,-14.658589387538257
-3429.8376806743327,42.78610115789437
-2503.841963793151,-11.622744713501671
1110.1597910156706,8.38390509571561
-1055.840195236844,9.583104375217106
-4493.8422661452205,-14.493582701317145
856.1601209024084,14.46889231705571
3958.158771715709,-4.738388249810539
-425.841571277997,-3.8181074147953398
-262.84250861254986,-20.574781552803508
1540.1612950022682,34.86717729583175
-1823.8388285618275,26.746827069290994
2610.1578580639325,-16.735482404457777
-3021.8405988206505,3.769119580043318
-4271.83983220096,14.735255408876442
-899.8413389351917,-3.675793959953511
-862.8415095792734,-8.295035496441393
4302.158191089751,-12.698646156072066
-2643.8409366040723,-0.3374027570349636
-2124.842713146005,-22.497777837614212
-2788.842017749499,-14.263821857002286
62.15718395053409,-25.45851327133846
-2096.8420409344253,-15.287886068144026
-2640.842084150994,-16.229026211659246
3856.159066547698,2.9912324192876163
181.15978523890954,8.521254638951183
3147.158843022189,-1.8534721236381495
825.1600471982383,13.402909359431005
4369.160442913824,17.254588179563825
-1810.8416724893614,-10.333963588407016
-4.841486010293011,-2.8814216138879782
-3439.8415510930936,-4.516058503839128
-3144.841299307591,-3.343498036392865
2844.159712281311,8.223621591518448
-2623.8409096805844,-0.21934862496266483
-2817.8403284242377,7.809833251472394
2481.1583304717788,-7.805635236090582
2218.158419098938,-5.912940108671096
-2715.841867933632,-13.310194508184402
906.15879919898,-4.6036396538919355
2360.1592736926395,2.387486408669636
-2177.840984362061,-0.3776457172200285
-4441.838817391545,26.94829782539648
-3123.84140868386,-2.495811174793171
-2421.8412275662413,-4.2408503302686285
-443.84033941855887,7.585879020548344
-2543.8426509447745,-23.287390530574623
-3120.8425320843817,-17.513635963316812
-3070.841911348456,-12.335128510231586
287.15836645726813,-10.451232805447237
-256.83887650136603,26.598079488789672
-911.8388381554396,27.580402694526654
1975.1578526276862,-14.733466411054614
-2275.8410622592783,-2.248387547589001
-4346.840040455805,11.88436348698099
2275.158004920755,-14.697173140112309
3825.161559329892,32.29130683873314
-1299.8430330147967,-25.625449998132986
2217.159303817025,5.085419255018341
-4096.843023852794,-24.515344845800357
925.1619230458746,37.41887691113599
-2141.841878289357,-8.578248687634968
-1233.8396964123822,15.693497612048562
158.15826315211598,-11.539343010636966
2194.1605332939653,19.30722543080195
2792.157446120924,-22.66202175372569
-3822.838283474208,33.870951550586
-3462.841533940751,-7.211368293624144
1440.1575337359682,-21.612144000239667
-4455.842341649986,-17.28664851966491
-2242.83819817903,38.50472290204167
-116.84284849406686,-25.5105494410409
343.15847859653877,-8.40158373883416
3544.15856037545,-7.604041397299134
4336.160225384112,15.214526849825754
-1268.8395605371916,17.67135706668148
1852.1586342566297,-6.492064316973732
450.15773634123616,-18.55002309346858
27.158006342768203,-15.485589278914283
-2734.841930269962,-14.19404591982127
-1731.8376716559287,42.656880888508915
-1902.8407710852916,1.7400252571370647
-2858.841985110368,-10.524369221338828
-1951.8397450773045,15.667869991253495
3095.157267400413,-23.848703163921826
-1410.8384739901521,31.680472398949277
-753.8420295489486,-11.643832492273736
-3829.8409579246654,-0.12371096277856442
-4172.838943013223,25.900775095683443
2246.158695622871,-5.635539459314016
4055.157979911077,-14.810665172438783
-3745.839953644667,12.858619864414583
1412.1594985973788,9.098395296470722
-1705.841403638944,-6.3207042945406
-91.84203199634794,-15.442190063388146
931.1614100275328,30.50314159274472
523.1596740488894,7.4824562132436405
-1735.837500165624,44.690178666704696
-130.84038188960403,6.564908889392356
-1286.8427108827746,-24.489782848067634
1601.1580105876783,-11.783451785176624
2648.1592301393393,1.317988900736335
3822.1582545831334,-10.751561420616026
1442.1598364816164,9.3863772838378
-2645.8428060873994,-25.25078566897472
-272.84079819888575,1.6325640045986098
2254.1574372728937,-18.00445875759967
31.1590454634279,2.327299660377216
982.158300015959,-8.63252817835868
-2112.8419517338043,-11.677586682103001
2561.157419048599,-18.907713369935607
3816.160574763897,19.232325304883318
-1079.8427398380009,-20.72803970544441
-4130.842497643782,-17.565976291185343
2926.1592517220415,2.3004942172515417
865.161130458524,26.51977924320473
4352.158834103611,-3.7981372007808285
-3662.8418747995747,-10.303680010423518
3181.15910010098,3.935166415191576
-2350.8415458144154,-4.652863235475638
-2724.8395920231706,17.723817684080345
991.1597778445575,8.411016421845206
2879.157801420486,-17.609960983739633
2559.1588224523002,-3.613768597223819
-2029.8387443831307,29.621206345766602
-2624.84229090577,-14.673870055245676
1584.1581985410303,-8.846160728767693
3983.1577357903006,-17.804351142967562
-3203.841342056112,-4.364143111294291
3678.157928576111,-15.796958844379281
-3171.8414192667697,-6.221756146602775
3940.1582840413903,-7.937779945349356
3318.158958484186,-2.768162930909491
41.15874428389361,-4.402536539517293
2650.1614183582715,30.29444042582123
58.15760638914071,-20.455647979571175
-2167.8423328803037,-18.490163783921183
2294.1596244790126,6.32393659044776
289.15805582603207,-13.497627695554709
-2818.8391479749116,22.814780171945813
-1927.8419470430235,-14.21305145570031
4172.1588999355445,-0.8646334591526292
-4486.839940399979,12.946350458114056
2904.158993040968,-1.6922759582365066
-3582.841489717248,-4.377970079184496
2884.1588473409647,-3.5819592103770495
-3575.8412145112525,-4.079302979273269
553.1592495743535,2.4877887780087367
-1350.8411771462997,-3.345609058918363
-487.83822440565564,34.63953261179563
3854.1589647365035,0.9725818574068299
-4250.839777082729,14.912311805501274
3249.158189790265,-12.667419574263384
2272.160106306139,13.259169908250458
-1239.8417062103981,-11.328450885968838
1096.1576769241947,-16.727256226565988
1682.1576503230608,-16.83637279663757
864.1574170765816,-18.886314039222114
3135.1601034735213,13.294115489499523
3080.1567912334576,-26.069968397804296
4295.16100140044,25.209082148576563
1446.1602635728195,15.411041207595309
4283.158300128707,-7.955586030181234
3290.157248720061,-24.70715666059651
-3623.8414932139567,-3.4979234274382174
1342.1570512971375,-23.941083207047583
-1768.839446868864,19.646488800455096
1637.158923211624,-1.6528316728895893
1132.1574757568887,-18.76929838854347
2881.1594627517043,4.336657816810066
-1617.8402438390767,8.68081074540835
-355.8418261159677,-8.670642302501493
-1859.8385489829234,30.71594185653494
2534.158074306906,-10.9598946747454
1205.1588794760173,0.892788112247688
-12.84052329568658,5.5522314436498945
2368.1583345666877,-6.845700269761526
2583.1588600206305,-3.6850488808003403
-2258.8419585435186,-14.269198694259131
-1316.8387452464667,28.45621769138708
-216.84048205509316,5.534482335518415
-522.8399832716677,11.5963319245532
-3181.842573698261,-15.728268052643973
-3519.840243542858,8.81110747019313
-3397.841069113987,-2.1203526956103147
-4169.839913579752,12.921679082295475
-2843.8405667283805,7.511620283931514
-340.83984390541445,13.63410409532847
-2382.839603541477,16.73356270597067
4035.157330614922,-17.313467561394013
691.1596391015337,6.483196174439101
-2106.841234018444,-3.306960842659862
4140.160663624527,24.8722658734307
-2326.8410642715753,-2.2372888756843547
-2747.838898661139,26.77553662153261
2182.158229132474,-11.578101055671626
3486.161359745136,29.32939243864277
3407.157017032325,-25.086236826428397
587.1610701717436,26.473583494643343
-2914.841994429822,-10.550795654361092
-3672.8404838017304,5.7638217865464405
-2613.83742726926,45.72497274510933
-3799.842507894791,-18.345686713858004
-225.84170469956007,-8.56168441413198
1689.1593876386178,3.430968097265863
-2297.8406103650923,4.7177988229549435
1293.159068304929,1.2560760647528326
257.15921201370656,2.4766679991775895
-1847.842219167098,-17.269135585255306
-3857.8402502152603,7.805894379297385
2995.1594554692856,7.998538429794939
1426.159498545865,9.097321372381694
-2639.841130357294,-1.4185682609849586
-3982.8408975914936,3.5113405113519445
115.15892965713283,-2.4179421537585846
4130.159684227547,8.17816785831967
4371.158079368412,-13.836614372611358
-4467.840602880693,3.943109473601025
2919.160427736817,17.264978288255556
-2761.8421080983826,-12.472533426451646
-3347.840641204675,3.795045116664175
3137.162348842714,42.32372018952401
-2138.841775330715,-12.1558326701639
755.1580964099849,-13.565774690596797
51.158326012373436,-11.443734163937423
-3502.841320114443,-2.4573646769722037
-1348.8414760467713,-6.422635233759385
-3083.84033232223,7.81561154537777
-3992.8407041400205,2.835885351284503
3331.158415046404,-5.917804046664492
2613.1571939293644,-23.012198324088835
-3841.842528885987,-22.175241047991456
492.1614292419981,31.455562561199287
1377.1609843154438,24.420021880891525
73.15746415621834,-21.525279781260387
1039.1581401253934,-8.825251068343047
52.15844879276119,-8.471754717600659
2976.16125383327,28.350267177000113
-2387.839122140431,24.68522643830449
-4354.842380487884,-16.383186672669567
-2446.841673829069,-10.247226154394893
4348.161001477274,25.211883502564334
-3694.842437347106,-21.24700268914227
-219.84063161350787,3.5940423388731997
4012.159503303061,8.993161246052255
-3376.8412512490177,-5.130604992249292
-83.84227304707747,-18.409997480984703
1570.1601324270014,13.48323177903624
3289.1583439508686,-10.698822816326427
3404.157521791756,-21.759473804034243
3199.160948802193,24.316633644578665
-3378.8420258414117,-8.64405190165357
4416.15784918773,-16.83300312586039
2279.1597026927047,8.300341109420595
-1774.8409609089722,2.4146262177556945
2028.1588576550712,-3.650060572399081
-1709.839470810548,18.65839285156723
-3495.8412023926503,-0.4134555287438957
-1657.8413603622466,-1.6428628215316632
1156.1572655210039,-24.6467531291907
2945.158912124578,-0.8317079788216084
-1452.8420819885214,-11.780791826651676
-2970.8414432647987,-3.5522337095623273
3212.159466909012,4.339401632121042
4059.1584049806697,-5.98768545230325
2304.1609438962187,24.29228862240644
-176.8415842364193,-8.540100400528521
3236.160345584911,16.334644285800614
-1133.8421934134676,-17.393598208702397
3882.1577267014072,-15.977058974692456
1456.1614855395746,31.39080767543885
1463.157651842921,-18.586513957953553
3454.158158328675,-8.963550023901506
-653.839938497229,12.674449432696724
2933.1588802421466,-2.6423108339619192
131.15854771010345,-7.413370324725308
35.158168772642966,-12.385845661164968
794.1609959296184,24.496969009918757
-2169.841884293768,-13.391632247711724
-1165.8395242213737,18.62144716700371
-1374.8415635741549,-4.740209497183574
-2478.8386542286607,28.58049558579608
-1573.8418282945058,-12.331179641967214
2585.160691092431,21.283070899787226
4078.1608985123457,24.245329822957352
1119.1587873095996,-4.5639967531001995
2271.1576805310324,-15.981467339297554
898.1587761418778,-0.76446011332364
-2737.838389349752,33.741337689970706
3905.158465530898,-2.230933258821615
-1533.842317980947,-12.868910954465868
2034.1622799148317,41.38429379449809
3510.1577435915824,-17.68372612113409
-1766.8415339744533,-8.244001694786034
622.1615095869638,32.45308680917546
3527.15829181805,-7.020928540983941
-1656.8417319029686,-10.393061148362596
656.1588389963727,-3.4213771575950522
469.1618216437055,35.483296803694444
-1163.8406029553153,3.665327814586762
-3648.838354400359,34.752475891663835
3369.159627971123,6.297553965058826
2428.159263163223,2.3948492879191523
-1517.8413907701033,-6.331252507945065
-927.841932733776,-8.782085288610684
2296.159387654625,7.050505650589482
823.1596197709441,7.490201522054257
-3827.8390593973454,27.560431304513124
-313.838309728133,33.64027893297916
4045.160331680381,16.21789422956096
-3999.8409101245925,-0.0635341188409102
600.1578339872067,-13.754264126303786
-1121.8395267955493,18.514434054989998
-325.84052535367664,4.598983515086223
-545.8391553193796,22.636372915857258
-105.84220516815549,-18.417114629370403
-2561.842198678991,-17.314947277465766
4020.159791569982,8.2642838622109
3042.1570231139776,-25.874523964521785
-4324.839816760272,14.87700655253658
428.15874780877493,-4.556596991098411
1429.1573258226272,-24.480709477200897
-1550.8409996648552,2.394068927757221
-1392.8389848475344,24.701992620588136
3992.1589240331086,-2.682957538949636
-2153.842251947033,-18.199918605760175
1154.159591801581,6.371696888890197
-2979.8419157532626,-13.246354387810849
-4291.840221566497,8.87269619279009
-904.8419599966728,-12.683015291222706
-2807.8380955246394,36.78645055447706
-574.8403411877807,7.565323809183539
-4319.841274652514,-4.184061792553812
1567.1579859972699,-14.601920868350568
4240.159672277805,9.029123760112851
1206.157976009592,-11.080012524788055
-1373.8389022760093,25.64670252221275
668.1582745598862,-10.55294661568769
-1801.840821666643,4.324060216661071
4147.157639578392,-16.00289802917363
-1522.842292787449,-14.575351940755006
-3158.84061274532,3.830142596911603
-3204.841677731485,-3.8554588626814557
4219.160537070769,19.15389035561902
417.15790624317015,-16.533184190235055
-921.8416142704664,-5.798118288252557
4222.160119427426,15.048647416428432
-601.8416908654617,-5.766632597030471
1788.1574558644788,-21.600285265975042
-123.84237766155275,-18.613889269299772
3447.1594738340937,5.325541573099926
1625.1592249327805,1.4833342048546871
3091.1572065626387,-22.88858524772393
-402.8422003914602,-17.4130288018803
-1463.8405271958327,8.364621744852107
1994.1578512830893,-16.706930559911896
-3209.8421697473386,-11.700074310919995
-1857.837433818553,45.69306009462108
928.1587384549784,-4.493489698710391
-2046.8411749824882,-2.376024805041986
-1932.842158060521,-17.239167617261657
-4498.841007075971,1.6148676161616518
2341.1583200265886,-4.099283942913502
2354.157728217775,-17.643002042334572
-3194.8394988310174,19.72620346022373
-3186.8415693120915,-3.679992101484041
3523.1596776906517,9.1922770246612
3742.161628430302,33.2290890751529
-1339.8397453527432,16.439894309785224
-838.8399536081706,15.39881179408332
1941.1612444742932,28.357419059317934
-4163.839568283351,19.748069890264468
-4303.841027518152,-1.1117560824677586
1763.1598598876735,9.476466131276124
3930.161603139073,36.884581447510115
1776.1614265709068,32.24864548599924
350.1579567497247,-15.453368705500086
4030.157876360172,-16.72335362546412
-3602.8413346235757,-0.6037011177208065
-482.8398655898054,13.565348692596581
-2310.842145771836,-12.5687663781564
-1995.8390445433906,24.687056991760798
1518.1593486175407,2.4705883461571183
-1670.8416963958298,-11.286807747014798
-3865.840486491041,7.682512899660706
100.15728119784035,-24.54734594522995
-1776.83952308679,18.666905093074703
3474.159329930728,3.297816500172061
3690.1574978496647,-16.120939357631777
3426.1604452961474,17.335522347241167
-1330.8422355699586,-18.37019848241586
2491.161427601357,30.34003834556585
-1357.8413347082678,-5.336490823976856
457.15764760179445,-15.73161619825401
1712.1600907273241,12.430383914551639
-2501.842184807756,-18.212246132642477
2087.1583496835083,-6.895516947215639
4281.1595933403005,6.290989650785562
2338.1593244482647,4.330969365783156
3597.1594302292797,4.339183370204324
-757.8405347680091,4.610412008928229
-546.8415446429863,-4.73136252731381
3031.158204147883,-7.9566959712695695
-1950.839466892765,19.684641930361032
-4266.841460213473,-7.142123265465146
4235.158369329816,-6.9741047740332665
-3576.841044019733,-1.2319317463176942
1960.158750003262,-4.5569011978041285
2509.1579835019656,-15.587683746796529
3286.158860977448,-3.625466003056519
2694.1624933346175,44.340047289721625
-737.8400991060189,13.341287906498392
-2040.8403471311321,7.6874431632893945
-3025.842011833214,-15.29143845129299
-2954.841219280672,-1.5528415755243623
1727.1570023845416,-25.89157736592452
2473.15786036558,-16.609238372323194
-3349.8390456096386,24.816735221290656
-319.84094737749547,-1.3431871699487674
-4533.843024297501,-25.37340017798661
3870.1592770826537,2.280835341615198
-4170.840529780777,4.85580426995336
3624.15845078259,-8.673550460601192
-2769.839907436515,12.819181112151012
-133.84114207874518,-0.6462076112459849
250.15771430300083,-18.51008574185027
-4085.8382727545104,34.85543265061383
3897.1596773076453,9.029355649974727
-2471.84202598274,-10.654518092742377
-2091.840524205705,5.7020349306295
-2306.841811311082,-12.270141969495118
-1954.8404226283892,7.54488369653399
-1306.8427633895772,-24.380688252315643
4196.158771208953,-2.8788379071850336
-3234.8398640557425,13.811405779531265
-2064.8415080552804,-8.201747608327329
4400.158536679926,-4.028114426567619
3724.157816606865,-17.75680443603318
-543.8403762311209,6.652116048240524
4149.1620604961645,38.277784045872664
-1930.8410947879893,-2.2617591779674537
-250.841470840096,-7.433807647584841
1295.1574660847546,-21.745492907698733
67.15783834236208,-16.5171701047827
3680.1615069809486,31.269315271493063
-1083.8417226104066,-11.345874495657146
-312.84035725618014,7.58096949747708
333.1602308106376,14.479532580098192
-4076.8406813589972,6.604800625831471
2969.1599907766213,11.305256690632982
868.1576737894793,-13.938151769992357
3312.1610282004112,25.283694642303296
976.1589853743208,-2.567798410906814
1751.159420604643,3.4091936626609645
4101.161558314576,32.270135192406556
530.1580880783149,-13.396063168949027
-1180.8417789314408,-10.494511013528532
1324.158165731409,-12.625381923266243
1161.1576021859655,-18.728756424322334
1443.1593609876,3.427841274184683
-2097.840219203732,8.65115461144322
-2666.839450913598,19.70106669220646
-2014.8412091984646,-4.259852006681939
2878.1574169450905,-22.74908859947766
3589.158699557185,-5.840669126067348
-3169.840966188116,-0.2628388490982978
3343.157578137354,-16.032081703535173
-3752.8426866234513,-22.31732791615145
2120.159329764545,6.154649368922017
111.15776972367894,-18.52927618440031
4277.160145786125,14.20349719247474
4298.158417085651,-6.951022209129734
-4399.842551700713,-20.396270856737992
-193.84238419652684,-20.46572300041158
2973.16168929619,33.376364316001876
876.1584733274067,-8.475988557320292
426.1576031431323,-18.647917178170964
3167.1575128987315,-21.662409100969263
4388.159011000302,-1.763516061572357
-2457.842289477354,-18.282634798902812
3006.1583378068754,-10.788242686207147
903.1597148295259,7.467562352200401
1764.157914256968,-12.902131115642582
10.157803765905555,-11.985220969730507
-1104.8417435222655,-11.274823045913747
-3453.840719094267,1.8756137337028314
722.1585825565271,-6.5502429820357095
-3436.8405967362924,8.492629091987832
-1850.8409580069128,-1.20988267508576
-2459.839709280641,15.66320875871513
-4321.8391737508355,22.877638898392483
1842.1597787670325,8.42935007927615
1158.1593846339383,3.3763599880832533
994.1590135209262,-1.4430802600816026
328.15944536367897,4.411795818673562
-1024.8377702594735,40.67132744697235
-1375.841344194254,-4.385927511306016
-2519.839509424928,17.745777891708705
-4200.840723627713,2.8660910178844627
4061.158247189189,-10.769105723038784
149.15800517692696,-12.711064488966686
-2915.8413653147873,-2.52752978662586
3125.1606489205733,22.142789779237717
-3804.8426847163937,-23.23099541110537
308.15911985520506,-0.4815747026687003
3918.1577315217,-15.9361842784871
-488.84131941152737,-5.420156423242714
1699.1588432579301,-1.7484678484851335
3977.159611543815,7.1820747001928265
-1407.838289295847,34.64207164682746
-1746.8389707932947,25.653991726747343
1658.1625856283354,45.447918349303876
2079.1594503991655,3.2952268247162717
-3258.8397402308765,14.69521830757465
1619.158533645037,-3.870966537377716
2266.15726410551,-24.64116046597809
2327.158853154455,-3.5510223394197853
-3542.841242509603,-2.3106868361161164
-2277.8402519335505,8.714838553781279
1475.1591488390695,1.277846614002188
-2011.8419829991763,-10.528122733715445
-4345.840948260913,-0.15473528116747914
2332.158741544641,-4.637730835928021
3372.159634495096,7.272865036609353
173.15812994737644,-8.791941966693924
670.1585152605549,-6.5633472187513275
-4128.841172053362,-3.209876874953636
-1129.8419936445425,-15.382134296620867
-2176.8423374088597,-16.42112477395849
-3858.839447944076,18.85799532880978
-3665.839863227622,13.8541576305522
-4524.839433496993,18.891585800367466
-3768.841962286737,-15.169975798520037
3431.1597389061935,8.292046222609022
-3548.8414109726436,-3.394042275887129
1850.1598046138533,9.448408017984212
-1341.8388752118917,29.423949178221264
-242.84241612203186,-17.66847923571983
-1683.8403887471068,9.455683004781216
3316.1589779272326,-1.7008647267438803
-2076.8389237672673,26.684475475422097
-4297.8390620391,24.832114869601234
-3970.842790513416,-21.559438205034986
-1227.8393072839244,21.657369440690033
3985.159052851086,-0.7908904289864775
472.15878457197687,-4.402407560895849
-3959.837428375671,45.83199441864277
1424.158648415585,-6.513625206700432
-4186.841978689539,-14.117080011307198
3766.1578540981864,-16.779282248841557
-4508.83750654856,44.90332243533205
3556.159456069581,4.351017146914085
-942.8388247387484,26.616827067214025
-3619.840485321358,8.61254989903574
-529.8423511325382,-18.579867679485623
1105.1594355963753,4.487847517624656
-3507.840407213429,6.728531218817745
-3551.8416461775196,-4.526337304902315
2002.1579975030618,-14.772454928221906
-1944.8418547016336,-12.358822256908118
-3518.8411811740953,-2.3039929451820234
-2741.8421068845782,-16.39866725075309
-2819.8399358658935,12.77237068625052
-2903.84174825449,-11.238011917858378
-854.8398663592525,15.450692721216102
-1574.8376288791187,43.65530809971077
2278.1589454585337,-2.603715671528839
1614.1599787141313,11.381112262716632
-626.8402665405883,8.540710526658282
-4311.839586109854,17.812571799982685
-1623.8407388558262,2.7037864692589437
-3651.8407036290155,2.8568889559187784
1048.1582498533535,-7.764247537537952
-1027.8414469255367,-7.44081296444975
4039.1602336965734,14.247072659544797
757.1576364354114,-18.485127997670183
-721.839540550136,21.33323735136934
-1595.8374348434154,45.62392846354747
110.15875777247129,-4.427552791682654
-1346.8375398652279,45.51632650918562
49.16033465915825,15.436852225215032
-3475.840595080168,3.78427157465803
-2493.8413247191347,-2.4612275837141766
3704.1572709663305,-24.73672349101315
-640.8385633348953,30.625464299148092
-3928.8404137516045,6.8345905783684735
-4386.842430999968,-20.16578280381163
1945.1576294757542,-15.84892264026222
-3288.8400978720165,15.37561133312794
-2408.841292337631,-1.490813711947287
-4316.841496058041,-8.045547715053303
20.159753479005303,12.23927919856934
-1548.8403746741242,6.614730764736448
3663.15865203226,-4.843556199761368
3028.15918585076,1.3504980991480249
-2772.840251294838,8.672379141515995
-3798.838370444777,32.89039072116088
-315.84146754432004,-7.370959697387007
4098.157541923749,-17.979286697447243
4383.1584411274525,-5.061147064575188
2729.156917521148,-26.000924016909295
947.1590789321926,-0.5170893170969748
-2381.8394271004945,19.753528708592867
-127.84163833764615,-7.611699583085667
-502.8379990347894,37.63566085675773
388.1582667111652,-6.800656999818294
634.1593463753234,3.4628642204224516
-2247.839108208951,23.712722359893768
-1754.8414912947337,-7.271162949234457
3579.158111902885,-13.672166639435625
631.1583866948495,-4.004328961449366
-2215.8427343331277,-24.318316652393328
-2062.841758517199,-11.329773904712624
-9.842091903439723,-16.576694771482824
1999.161352508585,29.416793557509656
-2427.841895329766,-14.172250775910276
-2339.8420203500427,-15.305544563865741
-491.84171586541925,-10.489396632887644
-2243.839104418643,23.71894821452763
-2579.8386630578316,29.78802154691067
-564.8410266736755,-1.4409394318529705
4205.157908470137,-12.08852124106274
1697.1598495843355,9.341802584754609
137.15903751173755,-1.3732033141718105
2331.1592660250026,6.037784767771123
3041.1571712757577,-24.769372619855247
-3942.8379411388305,38.87016685589168
3298.1620322927483,38.310168275226204
1023.1584182332153,-5.72961697514512
4129.1587157528265,-5.753786538072303
2496.1594516414334,4.357035249413444
-972.8428137975861,-21.73392647305206
-556.8418808879796,-13.368283596695932
2785.1581808732008,-12.715783268074187
-888.8415735154995,-8.495802449984788
-2813.842327088234,-16.579409811149297
-3237.8411137212534,-3.190071356352127
-4478.839807600656,18.58212462612547
-3405.8421629436198,-13.428378166122897
-3372.8391137029394,23.780607126484952
-1396.8413107414963,-5.31860679978533
2248.158358412911,-6.929554609006052
-283.8423735446995,-17.57343829865013
-1032.839607585047,17.544739154144594
434.15749721432803,-21.48844800997078
3089.159379522491,3.288799467612307
-1778.8390909142909,23.708709752473844
896.158675901359,-5.590754945071334
1908.1585589976166,-7.529800496721342
1112.15805665293,-14.687711114380487
-965.8420263193548,-15.539784668891787
1369.1589295849553,-2.7192006329637772
1970.1584908633959,-8.634679416610027
2389.1584446948254,-4.88211034043261
1597.1612806845224,29.383318055251323
-4434.842569385248,-21.176176059465707
1189.1585860805935,-3.9195970417394137
-2947.8418702799827,-13.271734335055026
1092.1582115532365,-11.502579906888128
1904.158679835673,-5.5895736137946646
-271.8424326200038,-17.76233635289038
635.1589360181824,-2.5206959261110207
3904.159985161503,12.210788503673372
1700.1604821794317,17.39439161892828
-515.8405418752809,4.642545493622293
-204.84109117352637,-3.439887606496894
2978.1618929274264,39.05773030485672
-285.8425358852255,-21.48172122931574
-1066.8428096837015,-21.752795090202206
3591.1612331062206,28.30055714091857
2835.157889707247,-16.59627849610122
-289.8416873185779,-8.55277949086299
1498.159020160616,-1.524791575126466
1420.1580840771785,-13.539061562836402
1774.161367850611,29.413423677035958
-1994.8390681606834,24.65492595957049
-3461.84068519657,2.8557064633398195
1172.1594635239453,4.4312929040802835
2822.15953071526,5.305932475507085
-4305.842182204127,-17.090679449114827
723.1594676673994,5.459373278094743
3753.1617082059383,37.01826301305969
2667.1599048067,12.178893683704898
2901.1576607019524,-17.831510309550694
-1978.84177302639,-7.652638355084254
-810.841750665044,-11.381717181180337
2713.1598856414785,12.210858464885748
-1638.8411897612386,-3.2861107432643406
2851.1572710775654,-24.75837202872428
4197.160828683875,22.14828480280478
2511.157877832651,-13.780091617018147
3519.1575101391645,-17.934553234900335
814.158305562858,-10.534123756778168
-4334.842454385362,-18.246355229510954
-2939.8424463266856,-16.5842738324055
1288.1590033361572,-1.5948281357189105
2063.158386451425,-8.628130317024734
-1477.8419458160643,-14.318462286769858
-1743.8387010580045,28.6206935866663
3731.157387797197,-22.824576966661645
1417.1595889857854,6.417131873371732
552.1595219920855,5.544370315734016
-2683.841890280659,-10.415879766117413
3803.15947978053,7.969394640892027
725.1625071523595,45.46635892543401
-4489.840864265396,2.6057518756963383
-2593.8404003783944,6.692467479481534
283.1580999728758,-13.433372871099241
3020.157441337593,-21.73512881697186
4179.158254551992,-11.715160198859031
2253.157721611962,-14.964191331171389
1464.1581798944972,-11.558049728022263
2695.159714143141,9.214699913406827
-3011.8421414275654,-16.283219728871686
-3290.8390562255518,24.766269577244394
-4230.841246896132,-4.079898281458004
-1666.8428499915753,-23.530258740581203
993.158507247048,-5.700257378769884
2286.1578651762684,-17.54858348169232
14.158163332787808,-12.494715770962571
3533.157284857414,-21.95857233977187
3319.157508604112,-17.972302167656352
2990.1594273149967,7.138714717918193
779.1580092988443,-8.959709912133441
253.15820833842736,-7.759366887111343
-1386.841002227855,2.2870954129750345
-2671.8404991914867,9.411608964565042
-4195.842800385319,-25.131886930546436
3694.1578025749186,-17.796845796175294
-1510.8419848627527,-11.59070503648763
1409.1610571724013,25.418529887748747
-370.8397563773324,16.490328884232014
-72.83961714321049,16.608473450471152
-1431.8421908208402,-17.250358342146605
-3527.840587999206,4.829631126599354
-1249.8403302696534,7.622811250326169
3191.161250759673,28.242624158876744
-3905.840959906054,-0.15972847812241575
-3669.8415254345164,-8.097377776084562
-2854.8421556697576,-14.373120433223772
-678.8429942482035,-24.76328023416304
-1758.842072323314,-16.401000430545515
-1946.8411702832673,-3.3875667267839527
-320.8402725046035,8.527347076246913
1797.157605299144,-20.61447699206378
1076.1584994331351,-8.448467650819772
2539.1577291053254,-18.581558889361837
-415.8405640494311,3.697680165503744
-3529.8413411226356,-6.088092257862829
-189.84265960456105,-23.467963195258616
3692.15789776732,-15.737820775100023
-1253.8425812094356,-18.718787476559594
-681.8416945337085,-11.33795524177603
-3360.842776222271,-25.338948780990023
-2545.838207804307,35.72050568429669
-3600.8404672670295,5.84383889581191
3861.1595413017203,5.2572398462443495
-1812.8407948332606,1.6539190680724225
-1058.8420952737215,-15.404266290445836
-3986.841107557586,-2.108319412548439
-2428.841455238289,-6.368365844877335
2947.158526700514,-7.698409050920759
-1043.840918890608,1.5267311319141825
837.1585706672049,-3.7180504337370754
-3604.8419701145613,-14.217856426084655
-200.83864165912382,29.543705668244314
2803.157794740051,-15.789120417102176
-4156.840242540464,9.844943736335216
-1725.8428634979646,-24.595340791879025
-956.8402413713047,8.669030633649216
2402.157842226501,-12.975267232614556
821.1583910204354,-8.532857908555101
774.1609456650913,24.471116361269978
-1596.8410668902798,-1.3458039152218202
-639.8422688613646,-18.358740856210524
882.1583704908844,-6.699353069768144
3321.1574186079088,-22.820526299426334
1016.1579662103322,-15.436032871678108
-754.840409446042,6.461534913536184
-2155.8406919828267,2.7398658185780196
2316.1567786986125,-25.10746544748565
1688.1585854485747,-6.548440176311717
-3103.8425608833204,-15.696754177120393
-3732.838747781934,27.912591313273765
756.160887349979,22.464854882430757
-2959.8401408302598,13.44144029193882
3929.162300170341,42.20832534454988
4105.158850802109,-3.667643804135464
-2960.8407425449113,5.454372850785946
327.1588584338897,-2.5243364579982046
1149.1590141964843,-1.5974911719728322
-2126.838364583382,36.4698958382612
629.1586719859042,-5.521038119831814
-1742.838560820208,30.709350515270494
985.1577483301517,-13.947077497321445
-174.84277643053792,-23.590765051888823
-3910.8409491394414,-0.14690319927781825
1892.1579675962566,-11.905418458722002
1675.1598233691766,9.423989023404088
-969.8424426149577,-20.579807015327273
3376.159459089744,8.045234172809298
331.1590990224504,1.309639683617272
879.1606183805852,19.442127293096696
1262.158536425326,-8.53346041678908
2104.158447968599,-4.937595969811059
-1011.8413174313027,-6.476630076093008
-647.840991064033,3.166092108437857
4015.1607435896876,21.283374994653506
2273.157725145167,-18.70498453882668
2372.1584957355517,-3.968626554665357
146.1579002077342,-16.515802460350784
-4504.8426841935725,-24.068876312190568
2669.160058441339,12.340079295605557
2828.1597703711013,9.26244590011621
-4058.8412035744986,-4.147303011610401
-2899.839961796475,11.734560411433344
-201.83918861678103,21.55937022566799
-893.8421689355746,-17.444285358134376
4034.1579181910492,-15.772755650604278
3131.158679284854,-3.847519178491445
3365.1590043106116,-1.706192635794765
3919.1586074440274,-6.751686334633298
-1770.8424629387446,-21.336426185091426
3614.158354010666,-10.765760904796048
-766.8420093777822,-15.330916070757054
17.158233389491215,-11.47131266323683
-302.841700237419,-10.372847196503104
2860.1583750564023,-7.777958047843367
-418.84240630752174,-16.66115931489623
2846.1572306331364,-25.689900347350374
2196.160251711437,15.369974586261597
-505.8401301970007,9.631625812109123
-1076.842655390501,-23.377169587136464
-3066.841408075241,-3.413517023803034
2965.15832464752,-6.973118493181049
3925.157882685249,-13.049702358352452
-19.84147408202989,-8.385831479279009
-2012.8415081569692,-8.248112255584818
2398.1585666082683,-4.824022916266213
4013.161727456376,35.184224011045416
3509.1586854023044,-1.9788409652481969
2229.1589818226057,-1.620158171745068
-2751.8420607142616,-11.599374935745729
-3373.840225463209,8.786867661201908
1478.1602311881725,15.416531172087028
4195.159542627691,7.097258535167622
-1318.8417223342112,-11.305742017995321
3934.15947204252,5.288184356574391
-2874.841171677923,-3.2951471103050665
1609.1603224448627,17.36539256071309
744.1620585909695,42.1931880594139
2393.1576261119335,-14.96563185525514
-2451.840660511225,2.6350432845711467
3169.15761789307,-16.000875486809235
-3448.8401914038695,9.841739583483092
-3042.8417060387437,-11.336552501102373
4246.15795890335,-12.987132485907097
-3511.8425947942887,-18.519716473773414
-1699.841281676374,-5.244827911867997
-4293.840883824392,-0.1334388609802417
-2558.8426456949674,-23.27818987864779
-16.841690277156886,-10.376202402708214
-3115.841459213407,-5.470417264647834
-1948.842121367983,-16.32898307101873
4104.158497540862,-8.774151309104287
360.1585832448909,-7.498713229511045
-673.8428720575757,-23.604206225747212
-4286.840341492498,9.708157917890842
2419.1582338905428,-11.606280220478759
3598.159961174999,11.296430156845526
295.1586542885634,-6.384123097210249
-4392.840907617938,-0.25511204764452433
-3354.8411085415282,-3.1417721343730234
-1841.8375930043985,43.69976707424511
1576.1618599297944,41.955880170698975
1002.1585638722754,-1.9319281353543971
-2633.841379035206,-6.180196417333049
-1335.8427258234005,-24.360881784062933
-563.8412416704232,-1.6957271389705664
2902.1583249048563,-10.721956652542513
1804.1586079018307,-2.859223420343354
3737.157130465028,-22.13555997755396
-3265.8417884181836,-11.190406728132192
-361.8378775695455,39.570355855860505
4346.15955580672,6.199824732888434
-1834.842021471297,-13.472983111910708
-3311.842456769373,-16.69573688064222
-1368.8418427225552,-8.597209881715196
-666.8424400702934,-20.384236954719835
1719.1600605417625,12.447397037385217
3988.1576735625276,-18.762690730572253
3347.1573493753676,-17.192053439286695
4218.1589644158375,-0.8117507948374101
2070.1588327214704,-3.629466823816676
-3714.8408948388533,1.6873966730173393
1493.1620566694764,38.449339558576035
-4279.842082847783,-15.064080034250455
-1175.8394142200705,19.600949283812362
-3131.842024521262,-8.689725192714876
698.1625589784817,45.48980571964362
2435.1574748156127,-18.86234084947732
-591.8405188007746,5.455061913579922
-2630.8406578173162,3.75263196369915
-3850.8418754719314,-13.055727980004887
4329.158856922877,-3.740463025194834
3353.1585773392,-4.983782401072135
1317.160415159713,17.34796444137381
-938.8420562771498,-15.423776355920655
2717.1572226204444,-25.650599249515672
-812.840009049105,11.600803668675779
3540.158567190112,-4.912203117219315
-3238.842351846397,-14.654533366099225
-3355.8392015123973,22.797083919264416
-3088.8407365520834,2.7785388819813406
3381.1597421947517,8.324891160679135
-191.84239741030615,-20.43314435957206
-1273.8378153223312,40.63367810646986
-1148.8422723148833,-16.600836340122193
-1497.8413818422123,-6.359112281983979
-2857.841008745949,2.4537903885058014
502.15752116328804,-21.458626931193045
-1700.8409881474217,-1.256509727146832
2215.158435823454,-8.6431181185348
-715.8413743212586,-4.598629754578287
618.157909889007,-16.46325225916199
704.1607097659144,21.48585859179883
-230.84120391122997,-4.435084051945202
-1481.841970213165,-12.482328894041672
-178.84052413358586,4.4630550888091225
-334.83983143849764,14.570938187163117
859.1584164263913,-3.933093394503165
1001.1577265530941,-17.60100254089089
-3944.8415183937177,-8.060514699970815
-3516.8406701994827,5.639946851120399
-1293.8424446171266,-17.629115200151723
3155.1594413649873,5.277956660105099
-2395.8427030349267,-24.43079196876313
1118.1586965750903,-4.633590001748749
-1145.8413257584325,-6.318573696286573
6.158926137897652,-2.3679272373698605
-607.8424791492871,-17.66387994081749
-915.8412964576273,-5.376437565587562
-2811.8415207254584,-8.21425986015141
3495.15951847448,5.333192112785145
3725.1586757434416,-5.687554861368115
99.16111041681143,26.55108286277496
3726.157052059076,-23.074761048892366
-550.8400976828416,14.274936523246653
-2560.8422248685965,-15.544429880347412
-1608.839832373953,13.755972622981174
-3637.8413889293442,-6.124120630648762
-3887.84020044154,8.806454990444083
-906.8414855119772,-8.42552475827373
2935.1579260631115,-13.79270096318458
-1125.8415159994038,-8.288898418349545
-1509.8423425480141,-12.9169076299562
-2148.841341532476,-6.176528274067138
-1143.8387797237956,27.676510989400235
-3674.839152191358,22.835571378755063
-936.8422037022538,-17.431135618766874
-3661.8420910870773,-12.503035697116172
-4428.839058161306,23.748835820499302
3615.159639597987,7.201419330682702
-3106.8414974974003,-4.43025163686217
2686.1602819787804,16.25140921279162
3862.1582034968305,-8.030500217211793
281.1581080642063,-13.372731265245637
-3223.8396732385736,16.7921247771147
4.1586233676061966,-3.6266055766560843
-1744.8378502843552,39.71181686791641
-686.8416519146995,-10.414708801962744
1986.1590823412407,-0.6300133352110757
-153.8387512321351,27.442320391905888
1467.1596063547768,6.392808354364259
-4405.839890028292,13.88554105126733
4408.158386821451,-8.794074783784112
-638.8391886188765,22.596581625091304
3004.1592937209643,2.3443571732567126
-328.84221127885394,-17.41851334269757
-2658.8425664537353,-22.29827237194707
2090.1586680283654,-1.9161121348500485
-3313.841155736416,-3.1661301023818
-643.8421063091373,-16.500871488354875
1813.158526098763,-6.612921001238949
-3140.8418595097028,-8.53735994352745
-528.8420326092164,-15.329592896941552
-3212.842339205672,-16.40872440915599
863.1619321551407,37.47796461701744
4411.157693930087,-18.752427378085738
3074.161235424923,28.29517597776057
-2319.841664672247,-10.312609616258442
2080.158599792572,-3.87107674503988
-3831.840363280964,8.765584588969594
29.157603316009045,-20.449450066949098
3176.1593737187213,4.2258614026630035
-613.8417950159637,-12.414166253815324
-1992.841571553552,-8.26700024904147
-2165.8393850805587,19.690858566591487
-1858.841616530728,-6.577820642253976
12.160531048721168,23.16765054128551
2107.158605748962,-6.556310056666956
1722.1572658399236,-21.90409582704084
1650.1591591413016,2.2801906620220613
3839.1586859041126,-2.9218112460599217
-3104.839729834872,15.784936666416845
-4087.837764771539,40.87308729775249
3621.1595558354165,6.258361600881717
1515.160992620862,29.9842144292032
-2104.840515953314,4.741545684090811
-1562.8406186982174,3.6491674198296398
2003.1592428289005,1.3725648009197542
1759.1598797027837,9.453278082886838
262.1577066750615,-14.696509123455627
-276.842699747358,-24.393201387077532
1969.1595784212695,6.326836347741642
3580.1589890663745,-1.724694202128739
-3365.842253888026,-14.510209568636277
510.1571707398398,-25.52972905760722
-299.8406640133471,2.623244922788798
4044.1612499043695,28.268342110779848
1593.1608240338974,22.406547800981244
2445.1586797133787,-2.854787468290925
-2612.8379492704407,38.730075373147734
3794.1590689430013,-0.6868855812871635
-3568.840161524364,9.897369199517142
3775.1580424277927,-14.704998856638895
2692.1598240783205,9.361366611080483
13.162354959407821,43.42257577553081
4370.160530493886,18.22504468877699
4021.159035975579,-0.7462963715345854
-3336.8417396233417,-7.494949188866849
114.15810557990335,-13.410601824092144
-419.84165525145363,-6.677823899334164
-2969.8396879622596,15.71545968826488
2347.1581723861163,-8.955409591985587
-555.8414805807406,-4.654928059900117
3165.1572935872246,-24.71003874734746
-514.8414632389322,-3.727516472246207
1276.159051187802,-0.6333998144338153
-2837.841133059119,-0.4771146213434072
-3775.8422965474892,-14.422819832099629
-3435.8421332021244,-16.17198706059394
-2400.842610784108,-20.523732255882415
-78.84130121034104,-1.7700747313148293
3451.160385049996,20.88228276552507
-311.8398600448854,13.516093046246402
4357.15928844834,2.27144450897981
951.158092311176,-13.50460384723113
3840.1596809810144,7.266988934228589
-1943.8416028834763,-4.694213649184541
-1553.8411285661277,-2.326488354750431
-121.8422471266822,-14.822138089381003
2576.1616085612914,32.35619792324127
-2437.8426736744004,-20.656401496052013
2422.1580660173204,-10.865441358201643
834.1589772219304,-0.6062176051711585
732.1584462912288,-8.523916744782104
-56.84173725126311,-11.364432425075975
2072.1606998520438,21.405588927318476
-1305.8405038778437,5.585871919023893
3187.159454031149,4.2867609155471715
-3563.841479286959,-4.419127084421373
-2672.8421547893086,-16.237188597749977
-703.8384352257708,32.601729270008335
-1540.8418601671,-8.620077056658396
3650.158159801096,-9.012470741153978
-910.8407009750372,4.461674073912366
2812.157606284425,-20.695662892642012
-3925.8411799604655,-1.2591510520725278
627.158924603078,-2.4737997500425166
599.1585527600255,-7.422895337220853
-209.83960634074174,16.57492436455486
2186.159261792549,2.3715654439166514
2654.1570764947683,-24.02792476524985
76.15820847469149,-12.451327230981121
1935.1577803438413,-17.57135688125067
-652.8420823250781,-15.358061140793755
-4379.843018867192,-25.43801879506158
775.1578779479023,-13.867180054168987
-3452.8416185324313,-4.532154386231326
3702.1613942966214,30.283788539517133
-2037.8406079119304,8.369545253297703
202.15966191730695,11.221265973095791
-1241.8417873372673,-12.342391477562353
279.1589374089963,-2.548041865336147
739.1602548203082,15.4511353279006
3639.15849530173,-4.980258737621984
-1516.838511337468,35.266735703859005
778.1577605087659,-17.44955581731429
1519.1625132343615,44.45306849079478
4453.160822896229,22.24747281502011
-1798.8424445752753,-17.641605428538234
-353.8411124352715,-2.4164083680945767
2424.158414169273,-7.7147904109755485
-2458.841387500055,-5.364339213782204
-509.83805197826587,37.5841860621169
1236.157546966686,-18.736623664006306
486.15829340805067,-11.494116154558883
-2313.8423717370606,-15.555680392252494
2696.15801543009,-14.69793129434537
170.15770791075192,-15.751626916658953
2409.157514160499,-17.9786103397832
-1783.840617885231,3.666120078663612
-3117.8404204895487,6.821146716385083
3847.161106356536,26.25781663074695
1398.1587165610981,-4.601298022651099
-1880.8396235327818,16.758699817642288
734.1606091780122,19.512595098809236
-940.8390170923085,24.591207802089478
3456.159355971846,3.352766070744943
3559.1587952138507,-3.709830044611035
4204.159256788844,2.211688859937393
-3727.8412100238493,-1.3661857136346232
1269.1594758393476,4.4130979540637565
3623.1598164038733,9.221149855732863
850.1607612225926,21.542196000952714
-4104.8421718131285,-17.112889430384573
-4132.841527354321,-8.087688891305714
4375.157890038914,-16.767215597990123
-3681.8376238719793,42.83961140987893
175.15808768756688,-13.540506381377895
992.1588068365818,-0.7949458802598421
3899.1585232137586,-5.828134772899797
-1008.8391764204716,22.634902966799757
604.1613665584591,30.464986256634617
2674.162580542674,45.390983296873095
-1712.8422845837194,-13.746539019357318
-3063.8416124827345,-10.273660107920042
-587.8414254509262,-6.429763160271021
-2222.8389044890646,25.756800328098713
910.1594630622421,7.2968986869368155
-4103.8430938614765,-24.484224515965558
1223.1592662328621,1.517660527026365
2756.1582462071674,-11.75266999102469
4309.157378929376,-21.979388239086372
293.157788029057,-17.537686263290745
-1786.8409118161653,-0.2768516250149613
3405.157014065888,-24.931907474021386
4326.159405669838,4.204707168818759
-3923.8395784557797,17.862701007211157
-2922.842620590236,-23.23378792895386
4268.157512616483,-21.772944810004446
4446.157813593512,-13.128775238948823
983.1573742667679,-18.836966003308753
-3277.841333488701,-2.482691573602093
3494.1582265754114,-8.025530398599805
3117.1594272798393,4.172171707594719
-966.8421724306536,-16.338850076762597
-4232.841506299796,-8.115504667133148
554.1587889051298,-4.445483069851272
214.15875615295954,-5.375604343202083
3055.1598542903666,13.044481474460243
-4326.8413300832035,-5.076569059510351
-1376.838174189208,36.61042135121431
3620.160098888038,16.957628011059526
-163.8421226204373,-14.69798860832845
3277.157551417651,-20.739582164467834
-4285.837902521598,39.84663563801287
-3077.8413235058542,-6.13569521228628
381.1584895196138,-8.574021186580694
1974.1585919975187,-2.878276390919849
-4280.838066864002,37.874715886649774
2859.160150546406,14.317314984374901
1239.158406585164,-5.8116951048200605
-1525.8431855125236,-25.67896128399049
-1717.8414095111657,-6.3690342446659525
-992.8410670887679,-0.4810192813301706
-1719.8415872746846,-7.463722520935601
-2586.8383690944174,32.811079294812906
-3330.8421991921496,-10.706316348179563
-4488.840886784135,-0.17518692361508048
1153.159396846604,3.2722247188024287
-4418.8383037508465,37.58394685210946
-3383.84251595533,-16.592965828414194
-2546.841988088505,-14.339724734832167
-3332.8414345394704,-5.320918435869139
-3819.8413048051298,-6.125226777927707
1267.1593612770666,3.459789094614628
-905.8403122680611,7.513633615909191
-2706.837653811148,42.75602178785877
-821.8399424944073,12.660306814486363
-175.83982617087895,15.492812923829915
113.15834369621007,-10.359115344639026
-1202.84183382208,-11.584645206402492
3833.1576741404715,-17.779498358617804
1033.1610576636158,26.433712664691022
-1.8420395270222798,-13.58770189907194
-3808.8416639783536,-6.568192107248717
-2731.8418528547045,-13.378169554924137
-4127.842414409737,-20.112206716972505
4367.158994182886,-1.825846155245725
4223.159465655568,4.130125579558685
-3151.8419943223125,-15.269092911240921
-393.8393823057995,21.483075589984907
3526.157965284423,-15.772437709870223
-1080.8428065372864,-25.39626733921795
662.1583407555008,-8.646204204804857
1290.1578491133405,-16.51484853237869
714.1609991138102,24.449870262496944
1163.1598010275047,8.393331674103353
-170.8427925739088,-23.715650252498026
2346.158185397042,-8.908035618594406
1741.1574642863707,-22.644401950302672
-3739.840998319967,-1.1711587768322476
-1488.8403896247037,6.713188007692631
421.1582117196522,-11.645677760752204
3322.1570042395033,-25.10292445560153
-4505.842455106147,-21.099901241636843
-1099.8421304592048,-16.360843125946644
1730.1575304403668,-21.607663368878995
2993.1599408000475,11.310362365749812
-1728.842768579605,-21.546591098779032
1066.1592560816207,2.4358234332095616
-2128.839360007376,21.579246708787686
3138.1572148132836,-25.680214228383413
-3791.8402251215302,9.751998116895058
-1300.8396657660487,15.579507239991239
4033.1579497421626,-12.061718760909748
-3864.841234115651,-4.1361352276134165
-1337.8378258089651,44.33080296082245
-4400.839866749826,17.53823284549584
-2798.8425749014714,-22.26950389971173
-4002.841821619775,-12.186701201490576
-2078.8398159472854,14.653206895929054
1870.1577995305415,-16.66862618063327
2640.159648750443,7.365866140112717
322.1594765895861,4.538337401446398
2382.1576152358903,-18.726741741743936
3514.1625632639043,45.2976483940494
2227.158590366831,-3.81652422535637
683.1599589409889,12.452882310343862
-1146.8417587574222,-7.659465382714504
1844.1585325157503,-5.869344789151088
760.1593580594636,3.4423593945671342
-2526.8395889835083,17.68255007878758
707.1625846371171,45.505747291300665
-2378.840026971884,11.705026626617263
3762.1589237377048,-0.8076940815723237
-3729.8424229132943,-15.553808113909279
1150.159050921735,-1.5310623584522798
-2383.8397660500486,15.723460764121347
-3236.8414393418934,-0.6964137456015793
-3182.8413241755334,-1.5884715351576117
-244.84220453858143,-14.678713718307453
3341.157160376897,-23.160535634763995
-342.84131768270163,-2.758979031677283
-1645.84050072619,4.696284012975967
-1013.8418243866181,-12.40740237571379
3348.157658133656,-17.871485158394005
-2266.842753047822,-25.321087725916733
-1689.8409964385792,-1.315238366930365
1228.159449786588,8.050765080175903
-1615.8405385558726,6.546888176508279
4042.1612109954003,27.268387711609556
1648.1600010321708,15.160515573280597
-4357.837686632178,41.93186352810387
-688.8419803181896,-14.393214916520822
2056.1589872842887,-0.7681759011329925
954.1597004233045,8.494246670256002
1649.1602757239598,15.38125293088792
-3284.8424282104825,-20.210139351847573
-939.8412281086203,-4.343542096665795
3793.158759249316,-4.6803655791572
-3119.840853431553,2.6633727111409407
-113.84160104067996,-10.466435460947366
-4384.840118188062,9.887332104663836
-547.8395426695934,18.59381471139143
2764.1592857161886,2.2169048627447996
890.1588521104422,-3.4519141338205435
2485.16048890847,18.209252596080617
-4313.842310360516,-18.147330842707017
-2363.8425326455617,-21.464356006946126
1995.1593475854606,3.307766427534487
-2636.8390332870767,24.773223877484533
1860.1575303320424,-18.75418545763504
-2301.8420822285116,-16.318344922256287
3666.1586626998032,-5.7794719135529515
-1660.840882657736,2.4173670563298266
4301.158559600182,-6.7781407234467785
-994.8410673891776,-2.309639006906126
-732.8420058603515,-14.389135503953048
-4464.842733624333,-24.1765027927906
-914.8379941900494,38.53206602800946
-2267.84057870775,4.679255966550063
820.1608404797153,23.469380708280937
-1647.838303472614,33.72160740400361
3903.1604058007943,17.295039398137483
345.1593220801442,2.5173778084998677
-4535.841199265735,-4.060096961447241
-4377.837453472544,45.82912295248177
2869.159397955693,3.4268673623995536
-2887.8424536348903,-21.242692365585256
2106.1587101481273,-1.9030839695785176
-1751.8389674665523,25.687894265304358
-1277.8418617622228,-13.465382222237814
3429.158360200003,-5.2423063651761135
1959.1578132344293,-16.62424214311406
1325.1581044306513,-13.528593184319028
1546.1591404883075,3.160073309365222
3297.161980956851,37.32839903679901
2916.1590152998106,-1.622463223192148
4454.159014058707,-0.8043409811237181
-3178.8422254408943,-12.683884690063728
3943.1584667479037,-5.018068287143301
2715.160136669874,13.29742088513708
2574.1582015461754,-12.601098583039406
-2068.842038296687,-15.411472975378846
-3046.8397669956903,14.80631681805245
-1733.8387582774158,27.72312795505193
3225.158598199254,-7.574957875911494
-3395.8409519850393,-0.20916111017718375
-3609.839000361215,25.791546047261505
562.1616848493577,33.58026848841734
-2032.8404169584392,6.66307132284911
1668.1595739162294,6.394293006221492
3735.1586247332743,-3.9455037890940825
3473.1587375602103,-1.0073173677987137
883.1607836927287,21.505699433471456
-2001.8406618623994,2.6787373283373643
1328.1584861197625,-8.573332388251568
-2804.837615040131,42.803874013888894
3443.160316005815,19.053481648353163
2988.158514492039,-4.038978709874536
-3394.840403627313,11.460910934430744
-1194.841360773018,-6.410013843326999
-1982.841832061531,-12.220089111492067
-1840.8421701203915,-15.468527648612474
39.15943545213668,4.545790502729933
3498.160092199105,13.200996443188528
2584.1619333923445,37.3623637530379
4305.157443831733,-22.886512605278362
3079.1582994913333,-10.666021943640454
3204.158678361564,-5.65577614210792
4361.157910952228,-11.083601959863751
-941.8415841282113,-5.644350812271947
-4342.841224099335,-4.110426453985022
-4287.839710728964,15.898522284990227
3499.161848891992,36.27808113361293
-1397.84119711956,-1.5507451492751683
-3743.838544428523,31.78595118255194
2554.1576911580632,-14.963914104080317
-1991.8416951005347,-10.26262189435597
855.1605310424347,19.45843879624846
-3381.8419903115137,-10.623940140837094
-3287.8427668708027,-21.51601069663774
924.1582442804356,-7.770503777114355
4263.159818298998,9.240856986518656
-3022.841710869223,-8.534991080511606
1604.157845557027,-14.670843266933069
1082.1582128170412,-12.51549359149082
2061.1587152208085,-5.631735994670084
-769.8427994720405,-21.853815373620392
-2261.839887199516,13.664945391699566
1438.159009013616,-1.652003678922143
-1251.8385353923077,33.449222149615295
-2599.8381926601287,35.7358300387967
296.15975958056515,9.443433566540497
-1807.8410303420387,-1.286360645661711
-1673.8387730906834,28.561696279080827
795.1611782517284,27.47878975481955
4087.1573547550943,-19.066631785698206
1704.1604431084706,17.40286324415341
-338.8407121031196,4.407989257136393
4412.15796117892,-15.794682613786547
3356.1591090945294,-0.6884319647138994
551.1620655033039,38.54520091796867
682.1583087222534,-3.971643101635306
3643.157916505588,-12.078676629959931
-1587.8426567657734,-22.420961953487797
3760.1575550663983,-16.107275424771004
138.15896872925805,-0.5463349789974714
-2940.84123038291,-5.241919729170321
-1209.839597259881,19.416837217267343
-3198.8423686281894,-18.218375784578296
1017.1586352908053,-2.780551321088785
3826.1585813515703,-6.738522976798602
2606.1601276817382,13.404811756654736
538.1623259276967,42.5083200046607
-1287.8399048583815,12.495034710715382
-485.8424466714496,-16.689168058582464
-3976.838874588604,26.863748190409602
-3884.8427662139293,-21.470862456583905
577.1582807409577,-8.645573247973735
3410.158129693591,-12.718105194535518
346.15882323740516,-3.502677770121002
1867.1590575961745,-0.5611413682565596
-273.84162462019594,-5.71578218751734
-1278.8420731657534,-15.409885145560297
-236.8405889144633,4.532426823692539
3463.158608926984,-2.9742851796538883
-707.8419426196488,-14.361759973015822
-1023.8407857065322,1.6444717339808292
-3114.8412534215604,-2.3928053625851904
-2762.8423216597876,-15.49704928249014
3026.1610400805366,25.336128453228937
-4381.840186769376,9.864317305544505
-4325.838037639449,37.864234327084134
1523.1591246685712,4.05059451159989
-2084.8410702422843,1.4445990777353028
4157.160143263929,13.193398454389163
-240.84208508988377,-16.417577923074553
-3124.8424163215095,-16.51568398586825
-1211.841880276741,-13.313664958916874
-2210.842578603886,-22.31525566290791
-4209.84130255325,-5.200612096861206
-3733.8398143426166,13.863628200665906
3695.161707537598,34.25397492092406
-2906.840925004275,2.470045651892349
-1837.8385189893888,31.659761007426518
2085.1596109611564,8.254886729764044
376.15777838102076,-18.491318214338705
-196.84187520953128,-12.449970632640522
513.1571860595141,-25.519188219097266
1936.160189694434,15.164098297917585
4311.158764420252,-4.712661026531148
765.1573599640979,-18.7845000605342
2177.1590864350437,3.1449317953421208
1679.1582326220232,-11.519329333099135
2537.158668984368,-5.662538436893027
3807.1596349471365,8.131073786522608
-3024.8425153926364,-22.30809992145643
2660.1611475654645,26.408097539584197
4434.157880669052,-13.123423704572406
4395.157558004372,-20.792075610920424
1266.1583414314082,-10.58761451109706
-4299.838326097932,33.90047269125498
-2323.841285803588,-1.6091171550020071
1549.1613356916932,29.404419240904055
1439.1588565995917,-3.641545609259322
-2982.8416534154094,-10.227874301759602
-2500.8427539402037,-25.265035226983066
-1833.8397579470766,15.67205239898317
-4256.842013793008,-11.459068052662557
-572.8407442614553,2.622518502261279
355.1598354454036,9.46218592703944
-3815.841084085405,-2.1432422205853063
4221.157403992838,-22.811326525620196
1458.1605454439996,18.45538951623005
1671.1601652871468,14.440619555701518
-4060.8415901454864,-7.197768870655029
3938.1579363165656,-15.710395508539204
-4296.840627049794,3.8468245846301006
-1223.840690832585,2.633091507872903
3105.159515665553,5.377811396772435
-1476.8416302942787,-10.360978923485026
3257.159261136723,5.062377561258595
-3560.8426169778104,-18.544923833719118
-1049.8382304703118,36.54500150268482
-2714.841684643645,-7.587723059114296
-3493.842463890789,-17.40545955454801
-275.8408098244108,1.5999325375439586
-1487.8389773253584,25.65268950620932
3771.159806281794,9.214189427277804
4327.158628972189,-3.0814963855208557
-1276.8409121747827,-0.3646294174444824
3106.1596259225626,7.333404720384795
852.1592086819,1.3832755704360462
1485.159477491863,6.306813684588512
2665.1601383408997,13.337017892490755
-1354.8389560374198,26.55895701424336
1220.1602377049276,15.358697015111778
233.15814530552598,-13.555168571210647
-3667.8414127600263,-3.3724770036600225
-2742.838544195285,30.784322734464247
-317.8416100873728,-10.440475741124246
3453.1605347283185,19.25902905071065
-4302.839595588797,16.89443577529542
-1254.8419362609275,-12.48523436767237
-3064.842312466877,-15.48618738816863
-1117.8413758050883,-6.369075494905233
-4133.838816324715,26.91748497557179
-1993.8382765016286,34.67125619494644
-1981.8415718006436,-5.796575797500133
-2783.8427013656474,-24.196542044184447
-3660.842379659356,-15.404154854272107
2732.161361795501,29.298214132046937
-1279.8378077318775,40.65055344975847
3400.1571845617727,-23.03113917066726
2773.161834213359,35.37258969139135
-2002.840977239306,-1.243654762037882
3243.16001951159,11.311728022743894
-2697.841062223364,-2.1754339189508327
3195.161242516013,28.233735704638114
-3474.8399388155085,12.843288789387492
4203.162103502778,39.062833427855026
3144.159358585719,3.330323054807927
1347.1593591673882,3.4524007438705677
-3777.8378872449975,39.811663091358646
248.15868546254933,-5.436472559133719
2116.157933557639,-14.736730397537176
4119.159630154376,6.264388165477744
1240.15956120583,8.196928096353966
-1495.8416679132497,-10.511731014577746
1210.1585582239204,-7.65824735902333
2303.1604931691545,21.028107768186736
2026.1577546191984,-18.774939838869084
-3059.8422242642264,-16.38766129535241
3682.1574670672417,-21.72699883045458
3664.1596848721965,7.279264063914345
1807.1589534507366,-1.5846222381257657
2552.1575630474836,-20.701997469773843
2566.1619018511265,36.37821267802151
-4176.841553975653,-3.632161547282257
-4295.840529508889,4.9318580462033665
1953.1598452429753,11.331922612813125
3367.158543332247,-7.725698143995037
162.1584749969188,-2.8659931607534466
-2556.841748847801,-11.23053780526763
3513.15834611177,-7.028229726751911
363.15814083302394,-13.43250060917272
3196.161773362139,35.302351097127286
731.1607608660706,21.423227671348805
323.1595761295175,5.564419569917753
-2043.8401746277814,9.600081423471343
4267.157058893819,-24.11827715205532
-389.83826920576394,34.57591224711484
4202.1580012769555,-12.068360426324334
1721.1574828110752,-20.67749289001966
-3174.841172885208,-3.1810743125482714
-7.841889365518,-13.418489042982884
2735.159255968407,1.2757310963317874
-70.84227099752752,-18.387829600572964
-4243.842607819766,-23.11729765667104
124.15785322606098,-16.45644703775937
2733.157306154084,-24.68290637510478
-1802.8421333064325,-17.318909141528415
-786.8400129418005,11.64442817045432
2626.1586348441197,-2.931927714530598
-1653.842240282218,-18.32369730833532
-3643.839137289382,23.825468791171012
-1650.8375619862345,43.71751577139543
-2291.842528369918,-17.69757757305949
-557.8415167353814,-6.512909581954432
2349.1589542133734,-1.589664991292385
661.1579846052337,-12.805603388241835
-3779.842613294779,-23.12681131901668
-745.8375038076192,44.6142368918376
1047.1580581140588,-10.918583831570835
-4248.84005512041,11.8883404990671
-2529.8425045539043,-21.265733463004597
282.1587449044455,-4.488950014910673
3152.160485175962,18.283046986008074
-600.8417999598896,-6.8249933713071265
-366.842505239998,-17.755433592894928
-3055.8424697887967,-16.59582080958102
-2144.841961690865,-14.384689320103096
4436.158129679738,-12.736338140339925
3504.158539438038,-4.060786657148594
-2373.8399108590093,12.716082585192696
-1131.8408009186387,1.5612944140345881
-3164.8413012929377,-3.358020605472996
-1665.8422163742362,-13.660894495100854
-4534.8424183046445,-20.139685571332336
2836.159280886466,2.3601523064763903
-3441.841465865902,-4.516306369549497
1449.1608269642456,21.300750817805508
-1750.8411569677992,-3.25295273179585
28.15711950988043,-25.592059589555497
3596.161314638972,29.269227960332984
-1942.8404225968989,6.681599823996333
-2779.8414284437895,-5.338694487403816
3324.157219436369,-25.719914375857222
-3369.842676113709,-24.21142577702775
-277.84237858472625,-17.550907530581295
3313.1599175502197,14.036897463426415
-3148.842095298518,-15.20845328649203
1660.1597814525594,9.440977478348577
-2240.8429406904033,-25.351662246300336
-4410.840688473603,5.622277459981907
3999.1572845223127,-24.721208487412596
-2121.8426478267065,-23.302262746680405
3668.159882980981,11.216361991908167
-4201.84173798433,-11.12447008555057
-1696.8424679894233,-16.711326521283496
-3787.838715969061,28.774850725455394
-2202.839774284279,15.693161369719858
-2060.841512969346,-8.240978890797102
-3090.842077214911,-11.473243532972962
1057.1575933867134,-15.850159502520459
3032.1572534765,-24.608539263991673
-2288.840320411022,8.657783066029358
130.15797765739262,-14.50433377834604
-845.8407009048387,7.131927896267419
1755.1578605450923,-16.64777357053456
2164.1593968921225,3.423152742647771
1972.1604250023956,17.369726640888025
990.1615267542074,31.48387488357794
68.15725303679937,-24.407842201753972
2821.1594500922947,4.371865188894251
-4122.8398116508615,15.795582808072778
-2631.8412456031656,-1.4517024124019189
-3247.83767149545,42.799619625417925
-2907.841980831523,-10.63648198451213
-1292.8405374618596,5.533045739501851
4372.15751895681,-20.871846501979867
-2507.8415492758504,-8.356129054072705
-516.841444850259,-6.419631889696452
4072.1588195134536,-0.9633176105327728
-1153.8404293839703,6.607652655163056
2388.159564007423,6.391825815345612
-119.84291282482445,-23.803757954797085
3555.157883993641,-12.946332352094073
-1432.842108603858,-12.692595634017795
-997.8410424889298,-2.425322639767149
-3904.837809191493,40.863686799097344
4274.157598891237,-20.819834625636933
-2479.8389094974846,25.727763516892573
2923.160783729516,24.17042994765461
455.15783920750255,-13.815041335965864
543.1577395469067,-17.47229408193418
-2193.8415017378866,-7.26902403545835
3676.1572073005373,-25.742565673716705
-1886.8421776263276,-13.614983501957859
-1474.8410545854713,2.3521710777775375
2769.15723673685,-24.818495909643374
42.158341279719025,-10.455651833516761
-3430.839767673984,21.325926887994633
-4183.842399101763,-17.249727816928925
3830.15787799831,-13.9042616292273
45.158295289904345,-10.512631807621784
385.157908281486,-16.38656090747554
3749.1607192239026,21.286921992173305
1414.1616396725876,33.3646019387263
403.1573497801437,-23.490890620201498
1925.1576943571563,-16.8780480808801
141.15966307389317,7.515462269737785
-4149.843256173073,-25.644864926012914
2499.1603742863517,19.137193025027607
3587.1585385117796,-7.720735028326314
-1836.840910995379,-0.315947404994386
-4466.840643623145,2.9053411367820114
3374.1596578723984,7.2833404194855
-3514.840902263706,-0.09547462936048223
4449.159062794235,-0.7305903184719549
-399.84139586926904,-6.359650713773871
2586.160585256701,19.293411436805542
-1543.8415137781412,-6.473716578735093
-2634.8404538406758,9.456545237942533
172.15763588872505,-17.80679243051575
4154.158840103017,-3.7022918642914595
2462.158960302884,-2.5934380837279525
829.1607097855303,22.42603414442779
361.1586805791012,-6.524009232996308
-1272.8410212548333,-1.3882063791172055
366.1586428230512,-5.494826235003415
-3215.84016597335,9.797920273862564
2938.1581537304446,-10.797257272900783
-1070.842735236918,-24.372629306863764
4038.1596226256806,6.1390985269359515
3727.1577806472196,-17.703757157824704
-1856.8426572401659,-23.314010269481233
-3948.8401213313336,9.853240088719973
-4134.841060081497,-2.0540703482879996
2671.1594935348257,4.32171295187708
1542.1600935526076,12.436237901480967
3588.1607625301694,22.261788054624326
3437.1582070297445,-8.972280890132343
-221.84036787995137,6.629508126016688
-2364.8404224650585,7.600752892208785
3130.157813540718,-14.025694572816011
1113.1580867066514,-13.619770750424951
949.1592369182035,6.15953227532782
1799.15730015171,-24.60460748834663
-1478.8425005699974,-21.33282890983373
-3980.8418414072366,-8.440172573562403
2638.159385616018,3.3480471352320933
-3089.8422039287398,-11.73211520765505
-1566.8420561053208,-10.704120417157625
4026.157936246542,-15.773871472580318
-3852.840365195996,6.749411298825825
-2146.84021755337,9.715325539452204
1067.159497549117,5.4372739847942935
4291.161239107489,28.21495260970974
813.1603906874079,16.518727915838817
3458.159265040478,4.1569705953021305
-1814.8417539030197,-11.364047795486336
-2358.840544466686,4.7026657466683925
4340.158314410306,-10.677284763475633
-1110.8424459830858,-17.55081780199052
-2426.8413055803394,-5.331371266090663
2830.160035140754,12.339897910775443
-3007.840867926425,-0.22619177945455338
-1199.8402986081783,7.630533707924515
1835.1591039579362,3.180886831553618
-642.8420967518468,-15.471291790384347
2739.157322084182,-23.640484955817627
-1095.8413010618533,-5.358748129234451
-4491.839859552099,13.874587928650422
188.15795309550595,-15.41259464899442
-2114.841269144439,-4.263691333557851
3136.162545725936,45.2847956627258
889.1620009926846,37.550375306302364
234.1583131083753,-10.585294140252607
1108.158083203074,-11.669489622820489
3234.1588884400553,-2.6846866597321926
1503.1587464511395,-0.9257831806858592
3434.1606475100853,23.981260323886453
-3245.840065889235,14.523615809029218
2987.1596747815493,7.283134461905734
-1238.840629017388,3.671066795917385
-589.8404520914191,11.120744057245664
1605.158414376434,-4.8566051778473245
607.1583428930026,-10.597678554256461
-1355.8398469811073,18.333117413845827
429.1597178772208,7.544688340431005
-3139.842264516512,-14.517234660119069
-2195.8407156991307,4.590035558086182
-37.8413897221908,-2.946459859285686
2203.158675850136,-1.9697206209779763
4428.157356510055,-23.75643767064208
953.1603599804221,16.45696516908032
3805.1612625304842,28.271349860570353
-1502.8425818446558,-18.635793702053554
-367.8398904512287,13.52869416662884
-1345.8414216227247,-3.6896325029169468
-2008.8418564781314,-8.598500066823158
575.1581516038277,-12.439324528198282
-3423.838258888165,34.82148483305529
-1390.841430420638,-2.645901820105922
591.1601447130088,13.441902919898277
179.15864517807495,-2.7559608101060133
2787.159467972,5.318553895390648
-3539.841159929987,-3.1621350473747984
3595.1625726936036,45.28567356448367
741.160456260317,17.532887936349518
-1421.841369063477,-5.393236963119655
-3517.839950222464,14.558813730485534
3802.1593117081793,2.2405037921161632
3113.1585636694217,-4.845645477660996
-2553.8397928401246,14.716182709843688
-2435.841588658688,-5.500989067213784
-2354.842048636463,-15.242997801430459
-2065.841780980758,-8.535776542403001
-4235.838864128164,26.87574595200053
-2403.841997636482,-13.454525349149321
-1157.8393740647007,19.64741715688656
805.1577670368715,-16.58104221670738
-3456.8409465659643,-0.19643185052924927
-2792.8389014010318,25.702898661806387
-202.83867942763027,28.653030373925873
-4199.842163855559,-17.085653099175033
937.1594622781267,9.155430393699417
182.15950581693323,5.5106034581727155
370.15793853637297,-15.605793906786076
3900.1597378177103,8.213138542471995
3358.1584037509747,-6.028756070735101
-859.8424001856474,-16.600966202411634
3171.157041153172,-25.942583765342484
-337.8397343773977,15.548343563700746
-198.8424919109675,-21.518055959935364
-987.8417359609739,-11.460964938873362
1068.158465722634,-8.470689813026553
3916.159482619958,7.043717134917193
1740.1572206292767,-21.954508314422036
-624.8417816231376,-11.425320230613504
-351.8417057193001,-7.6272265030569715
3333.158234788163,-11.693496025851601
1320.15723152773,-25.569516217522555
-3384.8419323740527,-12.298142975191887
1294.1598409427097,9.305455091668849
1336.1587119855685,-1.8708043626729998
-436.84218624944333,-13.703044964924631
-2236.842727179406,-24.309266022339642
2661.15928115556,2.3062599933540486
-1054.8403447847813,7.637107145513568
1260.158236807445,-11.77685633163113
1865.1591037439648,2.198491194422248
750.1590986161027,1.4409446689076155
4287.159595792764,6.242954527600521
2598.1585341431783,-7.665548630342112
-3451.8414595334907,-3.4457959656909933
-2582.8409124634927,-0.44854685184231347
-3969.8429774222896,-24.514157768501143
-1980.8411610428593,-1.4943744664221974
708.1580165093765,-14.52530195671659
-1926.8417016409803,-6.588753687185099
-1570.8418388976133,-5.820164004935056
2651.161838566477,35.37191998077979
-837.842325670761,-18.556616923282327
-135.84194359148387,-14.540880446463612
-2935.841648925096,-10.185402125440216
-4086.842228377005,-17.20190936328651
3932.1583434754866,-6.045574006052868
-1398.8396946005523,16.577654813495315
1370.1583604695043,-10.647170761948901
-2347.8387822958757,27.72844586666112
-2251.839621249179,16.741338061451046
2211.158190309652,-12.536695707134086
-658.8424911647453,-17.639597496738233
-4530.841013251978,-1.0557533821193568
7.157968392013572,-8.89585344614406
-226.84266477584606,-23.43969266844663
1646.1576039913343,-18.786473972416218
-3325.842393312836,-20.210809506160984
-808.8401539669139,9.57841279301965
4249.158426649519,-8.784216498407403
-1621.8397984363255,16.488072072781243
-2679.837627276953,42.813891459919915
3087.157170218823,-25.731147745891292
-580.8412762511289,-5.3502442424593815
2178.1584687171853,-4.929765379753933
-2279.8407618235797,1.74522277054443
-2162.8420152938925,-15.282488364937137
-4007.839194514323,21.92337682528727
4255.158884230885,-2.7170525582058644
-648.8405424944358,4.612042258362536
934.1594998565852,8.186583619163468
-4445.841843707894,-13.124994755471288
-980.8383472242276,33.65046203607122
-3386.8415232173866,-6.275839005415922
-1739.8392007701914,21.65511713131926
3425.160419994849,17.31847218126856
402.15823054587236,-11.658271351053461
2808.159522804199,5.287090034680267
2675.1572547505493,-24.686059959862057
-1219.8404237173381,6.626786267141231
-3107.841765098623,-12.307744907446246
4303.158993053134,1.0416082822332218
4206.162046028476,38.249061883217756
-3385.8415372630698,-4.524272902625013
-282.8426554944017,-23.48690852127227
3250.1622772777337,41.22418179864682
678.1595130935893,5.528996040654047
-4175.838472762378,32.821135936258635
632.1586339608184,-6.477797888708142
584.1605115194689,18.501462162962568
-2485.8424202202586,-20.416983848979022
-2764.841691032285,-10.194987316195025
1499.1598273679265,9.45645017864969
-3459.842223997577,-15.333787550516316
2219.162389466015,43.34531236913631
-1824.8408670881763,1.6578648375606502
2777.157411533699,-22.727285128499418
2024.1596725231502,7.410068591381393
2687.1583058959222,-7.053658192908443
-1122.8404954113066,5.594940386392322
-3505.839253152604,22.683073071825895
-3317.8410160299973,-1.2000608514324673
-3685.840773507778,1.8386115482515084
-3471.840654875501,3.832718517852074
1026.158410576114,-5.794061683116494
4217.159432979184,7.040132953508415
416.1582481356454,-11.416787361665572
4264.158845282567,0.9294084881471552
3547.158270811022,-11.719257825527125
2141.1602365795407,15.377711892959683
225.16049701871816,18.483280203055884
3186.160915853863,23.338110196268524
4296.161291691416,29.21152741260449
2898.1622696976992,41.30378695837427
4362.1588190046605,-3.7225209658412473
1978.1586234213319,-2.91591743833035
-2449.840680762718,2.685388446592885
3883.1584387610783,-6.000862523039052
862.1599463784951,11.431981564902815
1929.1587113444693,-0.9300027559125983
1670.1594103211537,4.3674130408305665
3790.162506448163,44.25996993132815
-388.8391966439085,22.589504347205867
3781.1613325756625,29.25002355642468
2682.159175770881,5.032543602150138
-3574.840545318555,4.848584571728194
1667.1587992658606,-4.593531459557445
-3266.840378947032,8.701304168819055
-303.842214598204,-13.654119084586636
2095.1603096561157,17.299490697505647
-1464.8416044568876,-10.40474078776132
1714.1609335612739,24.435468056381957
-2799.8405673937523,4.792534967647949
4062.1588184995344,-4.75415377463241
2526.158553771442,-7.599624048224822
4102.161557369109,32.22674962359592
-855.8390406739782,25.54853669855438
-1788.8381938605453,35.711472276219034
-4458.841499897884,-4.383888911034784
-2123.8424066774896,-20.301674689961857
1380.161189166247,27.377254816066234
-74.84052767133107,4.614173911799838
304.15858630120056,-6.489033027563524
-4068.8406952510704,2.8891800575015942
154.15774984291056,-18.564849506724467
-3400.842160950124,-17.18417453326122
1707.157362912083,-20.794096834027798
4090.1621132181026,40.200836107749424
1639.160147242481,13.501113276047585
2436.1586625751806,-4.733666285593602
-1097.8387943177368,27.65123597008545
2746.159409516549,4.253185356140632
1053.1585157900117,-4.756044914215263
-213.8396458553616,16.474920561250507
-1454.841433475318,-0.8432970261657777
-63.84070220525609,2.5562091642005385
-3740.8394995892886,18.87164112604046
3143.1601290123654,13.3205425068773
984.1580482342979,-14.52556528770845
1742.1601380521315,16.088829229986587
2685.159946934553,14.135069547324415
608.1597997244098,8.5084753794859
-3037.842171084252,-13.553485891675946
2535.159752500651,8.338885585074317
1991.1581841711304,-12.489767151263756
4007.1604297033045,18.155093616578327
-2592.841274632723,-5.319520658223084
652.1602423082222,16.387237937527125
-2077.8406175980344,3.560575800172572
-3668.8402887753327,9.751406914888607
2659.1612226744182,27.406500119117553
-4500.841104276362,1.5251685238554007
-245.84006039437372,14.291875077285416
-3913.8413150696433,-5.146470502622334
3898.1594861176563,5.209785182748176
-1972.8388754890766,26.723793110967378
-2708.8402495568735,8.784550811417168
371.1614969310467,31.557933382599614
4014.159293886856,4.0445096010073165
-771.8403649567626,7.562133231615055
-4139.83952188713,18.885768039198645
3263.159128138679,-0.7734321160598325
-2385.8417452023714,-11.25197462838484
2221.1587527744123,-0.9227643312050438
1265.1583071721252,-8.754101872732413
1382.1609969463316,24.447890842598987
751.1585714041139,-7.520092595135316
3888.1593864125316,3.2857715647517303
-1697.8417167273583,-6.6256886914223925
-4141.84264506615,-23.164809766698237
298.1587634924217,-3.474584899275122
-2875.841149054875,-3.254199752134517
3223.157772152277,-17.651770322338926
692.1601204632898,12.581512866643243
189.15844546246808,-8.412875721633966
2625.160040274146,12.331736265964777
2159.1593647048576,3.3534463186301746
916.1625293083489,44.493519891017264
-4425.841809605947,-12.17239793522084
2663.159634676238,6.368358151060466
-2417.840854342561,-0.23189470105831145
-1308.842800979386,-25.382104122463048
2167.162466692156,44.39840058245794
2222.159095037321,1.2611952039998044
2804.157957059506,-15.592325123644127
-1692.8398800629075,13.715230576965263
-4077.837723486009,41.862368845642784
-3095.84149555146,-8.116347121570996
-2349.84111093753,-3.283918520976087
2411.158437104372,-5.810847997445395
3280.1569800598663,-25.907036181122855
-650.8421478686505,-12.670770695954833
-841.8406920891721,4.479487351720042
1181.1581852181698,-12.503990283311733
3605.1593021154986,2.203115141050393
-2329.841821544396,-12.247502218243085
-1828.8418852203176,-12.507649921665347
-2311.841910785879,-11.396129290850656
-3467.8380395105924,37.764989601724054
1479.1608159660827,22.444698265863416
-1328.8426042952342,-21.43380323427846
3525.159691241104,7.347592405010134
-961.8416634939495,-10.452918683585635
-3177.842358708149,-14.54918664721675
3127.158641225309,-2.922482911783801
-4481.842795565142,-25.136027445904176
-3445.840639997681,4.757420622716058
1496.1617385009304,34.455094164577595
2710.159302075568,2.4141990972754055
3576.1597045965027,9.120181655797714
3539.1592667874647,3.2341934429591106
-496.84134647320025,-3.579409429913759
1037.1575505698565,-16.88469196932862
1213.1581748284516,-12.562708790386765
-3720.840652268147,3.836891576373395
3288.1590733703924,-0.6251584990883776
-4198.838075394684,37.85984414105798
515.1605013226508,18.456056752125235
3455.159668832086,7.332912208664942
-3249.8413385023596,-1.4986182624499884
2009.1583298923797,-10.594253278604473
726.1602781740366,15.528210711064142
2119.1582686820184,-7.8637008839300915
826.1599322633701,11.42966369379952
-2566.8397398037487,15.706684073598955
1036.15873128979,-4.542438275898002
4242.1587664861,-4.794229745942168
3608.1582413649303,-11.648788837069594
-4016.841655053664,-8.306727257918233
2882.158858347626,-3.641108551904801
3314.1603333221283,16.28229680351152
4190.158265960636,-7.1297870822980665
-292.8415300854831,-8.350824416651934
1259.1578492273693,-16.51247055761012
-636.8423474604497,-15.687250716687785
-4501.83776416583,41.83160398784406
3254.1617417613743,34.31447857091881
-3599.84053004859,7.603493561308168
4386.158361786918,-10.900652216412885
-3133.8419377945247,-14.140658927060677
3549.158035690838,-14.704077743595015
1505.1613547126763,29.45419281267217
-869.8419557623565,-10.787457923994062
-4009.8423871328705,-20.11419066840162
2709.160075755324,12.432142928598077
3336.1607156895916,21.287309467609177
-1896.841480557283,-2.668361804852603
-1680.8398249475867,14.67483526889391
4363.159438636794,4.2676359971385125
-3481.841778370319,-7.6015683018936
4224.158162878186,-8.099140767864004
-1134.8425775229116,-20.502488423605072
-603.8392654809286,24.3398920209238
-180.84225456573768,-16.55551700260591
-2538.840904865996,-1.1228532273241072
-4526.841937635734,-14.045927071673997
-3553.8418502607965,-12.18701073815409
-3981.8411466790712,1.499738562765863
2455.158676514984,-1.8858483909507067
1080.1599576569279,11.504125584220551
2240.1587799971458,-0.9157440542897142
3057.158065998752,-13.648353897527358
3804.1580240355106,-11.885662232610752
867.1575248716981,-16.899989624549093
-1038.841692400165,-10.303290281218509
1845.1581591712893,-12.712710380560274
242.15818455448607,-12.420674711149587
-2605.841803738149,-7.5861772932701435
2603.1611178644234,26.412588770205723
-3013.8402091027237,8.755205753750309
-453.8423725826433,-15.751164330462075
1590.1586699350155,-1.9774637637142396
-2074.8403434144566,8.582275321642085
2810.1580249686376,-14.697919118138536
-1941.8395542643848,17.67736319958881
2048.1586937026004,-4.661855086874025
-4389.838510472153,30.94554711450148
-3890.8406900015543,3.814355827081174
372.15834534639725,-5.759702068362131
-1569.8411504921387,-3.369621539747282
-20.84051259473199,4.6303333812577865
4426.158828895539,-3.7366488233173953
-840.8394749285071,19.572575151394368
-4338.839784168231,14.855721608979865
92.1596545437933,7.52093440632323
-126.84152229764732,-5.670162135237836
2007.157596042438,-17.99399865512288
-1203.839672723785,16.608817632023758
3990.159572038043,7.149071122290891
2529.1577221205225,-18.564730236603275
1691.1588311907253,-0.7972813425874561
-3152.8387016213965,29.74979357932046
1065.160825976287,22.44705008091036
178.15985465748236,9.600291479586192
-1405.8425800259574,-22.376359346570183
-1663.8408625762095,1.4887019560373744
1073.1584538811585,-8.633529726104184
-3876.8410903959884,-3.1141041780527106
-3306.8413236909546,-3.3328161695790133
-2473.8403968974017,6.802627243322085
-110.8411274914979,-0.774481768973871
-220.84047052590176,5.5525916007669665
2199.158605743374,-6.576563934958407
-71.8414456055034,-3.68503012773615
2728.1588886592654,-2.6916429687660672
-314.8422804872971,-18.449893261136392
2128.158280657546,-11.596942395720848
4254.158781365724,-4.833271399933675
2005.1586379159125,-5.727861388105174
4256.15770049725,-18.79334295633855
-2669.839552488178,17.802831203171344
399.1578504938516,-12.76375192010241
-2710.838820531266,28.70330688389511
2188.1603532835143,16.35597307395596
3618.157311683637,-18.17083265455871
-4516.8402809627005,7.82819415370802
959.159952894086,11.507707185697774
684.1586962981382,-4.54476393977473
-3446.841055650206,-1.1792405475625696
-3230.839685425337,16.615681384077725
532.1585402417113,-7.405614411199958
-4450.842234326818,-17.979854918323532
2280.1577090960927,-18.623957345789563
-2022.8421314955922,-14.579952157076864
485.15791031718254,-16.50208388915226
-3931.840273704729,8.886553888891639
-4043.8410423872992,-2.110035621642134
912.1578735152725,-12.862331943179731
-1255.8407316275989,1.6693008148016908
2737.1582737907884,-11.657123646090406
-3398.8400112470263,11.82851842792036
120.1579341290053,-15.47187020740004
942.1609041363699,26.277245719207997
-2495.8379667853005,38.766138788949185
709.157733769156,-17.683315574185883
3160.1574913875666,-21.705078264080193
2543.1594709323253,4.393498575507003
1685.159454607172,4.446454685892478
3956.1582242063014,-11.798901175434096
204.15807761700125,-14.496867521503788
2348.158217441989,-8.88471503902184
2628.158805652638,-4.625778154925718
753.1576978968806,-17.567712429140627
3121.1573282150785,-23.721946242314136
3524.158497739467,-8.621030075426022
-2207.842866005958,-25.423218023431396
930.1600507886033,12.519045961877259
4380.158503490209,-6.819884074272572
4131.157588225789,-20.764109825034794
-3833.8402861233917,8.847500142967105
3465.1592623493634,1.2616171941712526
1738.1571923916345,-23.82130539538276
4198.157308813883,-23.956513206694332
-3231.8395141509245,17.658596524978286
-1528.8424126344034,-20.32123721342627
-3391.842544550309,-18.43684958221187
3094.1574151993264,-22.788410560189888
-946.8396845434909,15.539237074090456
1826.1586275658337,-6.601322769126785
1502.1613033841131,28.47257699197199
-3588.840386766533,6.903925764777613
1188.1573972961633,-23.667055907477955
-1216.8417207254097,-11.305351218440766
594.1585528773139,-7.4385741241007075
118.15803967381362,-14.345933015737465
2703.160755818244,22.308978975839466
1040.1584470672533,-4.821570093994943
-4413.839679379656,16.85251899883783
-2027.8391659767367,26.416147265555125
-1334.8428047004272,-25.33320511327694
447.15833433746593,-10.40938005503073
-1098.8401732010534,9.66495829624021
4067.157522128604,-17.06294657885649
-3118.8421205210616,-16.148585811456588
-3147.8415119924466,-6.298480384636206
566.1589786675759,-1.507133840101086
1185.1581554826116,-11.76308073019207
271.1576807880774,-15.659540838583354
-2005.8418147082557,-12.315539044469023
-4268.841523230949,-8.051429166846793
-596.8419489823864,-10.630538458036622
-2502.8415857072687,-3.714353057530616
2180.157707034319,-18.623147798345542
-3406.839142650948,23.79216760332728
2553.160221751663,18.052418522076245
-318.8425462025916,-22.397301229051244
-2174.8421256631264,-16.28383683190645
-1580.841425783583,-7.32955272659428
4032.159860396001,9.248793748373993
-1637.841896740545,-13.345199845954992
4280.159510952537,8.916874876583806
2477.1582679050043,-10.691712949763025
3461.159841924382,9.294829006471497
3877.1577108257916,-15.0686481647549
-930.8423281948781,-15.85835474590646
4437.159313952492,3.237179918242452
-3255.8414582821424,-8.231778310502651
3396.1622981865657,43.19359372642882
302.1600634935894,12.514246107997709
-2316.8421204232145,-17.34680702168037
-4395.838537261123,31.82937490389056
3975.1607152965735,22.139669707018925
772.1599791231565,11.532025572120551
-2509.841195035435,-4.251289205836418
-410.8398851961829,17.258243730441727
-1039.8412180882879,-3.493704880127704
1709.159110602166,-0.5215430272466337
-1445.839921250532,13.654209157359707
-1874.841385627631,-6.280912785158107
142.15887845138786,-2.4597526732288255
236.1609610214946,24.54246053615833
3061.158722393855,-1.0535964009054775
1160.1574227896053,-22.628679195078902
1207.158705489419,-5.582298269392374
2893.160482009116,18.270570936257926
-894.8417389062815,-11.371018500743485
-4471.842753423378,-25.12253902745163
-2171.841532880615,-8.238753136818147
1199.1578421144513,-15.644752724737788
2041.1577071395004,-18.628411389463245
456.15788535919273,-14.676671504627816
524.1588275544345,-3.50347873092963
-186.8427767229732,-25.399078006919517
-1012.841193717788,-4.334339750748248
-2930.8404349592747,5.663071522921783
-2765.841931154777,-10.436677452419582
650.158385263232,-5.746786273418161
140.1622488332796,41.55891183676716
2680.1593911185046,7.035675710790853
-2520.842218940088,-17.32716919673115
-2192.8415482558194,-8.274111020175983
-2341.841676868731,-10.337235790089027
1630.158937033615,-2.4810845151399024
-637.8410708461888,-2.4372124781941578
-2975.8383078207844,33.75915892841478
-3540.841003369016,-2.1055590508699273
-362.84085826645605,2.4264540756031767
2649.160537403077,19.258267022143947
3907.1582995243953,-7.0159540654017984
2290.1579062208184,-15.666615191482293
592.1578948845272,-15.504833373768488
2357.159184701508,4.144342449096538
817.1583290536655,-7.67645464028462
2046.1595619729487,6.302440680475151
-3125.8420623321435,-11.55289476450498
-2557.840320393152,11.380823935722946
1803.159066121676,-0.4986164733717482
-3135.8419959897874,-11.451726033200254
-1759.8379910690128,38.66674425492051
1756.1599483970786,11.337971542069505
3750.1583092296496,-10.752153167396962
838.1602102251491,14.537708537789646
-1338.8420244665467,-11.633870607525694
-4341.840490104398,4.866325019864611
2597.1604724664357,18.295869751846872
163.15824642253574,-4.944038077227427
-3296.840630420309,3.83929400208123
2309.1582336997963,-8.853623286966915
-1996.8382142398623,34.66911386853459
-2420.8409735677997,-1.3193176172044758
3885.158559491392,-6.766417000460812
4438.1590585049125,-0.7118961305284772
3763.1594247154426,4.189082950084595
-281.8424668771331,-21.449998731389144
-3291.8418216162245,-12.326348623966755
603.1596589907422,7.5474122294316395
590.160173813696,14.507799869136415
-2576.840383623203,6.7376959580810265
4083.1611819128157,27.236577738653175
-2943.8407448767102,5.358872219816506
3115.159666651394,9.194305933967717
-2434.841832518694,-12.250507360375327
2330.157117198396,-23.093912076727335
4174.160443631175,17.269546407946734
-1022.84156981454,-8.366840145500941
2212.1594282253063,3.4068423811075714
-3760.841278761276,-5.118519152788176
1879.158749954775,-4.5823453139921515
-4412.840054909582,11.860812936625043
-2384.8426935318275,-24.232146054271993
-2750.8384107307647,32.76037013250364
-332.8406407526345,7.271547037551642
550.1585711777443,-4.6555387347380055
-693.8424601667793,-21.410344660651973
-675.8418816794874,-13.327230453691019
-474.8419571678387,-8.974283855834338
-1283.8420020171907,-8.858883139267352
-3490.841916643956,-8.638180652649968
1873.1582791997935,-7.802965731170951
-1428.8427545913146,-25.384722802074577
-3659.8385183157516,31.78375641807672
-1883.8408271076623,2.6104323601976613
-4088.8390270648524,24.8788800984007
-4100.83912563388,23.86688065152711
-3713.8403872148483,6.81137150628126
-439.8417569429148,-11.471788392552861
-2475.842563834449,-22.349765767385193
4250.159106276871,3.8027176320753835
-274.84167725086445,-6.671875584374938
-4238.841062583553,-2.072993698944731
-4536.839364347747,19.855524356838437
-3704.8413392344373,-1.4536565491845623
-2481.8404599015485,5.64123243598554
1767.1576096531353,-20.626878553380177
1793.1581890885718,-12.551959925744708
1009.158850652515,1.1324110643240246
-3128.842549556808,-22.17233312347983
1224.160016150272,11.435838827526302
-778.8422805800219,-17.39570351443735
-2013.8421646659262,-16.33652171633721
-3312.8414620225085,-2.6396008239336934
-3783.8420361356693,-15.071011363352596
3667.1593520587776,3.261163835888162
2864.161270714947,28.325917212696332
-756.8423937925254,-20.38915690023643
2140.1593990150723,4.343779409087311
-2026.841955892276,-10.534303457404118
-3408.839009599178,28.510136237996427
1785.1607783579966,22.36683715260542
-1572.8416144449147,-10.364039224095572
1488.1610941801919,26.437036466770408
-3591.841796134191,-8.386351320743065
3119.158636495704,-5.663511395797802
-4117.840335722314,7.82068822246395
2950.1609075766173,23.295739937481294
2394.1591654124786,2.2713137790099704
2155.1593948815134,3.4313594297747194
-1704.8400498798583,11.650824241566925
-2184.840627522557,7.403880027729894
-1545.8406211372348,3.7515849931762766
-252.84211043582764,-12.68551778789173
681.1581499842578,-13.626458215666512
422.1578356731334,-17.514024692738793
-4427.839586264221,16.894679819134083
-2255.8427177198464,-24.293636033764564
-1140.8396744948695,16.60333802216619
-1965.8422330443282,-18.234962095435943
3201.1582948075375,-7.867589866321733
2302.1597509196145,8.298244339895978
-1740.8378909094608,39.67836179492153
2017.1600768539938,12.329085333278682
1524.1594044106896,3.4621141445205357
-4348.841167027014,-3.090371155339848
2783.160947688215,23.340287365698224
1027.1589244167553,-2.53791181591863
-935.8411199087859,-3.4284959746319243
3879.157968024083,-14.767868027642107
-1437.8414746872731,-2.6983993995789035
-944.8403863402782,6.596722863584683
-3875.8419362203567,-10.571987450443682
3067.1594742606976,4.290776359671593
-3437.841677332355,-6.425432411681997
-2139.8413944400963,-6.2390305081749355
1955.1585813344573,-7.5207437444192475
-3636.8394056346733,19.794403901289982
3166.157476720691,-21.72939335128896
230.15881818032358,-2.550043935779378
-3192.841463917808,-1.6303508496259864
-2170.842195446836,-17.327441518802978
1830.158466358378,-8.556313838791198
-1854.839678645716,17.580348137197397
-1538.8429111211444,-25.500168183299763
4165.159650653717,6.1617803877726836
2004.1593405238236,7.101496913759192
700.1607304797508,21.520538002326944
-69.84220332448604,-17.42241098737302
3961.159603923559,6.327307930364345
958.1615389300277,31.51786584451134
2029.1597716977703,8.389251293175244
-4252.841920951905,-12.222978062887421
-1644.841664923355,-10.303001028242111
451.16013651137473,13.500495406548817
-1730.8391224248335,23.67213271353898
-1610.8418411485036,-13.318886512737471
1724.1575671572355,-20.64921200243504
3417.1604902529507,18.302785459060253
-4223.83891432971,26.84981635681808
-4167.841398403805,-5.2967013585679155
-2294.8421034010244,-11.765606740877061
-307.8420183499111,-15.450862557052915
-2594.8410195009783,-1.2543460109022053
-2716.8421290136175,-17.256755646826477
1174.1580823920085,-13.563131192841574
3641.157785646501,-13.988450139156823
3120.157276879181,-24.70371548074133
534.1578701889957,-12.732216673697804
-4365.8374597476795,44.92810176247839
2214.1588695875835,-3.65014711356978
3092.1571254780283,-22.95222756726936
-237.84133842389565,-5.450108222685584
-2838.8416220477666,-7.415307198875593
3424.1593512130203,3.3405944905908225
1856.158089886303,-13.628630409924632
1753.1581582413055,-8.964911756088767
1642.1601726250956,14.409620603807683
-3735.8402042930247,8.816846201898086
-2462.840665975469,2.70044039819523
1390.159244049457,1.3930704309197637
-1693.8419627776602,-8.697808595461982
-2218.838749144925,27.774638421524003
-524.8414318007999,-7.414912325602512
811.1598132479703,9.50799016641898
967.1598121133866,9.414889518767
2127.1578131534625,-12.882607218497345
3612.1608014962985,22.293682745546995
3600.1583008738235,-6.990296021872591
4282.159367785498,3.1829791257807347
1465.160818246426,22.41904598817616
-3295.842265901505,-18.181107535708016
2403.1577493487857,-14.042955187622713
-1571.8407957198215,1.6354322319684123
-2325.841681069287,-10.467314045751355
-2929.841336624464,-6.208283480585094
-228.8416809164337,-8.584352501376157
-2198.840903274482,6.241412320918455
2542.159901906445,12.150204796083829
1732.1570718748262,-23.91641711556008
-2488.839718278323,15.736484546848699
3710.1574395640055,-22.728467134840113
1854.1586223982158,-6.599531877579249
639.1609120824141,24.463310859990614
-455.841991806461,-10.714383407973354
-592.8424973278889,-17.66524743509098
-4091.840854702401,-0.12758265748480557
-3598.841664009262,-6.457190766322549
-1085.8398562950897,13.619043881208507
105.15846757497638,-8.454796934054563
2351.1580284552765,-10.852863150205128
-368.8396732393303,16.555738691928035
-3725.840238313074,8.869239231447102
1484.1584721446852,-8.544600334456954
1331.1572052834672,-25.645354348774582
3863.161676253774,33.29886485724343
2757.157234253071,-25.720528931915915
-1404.8427707029623,-25.304999659716998
438.15777725412045,-18.55394162279324
-3496.840436905215,5.915669553501658
-3434.841313718818,-6.134669834639449
410.1594914129819,5.529504199282272
-61.84220293723047,-17.362889229064663
3627.15923010814,1.3590313671257928
-1589.8409943726729,-1.2829355847291835
878.1595132550574,4.451479259308099
-2386.8424262066255,-20.304456210134894
2862.159614975506,8.19821418739855
3394.1618846144993,37.245857463185054
-3533.839641945553,16.867197345332897
1582.1601456690696,13.467632555544652
-4310.842581719451,-22.149816827460192
654.1590740774409,-0.5414629996677984
-2003.841696953983,-11.19394174638618
-267.84038654813776,6.635941575464146
-724.8427455870551,-18.85734593910473
-1592.8422559135943,-18.411754476651055
3817.160012152337,12.204279695380839
2125.1581788577023,-7.949086926498676
2324.1592819453217,2.403648561251277
-3263.8402311121463,9.675784023371945
3305.1588757432764,-2.67689893541791
531.159838234249,9.55956962516355
1123.1618110853597,35.45633005752714
3719.1582717709825,-10.781276399953958
-2406.8424149415223,-20.34767746598618
3460.161271368037,28.314229508586187
2557.158141670341,-8.93757066170295
-2999.8420709127095,-15.28436168085889
2909.1585603188723,-7.660254837500347
-3358.841288532014,-5.170365102288551
-1940.8410709206364,-0.4421456283139529
3635.159409905784,3.290753414142321
-2773.8424602641608,-21.18258520952199
1381.162022986915,38.35108839272188
718.1624464442721,43.53978802976376
2615.1593371540657,3.306755735559566
1676.158188114874,-10.712787507447898
-409.83903792116325,24.593475932957816
300.1589564511087,1.218666054542238
-700.8404623213573,5.628983253720692
-1063.8427531169727,-25.46155363376797
4389.159208895639,1.2885143451228398
-128.83967514784308,18.362582096027623
3691.16151555971,31.327179623071892
-1263.8396503300755,15.678724737117522
-4028.8412373125902,-4.1660493144260204
1144.1587909857044,-4.591993725007102
-3594.8390358043252,24.76108359281715
-295.8403525172034,6.594460088444757
-4453.840875849652,3.579991732971033
-1467.8403661644552,7.641601850931885
-215.84106609749142,-2.380950475572252
1.1592384825926274,1.5554815838791
1183.1588551066234,-3.5923092779205614
22.15768212173134,-16.733228624989415
1833.16128870385,29.3801683825953
-3823.84088233317,-0.06814488405391472
-2704.839990645123,11.771863418480814
-106.84107634687098,-2.4167912223749237
-3038.8422754147905,-18.22243539020753
-183.83963168307673,18.41971415510435
-1034.84135123156,-6.2927197963998545
-4162.838914497697,25.90161996728797
908.1623620725586,45.15971061617383
-224.8420227742754,-15.376370912556336
-1642.8415742202778,-5.566958534018477
4273.157096945681,-25.88763610922213
3296.1619418894406,37.295974459578574
-1248.8407770358026,1.5507601259868515
157.15900650282856,-1.5162646583235215
-2119.841398409568,-7.211001774780768
2620.158117360319,-13.547829357587428
-84.84165271947859,-10.424827731082848
338.15863102528965,-6.411734973042978
-3742.8418529805494,-8.466804140236402
25.158167644462083,-12.456079684646168
-1331.840123764181,9.634557708392764
2446.1581899120356,-7.925507172977204
1349.1586562598823,-6.491456951830173
-3955.8381500352407,36.84114723091565
-4420.842166194925,-13.313204890134633
2474.1581132854335,-11.755128429977805
-2276.8404022331815,5.699008114193184
643.1609147884883,23.478202128353168
-3738.840628794336,3.873199319749167
-1498.8415215339046,-8.397783432301962
484.1578693370684,-17.51151920910877
-3601.8409520616406,-0.20107720397210294
2205.158033284417,-14.586708208233041
-1433.8412244676729,-2.4606528925244726
-3892.84166006319,-3.722451370425655
-612.8420167436707,-14.516996517694782
1246.1594514360768,7.131727964776834
4088.1579950589803,-11.949589656328996
4243.1593988483655,4.174068287981575
4452.157427586091,-21.82985953936989
-4035.8415078808903,-8.0579941822848
-3897.840401272173,7.812009309240853
-1496.8409846368013,2.431053725630864
-2035.8421210190281,-16.3418490818043
-4499.839920380327,12.881955119077952
2508.1594698647386,6.165391758451502
-3157.8396722936886,15.755473300996774
651.1604101957637,17.528081532138778
1624.157898544101,-11.839987831207225
-1658.8421890239697,-17.398499848457377
86.15757630945882,-21.478064638237676
4351.157916461525,-14.878274129613946
-1789.8407307089074,2.664361639961596
-350.8377178456285,41.5448507970803
-3417.8412452521734,-0.5174317379718714
-3029.8427497653756,-25.251182439966733
-4008.8376425381866,43.82667942496024
3081.158814127033,-3.6897236656035313
4096.1576979938545,-18.693015750872753
-3708.840573658934,4.80610926792782
-3432.8399005077663,12.88516027584665
3203.15822508611,-11.687007122826028
-1939.8415433418122,-5.749151700691623
1506.1581355856033,-12.540496718370841
2305.1582670398057,-7.97787824132552
4324.158629252983,-6.743007425807983
-171.8411781359464,-3.4027991294121946
2794.157034052827,-25.88425886935925
-1001.8421392479213,-17.395589480033955
-1713.842445281567,-16.62611083134297
-3935.84265113133,-23.15517949371726
-386.84064612950897,3.534644401649011
-3663.8403811925673,6.839971223161138
1840.1594846130465,5.4191635730173005
3349.1580164445913,-14.748484978535586
2364.1584150401177,-6.835287378602478
-2034.8397257020697,15.678468223615534
3059.1574922499713,-22.760996176290817
-394.8419248985592,-14.447592508142437
2379.1583425978315,-5.950442139559135
-3816.841354759701,-6.108979433690735
797.160345220007,16.472450070992117
1573.1599661468063,11.473756645706318
841.1595649326337,6.494768549782718
-1185.8409752360312,3.302895788032865
-3530.840454796795,8.640885793969785
1237.1590672945604,-1.5429851344238896
-1226.8417198844254,-11.342091648042379
1300.157675967028,-18.539453417561482
2189.160937173001,24.378357548675368
-1242.8415457972442,-7.468852935676696
1708.16049406823,18.434200502898022
-2151.8418985272874,-11.500282792818034
-3084.8405463994714,4.8521976661252335
1560.1608545638737,26.163751696424328
-4247.839635770884,16.893779801119997
3058.1591262462316,1.2819276622918636
3126.1594594501657,4.299490175195105
2888.161579275795,32.29299531185089
-2571.8402877261396,9.558934228581508
-1275.8379104177584,39.59294647982849
-4109.8381826154655,35.86678160987863
3148.1595396205666,5.325003798257908
3917.161600949883,32.29639670794445
1747.158207606466,-7.08429220079335
329.15847064112313,-8.421188482764526
3671.157762306335,-13.092002991131725
-2549.8425346863805,-22.266020504905683
423.16114793054294,27.463328918175257
258.15785997046623,-16.49921990898108
-625.8409735507448,-0.5175823818586789
2443.159288361261,2.4060670284833883
3271.1624648307334,44.306527477285556
-2712.84196683974,-14.341652397252766
-1191.842113308201,-16.405691187089033
-3478.8408217722317,4.544779352582763
3320.157232994039,-23.94310613757701
-1934.8413178214105,-5.2282269589498584
-949.8419664297253,-14.471828116785234
-1674.8405615902157,4.644019815197401
1662.160771642346,21.49847057896244
348.15969427803066,7.391109519461459
508.15745357214473,-22.509571555682612
2918.1589805563563,-1.5993334869538076
-1323.8398885072675,12.649566843535881
-476.83798355673207,42.23793320555844
796.1602869920316,15.47132954143723
3075.162286894629,42.271661458275055
1720.1601047937875,15.275898043469569
3783.158584460849,-5.7857799312139315
1868.158207654138,-12.502006507367398
-1505.8408222926664,1.678901241131559
1881.1590549950488,4.04183462558521
-2423.841984357394,-10.671383365398166
-718.8416027731728,-5.681338367280159
309.15949778142385,5.484446342400352
-3749.8408267433406,4.598833224777229
217.1577300807112,-15.790441932155776
-1086.8416534285643,-10.267711659893418
1791.1573715183185,-23.579588696449406
1284.1579038784257,-16.45083685194778
1201.158674194885,-4.6314910952483315
1611.1624206452398,43.44368984867788
3851.1580864401767,-13.755962208804764
-4515.840337838337,7.810832432144899
1770.159304819128,2.3762620860436883
645.1598775596358,11.44219816124396
-1017.8411899313214,-4.360035456750083
4052.1605490826187,19.20607048444817
597.1622095155763,40.52255591293662
-1831.8413052525138,-2.518600873105056
-3389.8421234010602,-16.29357169505905
-1094.8416356747039,-8.394430274893907
-3193.840847798623,3.5941452668162768
2383.159652442555,7.410870452397862
-1558.8420534448815,-11.612910550190715
4335.158121223911,-12.77440731946131
-4306.841239806381,-5.08810839039497
-2399.842642511765,-23.31646583826398
4407.157887426263,-13.200667272079176
3388.1599537556176,11.311070244582433
2977.1621021512547,39.32080663101952
1507.1589247133816,-2.5080538703492143
30.15867360116681,-5.452983615855213
-576.83972491452,17.448084570061397
-565.8409599531442,4.224972838403286
47.15883126517292,-3.406106222365805
2604.1593512085965,3.400614310884473
-165.84029337973334,9.386590241270069
2066.1612025057548,28.370016880486347
2658.1595642452594,6.302583092703724
-1590.8393924435368,19.746024649044607
2232.1588053315645,-1.7598794743352455
-588.8416549515678,-3.9350553623976556
4333.160550950386,19.08214433306206
3757.157210419944,-19.211095420291294
-4470.84047211014,5.776912899196562
578.1580051501514,-15.520137743027592
-4081.8389604343683,25.865978965807358
3295.158210427384,-12.753091015899791
-3772.8414598020026,-7.20674364581148
-2505.842870532477,-22.658766137637564
-1512.8414794202545,-7.301867926368223
1926.1585115675698,-3.0505505986263604
-2103.842328724044,-12.761885387074484
-430.8405518178479,7.305030215188337
-146.84004204603843,11.494921470242586
1950.1604045411223,17.394867442761708
2465.1581086430815,-12.685319671696442
-804.8400488082552,11.561316711337971
-1594.8416630435386,-10.418040982240575
2223.159586588037,6.251060889121936
155.16116953274468,27.525097411136457
785.161342716543,29.485568360365946
3658.1602537154686,14.271285472378688
665.1605432265787,21.339047949807053
3562.161423666228,31.229236879809378
-3571.8394826228614,18.860674228478807
2471.158720939944,-5.681424733483681
1887.157797670283,-16.785665149147604
2705.1573062570533,-24.680758526926716
-1676.8403835505014,6.669194124693094
2415.1575369780185,-16.880875979029284
238.15800592245068,-10.788686113193231
1131.1578150723944,-17.520340715759758
3565.159195693792,1.297373308936658
445.1574539656285,-18.657159661013388
3636.158373794344,-6.8863087758254835
-2172.841545731877,-6.424564347083308
-1406.8399384337827,16.248854859377765
-2220.838420909422,32.711132816062886
3240.1593972313567,3.3411878665798014
-3759.8412958026747,-1.392888995634622
452.1608162720804,22.398573840938006
3911.158499070676,-4.07274367744202
-53.843038389401045,-23.01624531954672
-3040.8412814402254,-1.5104894718517237
-2486.840042294818,13.582706670857801
-2680.8425441246363,-20.376828826166662
-1093.8403101520962,8.546711732496478
-2088.8409954775125,-1.3348866233435537
-2398.8420332348906,-15.338515907795866
3629.158737481921,-1.0245978886235259
-1710.8420232538483,-13.412190634597227
273.15782343409956,-17.5477839141706
-3351.837634077063,42.74619277252424
411.1597804403864,8.58186673467135
-473.8409064318985,-0.3197189944860588
-3499.840190014045,9.796660087935637
-1641.841768220067,-10.37359085073515
2282.157402194978,-18.89666229247915
3436.159916937584,11.299925504509988
-960.8409211966209,3.215143406124552
3740.1575106506934,-17.126661826503067
-4525.841535748681,-5.379402438933284
-3747.8390005155816,25.576737778800457
1375.1572440773016,-24.6488910365357
-2894.842327135266,-15.572006871028385
1743.1606808447395,21.386158547278107
-1078.8424692525296,-21.363429468315545
-3691.842631117848,-18.53443162339852
-3191.840280556469,8.786202368016442
2928.15860273235,-6.633577317908126
36.15805064828601,-14.45405524980566
-2410.841780103103,-12.286516186124082
-2962.8417259821435,-7.531149794115338
2546.1612981291837,29.3457679237332
-4062.840382970462,7.831862871614296
18.16039204376284,16.59860419277632
3068.157169797283,-22.04455394192106
-3407.842349434737,-15.497833268295928
3224.159708605439,8.281896867620587
-1698.8420440511545,-15.332982443389227
473.15844076604117,-6.601456749590571
4259.1597514670575,9.166850216894469
-2375.842340180883,-20.318924990127805
788.1615373555105,31.538092871172736
989.1598283023341,9.452262839088641
541.1576474450412,-13.876650397389167
2544.1582208331674,-12.567002230931696
-1520.8421106747119,-16.347440132108176
3393.160773171985,21.38319524780455
2245.159790409729,8.420358643350157
-3361.8405993675115,7.341778027312586
-2816.842163495661,-13.586131721723238
2105.15855428105,-2.0376200885663858
3337.1569628079305,-25.179186066711566
3308.159634224605,6.318001344383115
1159.1589422494872,-2.5557871025143823
625.1580129003851,-8.099392660878063
2023.159138682764,-0.5285220285853818
4110.16225675185,41.240221470252635
2001.159329566639,3.424864531875217
-3219.839593885059,16.824810991066506
2847.1584326192387,-6.8560607872868395
1378.1582039753557,-12.52061585374214
2112.1584742573905,-6.831600249185736
-2784.8414991116733,-8.25528595965081
4292.159550417855,6.167608246466621
1430.1574180282769,-22.62331133790513
-3957.839718204632,15.872470403949622
1319.1573455601465,-23.63984872650253
2439.1591792307445,5.07409625324787
104.16054124513175,18.527918852431526
2707.160433940473,17.29531139430504
1814.1588157308288,-2.6828458181726136
-2924.842592856905,-22.283842887262967
1435.1587086037616,-5.6450770350110595
-331.8406356089981,4.518501261120054
-4010.8419079998275,-13.106175650294368
1318.1573151275516,-24.600442583568622
1115.1590950671234,-0.566088666216876
1693.1586534589878,-5.557937593879519
-3202.842134228209,-11.59061909062678
-3323.841576329898,-5.481337177786161
123.15907347993925,-0.43876484343423083
-4234.838375199062,32.90697502554046
1038.1577812145697,-13.920473762649287
430.15816002857173,-12.51923528604005
1137.1576082027168,-20.552472719054496
-1597.838800667785,26.623357911303735
1901.1576966551947,-18.558369389318194
97.15803305554437,-14.435760427580224
-1945.8404225858394,6.681829950586835
4118.161130087392,27.208236888153245
-2757.842751241522,-25.283423673937193
-3111.8411491869483,-2.2157744255197143
-2430.8425666242256,-23.225089953951077
3346.157368523418,-17.141757392715288
4261.157853728451,-16.73060080373194
4347.157218852837,-25.80236089880041
-4210.8413855974795,-2.483305956454269
1520.1609125267714,23.47853549823852
-1132.8420501316432,-15.259663733275252
126.15920780185843,1.5144091519833776
-709.8417135806521,-7.695977349215363
479.15828971919836,-10.516971543556426
-1734.8376482363674,43.62978084549193
-2281.8403581349994,8.678667797842378
680.1582331503741,-11.529357159604777
2299.158992388693,-1.766648697654544
-1501.8427526985179,-21.73790328605773
-4244.84286858741,-25.217378037075882
-2021.8422205384704,-17.419771426761194
-1625.8391874368535,22.69691105271012
-2343.839378379751,22.463117679745025
-2760.8389210215537,25.68568227412574
408.15993941330817,11.522535782982656
2233.1592764182715,5.1587298672793125
3834.1603090552962,17.174725884108398
3806.1593619757914,3.219127982196932
-2188.8396718670847,15.682755414112966
-775.8413936374709,-5.478163542774496
-2083.840300679847,11.369616718141435
-462.8422705081757,-18.43090387327931
4089.158463839616,-7.84456162431491
2931.158938605804,-2.564021986448819
160.15876631310675,-4.515118396443179
69.15733413526323,-23.462398492043253
-3060.841644609638,-10.317122530305763
-4391.838212304807,34.897156625937896
1437.1624418306747,43.45916781378564
1315.157275777019,-24.663300060580802
2690.160307831655,16.26908044809668
-1168.8383459350443,33.62222139391941
-3504.8410842554295,-0.37459215558339576
-164.84054608491715,7.341863548324845
1834.1572141812649,-25.67149717258905
853.1592863129335,2.510526409887479
-3908.8426436945447,-23.20940913367052
2967.157919531979,-16.683158145640093
-1353.8421845862758,-17.35846910495418
-2463.839851150522,13.691765844638907
-2031.8403912350186,9.5084569395993
2225.15860547137,-5.660255058096499
895.1589005513815,-2.5189404348275515
-792.8379979679594,37.65790642717335
-251.84126675140578,-5.409941870614444
-1434.8418806051486,-13.264089876725851
1706.1585756064742,-6.603371646656713
-2054.8423719547573,-15.537393518205974
-2110.840945295524,-0.2988722790562832
4271.157403284742,-22.80571306347749
241.15830617706524,-10.42528890652159
2578.161725244194,34.37184195021419
2263.157573186094,-20.731340157403494
4276.157551430515,-17.046125979091652
1339.1591958322679,1.4539801192837523
3866.158144998306,-12.701773093004636
-1535.8410655753687,-1.3498362044385157
3685.158601451083,-6.74528328256266
1005.1579784774221,-10.856144923743498
3583.158239897515,-11.696905103076466
-2452.842567211599,-22.314074397828513
-950.84200855362,-11.739277112772843
-1450.8414336694987,-7.249874028390836
2094.158712606004,-0.9409201454768334
-3267.8410601264914,-2.1317098667546217
3083.1588976077037,-2.6507276416603505
-635.8400493837544,11.534909744840833
-1101.839882439759,17.254793285733108
2179.1581798856496,-6.170276806375363
2968.1605371586047,18.264663876117595
-736.8416063172044,-10.435060929093149
3543.15981164237,9.315373826096318
-1600.8412857297808,-5.291792206370216
-1675.8403836206999,7.601193679197221
1461.159233072307,1.4437559578303336
2514.1611026726314,27.307761646661092
-2441.842117028311,-17.308825412755127
2144.1621648165165,40.40621445218213
3517.1600980267976,12.338255132888404
1954.1576231635408,-16.938767985373403
-4361.841548467055,-7.246437025340647
-1974.8389332855004,26.652429551550576
877.1588674889645,-3.4401459534945493
483.15754351502983,-21.541413070534777
2701.159280212596,4.247668103731247
1652.1585771787795,-2.875700185258462
-2898.8382979776943,33.744033855713106
4182.160988411051,27.98167738084601
-2483.8425686368137,-22.312343374516878
-3143.842030347092,-14.373605493084572
-924.8422375392402,-14.798306517382713
-2324.842762599408,-25.23775390941863
2833.1587161119096,-5.571072093193749
2944.159397995274,4.261395008885744
2767.1594435651787,4.328162512575146
-1484.841506061959,-6.405754263825326
-437.84206314518815,-11.810599738780445
80.15827174991136,-10.644462066413773
2292.159406738996,3.3455274862727986
1528.1605510287918,19.364820974502607
-3494.8423617322696,-17.327126137944823
3244.160350262944,20.90763367704318
-1394.8424881500541,-21.318700350722963
-3968.8411283510504,-1.2270545554943242
3632.1587558485335,-0.9681346123815429
2900.1576815368026,-16.911981994309365
-3468.841263281647,-1.3910903261572303
-375.8407759566908,1.57894379843742
1918.1579818082973,-11.071320688398659
-3081.8397264954983,14.743482945990086
-4487.8425496984855,-22.049060038693195
-2320.8378917645314,41.55616699183017
-1458.8411031761789,-2.3709966689015642
2599.1601404383546,13.361240237034854
-2567.8412513816147,-5.231485660413977
-4495.840365719108,6.8662607607423904
490.15832029102603,-10.526120765081268
-4330.842180174252,-17.196746929465235
3452.157252542558,-19.10442444908954
3552.1605636874447,19.24031053479247
-3082.842544745712,-17.475230344457515
310.1579799752217,-13.588236491232593
-44.841450410778634,-7.355198768680792
-1282.8424795849132,-21.5479175236077
-3335.8424633184914,-16.58386990836206
-2232.8409808758297,-1.309975816036748
-1480.8425703117973,-22.377258990054685
3962.1587207586854,-5.701765588716858
-4438.839393328701,19.866203924550256
-2808.84257612942,-18.542284686353334
-535.8390058606747,25.569402717072585
-4072.8405113937915,9.557249511409315
2488.1584927038057,-7.636746473130351
4047.1578521133633,-16.82359028568142
-683.8427366605611,-24.40231563703908
-3939.840495714685,7.693854759831183
-3359.841091807699,-0.39474222957556737
-2711.8410416325787,-1.2229185300375187
3679.158338664507,-6.957113886139018
3419.160855468712,22.344799446860847
-1723.8412185127963,-4.332035651508766
1166.1572507162928,-22.802543345901913
-2676.8425753503107,-22.278862381058985
-3149.842316721799,-15.436716618581244
1539.1600589429727,12.419357243845583
2405.157767976343,-17.591643201203397
1308.1569318240508,-25.94343227105454
-1289.8424066826701,-20.522328489117044
2634.1592113352963,1.258375158745416
-1322.8392586839036,21.61529040822262
-1827.8376136903535,43.69906519961209
-1500.840123465343,12.450231450400524
-2756.8406621727627,3.746083471850012
2220.160905884928,24.376056138058722
-2654.842796027777,-25.278853992189198
-3528.841368502588,-3.3259440181725655
44.15892478800379,-2.370396504183196
229.15756416978547,-20.50512659705644
517.1581134681473,-8.781570604230168
-4339.839187932201,22.87394026774615
-2618.842806839908,-21.564085509116104
1792.1575968303368,-20.58468779330333
3065.1572247336735,-25.770689548568967
-3075.8396414305316,16.824878165982888
-1310.8411551384488,-3.338619274696679
612.1579138808302,-15.50213615434717
4081.1587536514853,-1.9620806369200343
938.1592491290648,2.46431835053982
2826.1572542799986,-21.05707018072662
1951.15906108747,-0.525090572363788
-3340.8425914429827,-23.27741720919409
-3718.8422726974823,-16.28840959927968
-1800.8379490186926,38.70585647027014
-2688.8425368956523,-22.23760711729005
1454.1603688565665,16.450515444903083
1824.1612270943006,27.449550867254445
-3121.8414661081624,-4.396205990422876
-3794.8415547981276,-8.137989367222655
3060.157249090611,-24.700890045088897
687.1598164606257,9.554035516344774
-2238.8425061676535,-20.62602095463656
-159.840560591314,6.463136952093583
-1897.8416328734602,-8.43464754055101
-608.842145239294,-11.729971608685739
443.1581438871799,-10.660149764967786
3777.159781676426,9.237802736773775
-1775.8405987800797,3.704482428977075
1176.1586367957061,-6.475323737967929
-2590.840376495209,6.746209626090206
-679.8427450775634,-20.73264400052591
-3268.842236422701,-13.497836554282589
1956.1578655334306,-15.627827000655394
-1985.8412632607506,-4.256726016842286
1577.161956442229,37.436418614723344
871.1607533709612,21.527042685217495
-2686.8418462465634,-13.129317502424282
905.1585259774583,-3.7793695325127983
-1288.842186244612,-15.589443610439444
1168.1579723981558,-15.70378256830983
2621.16035134712,16.29432044167698
915.1594408845995,4.486410919014835
4304.161012028169,26.136634138330678
-3849.8414446362876,-4.33673523130892
-1004.8411547921132,-1.5755200570736037
-1915.8412926539895,-5.247947067959492
-1047.8415411091992,-8.31427655483779
1629.1590713992482,-0.5471433661785392
-3846.837894278404,39.8516832441028
1987.158753671043,-0.8505301507051799
3873.159297765058,2.2564130982761377
-2806.8403650046675,6.810335087855375
1846.158370766032,-5.848851265864941
1553.1610179045238,25.40968602727169
1106.1586611556122,-5.506116698540564
1930.1578141311184,-17.567677185728613
-2362.841301825072,-6.312283592105795
1512.1612795816618,28.455329979957803
-2554.84025879862,8.71553322958759
2646.1622592178755,41.325501187742105
-3388.8421714488068,-14.406693673192752
2057.157839931024,-17.638378373135566
-185.8416602674406,-10.531791235734246
-1419.8411126334686,-3.3407931118656853
4214.161749891413,35.188569224137005
2412.1584177662153,-8.580971395305282
-3142.838991065393,24.84735876290572
2768.1583102151053,-7.992901085198589
-4358.840379957634,7.7416024103329715
3439.1573956813663,-19.04155112082705
227.15847748395754,-8.393332462124851
-3260.8425562274642,-22.29287571365961
974.1599586972734,11.379281690526179
3202.158462028252,-8.685965741737766
-2958.841433859663,-4.456915014877266
-1997.837923587882,39.64287325229504
-4480.8407910152455,1.9113837679917136
-4067.84149004129,-3.4632177405863382
-1806.8421640364104,-16.38796020293978
-1952.8405488737044,7.449271545286715
-2024.8415413054754,-8.27058301913674
-1738.8398761256249,13.692679934367005
-1393.8426383641781,-23.315428800926178
-2272.8406282525393,5.625804288547032
-1899.8402644942398,8.689100204014073
-233.84155392315006,-8.4237367323197
3033.1587559286854,-4.696877789305957
2719.1610569936456,25.33982058623537
-1126.8424257239676,-17.56052540068216
1982.1582356861327,-7.977607383778975
-4182.842458879983,-18.237359431361824
3414.160330955172,16.33357721026323
4445.158606945246,-6.745966491203594
2320.1589711125707,-1.6226553496190368
2169.1571873745997,-22.019054203840113
-537.8411141227698,-2.446817305808195
742.1614927845076,31.498191340993117
-1832.8383618369699,33.69583583580061
979.1590786452289,-0.5319595646163542
4258.157883606327,-13.087615237536268
2760.158289423969,-10.699267560720905
3.1603590247686952,16.514448087549276
-582.8396199070266,17.556326261974128
-2870.842238589539,-14.505823094692248
-2608.8422773793573,-18.28358858123167
-1250.8379825990996,39.57689207655528
-4240.841574459977,-5.357357794971286
-1953.8420564522967,-15.29659434293045
-1195.8392325698514,21.700603806655174
-266.83955020591384,17.58505577737359
1147.159528972872,7.278414552793924
-913.8414836770971,-7.457414739393695
3441.159890944313,11.245973149162628
-3934.840661453083,2.8868921818020237
-4215.8412065843,-0.3728179368307316
-996.8400035779341,13.43322860032182
1285.1584878467256,-8.475724512009831
1516.1607274385751,21.458212884373538
4433.15861335129,-6.742474509040164
861.1583351070876,-8.571121682454589
2595.1586154133547,-6.599442860305132
4086.158733679855,-5.681202681466914
2820.157258936262,-24.700509149193444
-3603.8414378412417,-7.1482231720702485
-1178.8396398891346,17.590970274018495
4093.159807615448,9.160321693841277
-813.8407845593756,1.6678930379086196
2873.1590017167036,-1.7996881023375355
-2223.837856751168,39.739978794749305
467.1585329124355,-7.417043425179914
-446.8410274029593,-1.4191166497047565
3019.161862434761,36.295295334125164
-208.84275637503015,-25.493657394225558
-1559.839839421038,13.727612199937555
-1671.8413962895866,-7.271446595949065
-1556.8412351598963,-0.5804135113672801
1957.1581839192077,-12.652268329094436
2952.1585472880397,-5.824807638420852
4207.158971537661,0.9238912447684999
-4178.8386741776485,28.909006996984473
2966.158736839134,-1.000617644770525
-3235.8422513836413,-14.437133894408458
184.15918282669736,1.5395991016012314
3541.1575531699345,-15.115457524241453
1025.1588028275291,-0.7896525887046009
719.1590194368619,-1.4445216211629583
1476.1590725741698,3.034026103886651
-2180.8421955586527,-17.260478576520043
-1938.839619862556,16.690207735518236
-2896.841198585753,-2.4125209451410106
3887.1575725278817,-17.029711702717364
-3464.8410148833063,2.529388334903004
3512.1576285292394,-18.723187118394804
3705.1574709697743,-21.74466017839725
2989.1600533991586,12.32529133657937
-432.8418006563443,-8.685101194995749
-3984.840686187148,6.582622223195548
116.15831600839738,-10.570295361026568
3197.161013293953,25.234573735251303
3211.1585608990863,-5.803657924364551
2681.1589855482453,-1.7349171715423202
4209.160348285572,17.065906172271525
-3285.8427404753747,-23.46309358705829
822.1592799122445,2.513693500610289
-2604.841300038446,-3.5161985442459853
2482.1596478185966,7.3145089843863484
-3878.8399223282468,14.643552376235844
475.1583203750779,-10.544509814038978
383.15782101039076,-17.393582392585984
2858.160075482796,14.180912860492912
-4249.839196029934,21.951999550626745
-2262.8410742385313,-2.270047711820946
-1852.8409791532904,-1.2391410216158159
1694.157179403468,-19.067233550807924
-2307.842232023191,-13.73234442614173
-1822.8382104640477,35.66504517598466
-3606.8402634749655,7.809781811700951
-2231.842231371964,-17.321249646566248
2149.1585993893095,-6.664872194060285
-2585.842279669072,-18.223528931484374
3265.158958874701,-2.6513423818437136
1514.1620816084323,39.40123645771734
427.1585073606111,-8.416979658851591
2265.1573494397453,-22.846270504701277
-663.8420514206518,-15.389169527300497
-3621.8407557648025,1.885825611650306
270.1597238446702,7.498469900389907
1967.1577032357454,-18.572642590903428
1627.1579713089159,-14.613711212784127
-114.8407453916152,1.526468060642875
1251.1591125862324,3.097706180372988
-4367.841452395718,-3.401609897042402
1085.1607417127234,21.519257595903596
2961.158761607774,-3.739182893096065
-1422.8412650155951,-1.6378470624122343
-2883.8408248307533,1.6625890849375065
-345.83980820374563,14.56809361182824
-280.84193029027665,-13.533938825119609
-3438.8418929145555,-8.513356920161165
3371.159518521221,9.028417148499424
-0.8397942567244172,14.58565218416033
4112.162398011016,44.16528332359134
1819.1579401530325,-16.593939446475154
4091.1584067703807,-5.04665646105666
1961.1579101554235,-15.673418115284864
-4424.84179970494,-8.485578783820651
1376.1615648376755,32.413675213658955
-3105.8416491422104,-10.140931753804242
-2099.8398976856843,15.551948072519503
-144.84076560853282,1.6079992992551961
276.15828443691134,-10.51716778291616
-4283.8376156283775,42.90155828435787
3056.1573653253727,-23.677272360236522
-1507.842219471815,-18.393621650618172
-986.8416481840541,-10.31974983680934
-3348.839488867612,18.82147027417131
2865.159819534805,11.172032266308792
1898.1587817503605,-4.588935242841609
891.1580117426929,-13.678565438370871
-265.8413086241344,-6.399498464309372
-2063.841081646795,-3.175336523962403
-1962.8415025534923,-5.596631659707848
-573.840280089993,8.595699755066134
96.15946505754255,4.4522712630147225
-926.8396341598127,16.525357705637134
1173.158216007112,-7.836432298709511
-3901.839686339197,15.860169586644657
2974.1612160375225,27.35172396735863
-1087.8413645701949,-6.296892399464369
748.1596644864185,7.552057582874495
-2214.8425057127024,-21.289896755007764
-1513.8420726901386,-15.27198309275597
397.157510466699,-21.650709163971918
459.1594748243224,4.487908415956671
2260.1575551589485,-20.661569250286178
1275.1581759661203,-12.702949168982173
4076.1585882022046,-6.889767030190347
-4269.8404002940515,6.840378008782054
-3051.840401310066,6.827726469220584
2611.1590002933517,-0.6650971685477085
-2208.8425824326696,-23.23985822895416
547.1579853599542,-15.529709284626751
-1220.841897880775,-10.68968589616626
2645.1595182426972,5.335309679934737
-3282.841459961608,-3.53149166138053
-4432.842563498241,-22.085462254944076
1451.1585458988557,-7.629722064543875
-3047.840460917563,5.769337260224312
-2374.8414024413214,-7.219468793496531
2440.1579733712133,-11.870236165876072
-958.8406954268576,4.514541539069141
2495.1609565015533,25.11180191247186
-323.83914506837027,23.5954473345243
78.15814185817726,-11.52226666434907
-1531.8414143016562,-7.2394292137558045
-1884.841112668335,-0.5036280549121637
1167.1582187385065,-7.952890332403921
-3834.841435172071,-7.068065409230981
3097.157433080254,-20.820699590938847
2453.1592946187593,6.103891747162626
-4207.842486125708,-21.192500894810316
4343.158474545344,-8.729436436340233
-1860.8402380457264,8.738375446255128
2752.1610094811185,24.371614847269107
-4227.840737895574,2.8448282007411123
190.15955411834875,5.541403766125471
336.1586373199243,-6.433800689892865
4025.1594772803364,8.938595219796879
2507.160848271451,26.064190469336786
-3110.841236226028,-0.5867501043950245
1822.1621166570112,39.44467108694189
-3270.8425900863367,-18.468087324272226
711.1592358313501,1.5012876054569233
-1843.8419998340541,-14.24119903851436
4077.1607691163663,21.330079433712164
-4263.840673620172,2.882054591570009
-3557.8400242464268,15.548034428131777
26.158123817294836,-13.386472637971135
677.1578583332011,-14.641856712767865
1626.1598431672319,14.111715051660019
-1107.8388518798165,27.495079802644156
759.1598351557623,9.436370792844416
-138.84172310697613,-7.779520279235993
710.1583477762761,-10.609071107238904
1874.1582617481472,-11.587775565874121
-2414.840454139514,5.723749954011698
808.1621785578318,40.47461720411538
-722.8418459353852,-13.332132210981142
-2511.8421696131118,-17.296694055899962
-2107.841248654702,-2.465256435426526
-1236.842391690123,-18.543103184362714
4163.157492442348,-18.128977824239115
207.15790238889167,-16.516166862576544
-4022.838086565258,36.894773010825865
887.159588441602,6.448677057681081
1596.1607860136428,22.421141759159205
-562.8397831355105,14.527947792766378
1772.1589947142638,-1.5736428103910454
839.1586141854059,-6.49941175237155
-1681.8404809452477,5.727779814107885
1104.1586985128233,-4.657985052924918
3185.161072036077,25.301572876286365
-3670.8404160520877,6.747687571815749
-246.84163224167423,-6.693565295461146
-1968.8395737060346,17.704768330516394
609.1597711425857,8.392073276150152
511.15756159304874,-20.52740544802097
-2728.842430791585,-16.72476175579184
828.1590302471304,-0.5064531478338505
-2615.8415417568176,-8.209270272109588
2964.1597480580094,8.328463446308449
-1845.8405030546128,4.700938946882667
777.1575025198981,-17.856551197076747
-1197.840508291265,5.547919695996457
-3545.8413443461177,-6.077342920332356
-2516.8423566218116,-13.840037492016688
1419.159080620273,-0.5521437938622009
-1614.841007289826,-1.3353069866387273
3432.1603448638925,16.319609348554195
-3035.842516554869,-20.498669614022134
-1173.8383600668749,37.32795760282355
1921.1591644342989,1.3903263693753551
-1830.8417230815976,-10.317279263781606
1326.1574255521991,-18.86363285118858
-1265.841258331493,-5.429147930801079
-811.842537041055,-18.57885632470051
4286.16045220301,18.21187843403331
-2346.8407872662065,1.6385748742786745
2392.160519029945,19.323676512938363
-2178.8412085340824,-4.198237844231542
1615.157683191006,-18.522793138564325
-1865.8391344862175,23.724723171357546
-4372.8380868126405,37.84165520600602
1091.1581192511367,-12.575529977691751
-3163.8424984535086,-21.2431792938636
-1928.8416906743078,-10.319814865716241
2985.158697975625,-2.0232552720769794
1197.1576244188473,-18.81199749402567
1100.1588851741399,-2.509217362372854
-1186.8412046922022,-3.351873756868887
390.15960346296197,6.569052053172145
-4257.842138145992,-12.49330174978256
4288.1605654913,19.248277221949017
-2527.839810340607,13.762536985255112
-3569.8411457863986,-3.098298121891765
3941.1589100384736,0.9577336869292932
657.1577068377519,-18.50804047911025
398.15753380116075,-21.50613411415111
806.1586570306681,-5.523121107962374
2092.158276678412,-6.902108616421883
352.1617526074406,34.476598051618005
3363.1585453659645,-6.702141092890953
3957.1589102369035,-0.8810997404637133
-2212.842426846735,-20.317803552384262
-10.84093518042937,-0.47427982111173694
-2049.840988579206,-0.31208197792856573
2618.1611066520563,27.245332050353255
-3485.84161531867,-5.454515122865621
1568.159144720703,4.09181020887487
-1144.8401986774988,9.61601071438814
2817.158943506074,-2.6243045103735323
2404.157984134741,-15.564179320533455
2268.157497586857,-21.741425995488743
414.1589624065091,-0.5420743264616439
3208.1579650132917,-15.579577011742742
-1782.8405391405104,4.586508356024664
-2547.8415254168794,-1.7533009815030924
-2309.841247152828,-5.2412959908087
-408.84123134834226,-1.6741766425570317
1993.159045237233,-0.5944602376283843
-1787.8407103817444,2.643674408907563
-3872.8409431574983,-0.15084195406058676
-3262.842043660872,-15.291248824587354
917.1594817489968,4.507002295336184
-1975.837955381954,38.70729107741624
-770.8405189390178,5.59148403173119
-2047.8410635154578,-2.2288645736383916
4139.160824228427,22.288226419564097
3339.1575367765618,-21.786572835016187
-3418.842123628652,-12.572853419833109
-1634.840575468319,5.512512940241752
-2537.838328840735,33.75877210535514
-3016.8410354014486,-2.2105742970799573
-2705.838277650415,34.75195215607929
-3538.841338129365,-2.384046576381942
256.15866256674053,-4.523257808707735
4226.15962707944,6.273661858007516
-3368.8416229794384,-8.237844709735032
3625.159721594304,8.272613710285599
-2418.840490650269,6.569875432677582
-2095.839343056956,19.69419581309998
717.1593720448436,3.5100661957816186
-3524.841443836398,-5.29300656190212
2376.158152531949,-11.695899780849794
119.15821136295563,-12.52190539994414
-227.84144421940437,-7.408760330604978
-1035.8391374564962,23.632323421692263
1678.1595511369524,9.108165915390009
4300.159666018793,7.23721879096418
2297.160090406891,12.402537026709746
724.1612576352782,28.439051445002512
2197.1589191525127,-1.6368373433488639
-3058.8424544704612,-17.474717763904724
3411.1586081492133,-6.721528973107261
-2413.842788902635,-25.33812290583402
-140.84194722847315,-14.547899969663465
-4188.838849394291,26.891619076710647
2876.157268970739,-24.772313124866656
-384.8408718893188,2.3900626224648303
-101.84015809663106,9.542803042312629
3780.1595785563695,6.32224305952289
1998.159051684721,-0.622628417546788
-1555.842396636086,-20.31381064253371
-329.8395532144932,17.59222949646982
-1748.8424397507915,-16.553483342828777
2562.1620761154336,39.34428799926705
-2278.8419076766004,-11.412941180379995
-2778.8398035750142,14.696591988711853
-1767.839136477327,23.646071484006654
-2489.8429801625316,-24.643036665162683
-4422.8374595380155,44.93247416769801
1095.1582043181988,-8.738689164081912
-2591.8407459887094,1.7704251202550907
4162.158130878874,-9.094585018655955
-39.84209872648353,-16.382481363398924
-1149.841633364209,-8.450178381480582
-4371.842679450696,-23.191474841080186
-931.8414751891978,-2.8118500752236804
2582.1583313227748,-10.783509641287733
962.1601852753083,14.509894415036987
-441.8376474987017,42.60613104605422
1126.16019241116,17.093302409251258
-2368.8417473273003,-11.319956879114814
2877.157376485935,-23.68092375355775
223.15823637449648,-11.507943541833306
4233.161011176708,25.22095824592119
2146.158136516402,-8.984055309104674
-414.8387477098149,28.532357559467094
1760.1586035902728,-6.516809493561622
2058.1581797580584,-10.697748403099913
3040.1588901353534,-3.698521170833634
-3622.840059355076,11.799565983001434
2920.157596469391,-20.76918351488321
1127.1596394231892,7.435629961998902
-2668.8389363128226,25.760754287553326
3602.161372963921,29.302627729421353
-3057.842604267411,-23.217975205399092
-4079.8402119816164,9.862956821144865
-3998.840639999602,2.8182874129588296
2252.1598588855704,9.294097844455722
-1301.8401016971911,9.61824206018269
4153.159633315925,6.245995834857792
-2224.8392198756337,22.67644565422163
2515.16231140116,42.332559816192536
-3689.842420562054,-16.38429847795626
-1439.841322753753,-1.6192505963682127
-4189.842008480919,-10.699508373371799
3538.1619929993176,38.25142339057878
-2397.842479284678,-17.56278241272949
1366.1587390713394,-5.5394573940608325
177.15804022015072,-11.800222899593575
-2927.8426330332295,-23.328122058973555
2475.157891075127,-16.687926439519778
-2226.8424634900293,-21.27472074155817
3500.1619082123507,36.29625548784185
3655.161655383825,33.29570355765329
1634.15748484683,-21.588475574751
3146.158280966454,-11.580755513349366
-660.8404672840261,5.660322544230466
3963.160032210697,11.144758279192425
3430.157914045034,-15.755223693494502
3364.1589574982645,-1.6584971989626665
-316.8426686883904,-23.418086043509966
1196.1591539626825,-0.5985352298575597
2642.161327085516,29.347336075430768
-1136.8407212660532,2.5253496782560685
-549.8420392491389,-15.338609518653763
468.15818524052156,-8.784980271639524
2980.159339429112,4.198696649356041
-2693.841751914646,-11.280970622712095
3194.160830110777,22.350657115201635
4356.1590489250375,2.9328623615843146
1684.1579369945684,-15.533134720839996
-1668.8416307726293,-8.368896729145572
-2696.8384882345563,31.765088503070707
-4191.840530573798,4.882410572221742
3021.1589048102614,-2.706359052636313
-1702.8423175597563,-18.35767686568302
-4332.840200032631,8.88680542913342
832.1602126531652,14.528109610598692
-3705.8404508573003,5.770329171398
-3210.842332303582,-15.559359840910924
3649.1597995350603,9.311055724000829
-2157.8421256968286,-16.304680564496234
-577.8416374333901,-10.406608666743988
-431.837412712106,45.59247173537265
404.158799398283,-3.4739448687282373
-725.8424738224712,-16.827658216714063
-1120.8413761311094,-6.45882762089461
2073.160131895973,12.410371277103051
1917.159410049324,4.305534728391017
1937.158249982749,-11.495922881999395
-352.8412325713434,-4.3840596593034995
-1378.8415867043077,-4.659242206458328
-2759.8396496200585,16.652263842760405
-1581.842003892758,-10.616750587647154
1521.1596175255836,6.393543653603583
3706.157313682779,-23.76311765682655
-3719.8413695676136,-6.124842423636647
2655.157674366783,-18.625432472424926
-3307.841760625539,-6.700121868763312
3392.1609382292954,24.302400361332133
-3146.842690905032,-23.255390592970414
208.1580953534576,-13.513865528688576
3076.162064706499,39.29345911023717
2425.159715335234,8.3744382734993
1305.157024971093,-24.774792216247455
-1284.841853703314,-7.7693061945484585
-42.841819471505005,-12.511292336617275
2224.159690335102,7.368529510750188
3573.159521843365,9.02872357070048
831.1581477535656,-12.479921048158717
3435.160164670553,13.240997924575337
-1214.8414292624802,-7.361983209786051
2365.158940322988,-2.5759816976036642
-2497.8389510496636,25.74431945575968
-373.84175753680756,-6.767905580218758
-4369.8404584612,5.953710763217337
3594.1603464397485,15.344217196557912
2875.158562764176,-6.68694239268903
1508.16089524579,24.305650483252094
669.158954187471,-1.4932292606638047
2523.159270349948,2.3354034452477492
-2934.84047936165,5.664605736578089
-2302.8417007393437,-10.364307604716858
2239.158294817491,-10.643758725454882
1261.1583047549939,-11.545222080042487
-4094.8375373891904,43.90834083834253
-2803.840194167162,8.792095368842629
1344.157357867749,-17.273201825485124
3730.1603431997937,19.022464575636995
-3350.837423409859,45.717238841642555
-1118.84181645856,-12.352598100325238
770.1589012949262,-2.4644249961224416
1079.1595970134367,6.288118799306785
1432.16113532061,26.44623271169916
-3017.840007486171,11.738768779154059
377.1583126966725,-7.757406842870814
881.1606963078375,22.396459663856476
-898.8406261205091,5.348749973161672
2572.1606987085543,21.30048320512035
2949.1575653551263,-20.758530138903538
-3715.8408682626323,1.6983802844204856
-2971.8416733732447,-10.357928466828735
-3786.84052603459,4.867111621154052
3310.1577725198586,-15.903989761918805
3329.157875271456,-16.849245573880733
-2429.8407874563127,1.6502556480678336
3011.1594830259564,5.3115866382674835
3858.160002925957,12.252646181159013
-2432.841936373152,-14.199000833457454
2234.1601299521863,13.363723502924538
3188.160703975591,21.328563454434736
1613.1604209142388,17.365435237320575
3746.1582828097744,-11.778631371028442
784.1584448880749,-8.49085339443631
873.162030398089,38.495287093707795
1363.158617559704,-6.598566563566486
1683.1581964185461,-11.623029297130682
-1659.8380474470323,37.65972849698748
-3585.8404742701096,5.872740868759246
-2111.840674102539,2.703197282937545
-3552.8424395601032,-16.49100412093799
973.1606493928703,22.24440569076802
-499.8417997660581,-12.445583174658639
3184.159674832539,9.194721980664765
-569.8419648292474,-14.500030230381638
2040.1603669433389,16.296602110006553
1594.1589260929031,-0.7937232352480876
1388.1611640845658,29.269688209892855
589.1594102274394,3.5433174334333017
228.15733508963604,-23.473948249883154
-1711.841301439039,-5.247111781802693
-1803.8400518136332,12.368734024722267
2889.1596822185675,7.298091674449092
640.1577350781299,-16.540775988979473
-1060.8419775823713,-13.380121180793395
-172.8404698735685,5.4947919344807765
-2402.841845472867,-13.364340430116949
3503.1574680230697,-17.9618706844778
1548.1588982340181,-1.6631314588740027
-1280.8404604267562,5.5748074747260965
3952.1601925711147,15.132529400095722
2766.159547895717,5.25141686297734
247.157907939516,-11.752210116609758
3133.158745810273,-2.781190963910819
1462.161179815128,27.384114433068092
1501.1605312511092,18.455433529833257
-3440.8410605208483,-2.111345256201023
-3427.8411463402444,-2.2427940425380806
2652.1597105332767,9.244077644856768
-149.8407441895688,2.4495137113568273
-489.84040001110407,6.579317962225941
1839.1587924048072,-3.575413159041675
-1015.840807540284,5.231238665466268
2417.1577670660918,-13.974743736236944
-2985.841420486453,-7.18428442355378
-2487.839128801017,22.76261088300695
265.15791584568797,-16.488534343305382
-2161.8410025857156,-1.2915584119816588
1283.1579173487262,-15.521047706486076
-2559.8407524250215,4.5763143715402865
-2058.8417496224283,-7.5563075010737135
3440.1587956516305,-3.700701689854281
3154.160111683246,13.331003181467741
-3482.841140034958,-1.4493424657913092
-3353.8425461204024,-22.364626491768902
-2116.8420921076904,-16.28498979478502
933.1591513584717,2.2802122093518253
406.15788304188754,-16.55499815274171
-801.8425231667352,-18.72133064623463
920.1624457011349,43.52429283933633
3677.1578459384036,-16.743049505546935
1550.1592675374704,4.2845470669303545
2607.1596615705057,7.3427133024491535
4398.159171173873,3.9832548365244733
-823.8402334115235,8.669518396022122
615.1610122552374,24.5630824098696
4066.158359466237,-8.818486221541985
-2725.8415308098774,-4.520568996192093
-3364.840224602376,9.698283956258946
1086.1588880841737,-2.5089579578040135
2336.1585040906793,-2.990962001623017
-305.8423037130269,-18.359667273126085
-671.8426462895586,-20.56380520121854
-1853.841526452452,-8.233305157629019
-3746.8403202724876,7.813177933648658
127.15866886230651,-5.407459372448333
636.1601088196039,18.14062555179963
-380.83961505198386,16.43293448160953
835.1593735668575,3.456621855756717
-1336.8424414591282,-21.325864755238964
3177.158212574781,-12.661763430196409
3210.1585908260313,-5.733840803651203
2874.158813887334,-1.8868693922541162
-4510.840413149854,6.878588185469777
-2965.8414512393065,-5.416056397729767
-1021.8399975842913,11.664392168396434
-3593.8388430813793,27.799168692024665
2390.1583298275946,-5.980082660464519
-4353.83839452127,33.87707179603595
-974.8417009344557,-10.449963697661001
-4113.838691492798,28.895475664805353
1252.158776012191,-0.8941613796068415
1971.1584598105983,-8.582897927195662
-396.8417056350154,-10.416760740239903
-1504.8420780840097,-16.19776957230367
-2412.8425176440505,-22.355045745919732
-4254.84105539642,-2.059568111889215
-3224.8423098321073,-14.520871623012408
351.1589856657665,2.2621096906708846
1074.1592561352882,2.4064783693430307
-2825.8402619585977,9.722954686948752
849.1585533868056,-7.510268507050075
463.15859133622143,-7.406747863691738
2201.1577069570194,-18.624758684479083
-2194.8395727482857,17.596003456920023
1815.1604167974438,17.442050014942254
-1648.8401621810626,9.721085989319475
2776.161020941625,25.263712586569895
-1267.840755315905,3.5698339656807274
-3310.842354080465,-17.46619397687602
2370.1584055331186,-4.931055597077108
-3774.8405766757787,3.7642775944480285
2195.160748542403,25.14544298770329
3648.1590125590446,1.9460539879477725
-2102.841417025309,-6.339896352377857
-581.8406422181288,6.397977817570311
349.15976979542756,8.522399315555452
-4448.842192907643,-15.293037551355196
-3326.841064114531,-1.3084076395159858
4441.159228375123,1.1436411865167369
922.1601480970276,13.518260405456052
2314.1594847647357,4.343757907389081
-662.8428118430311,-25.40225239384249
-45.840431320189964,7.473279147699083
87.15802332363091,-14.582923129972347
1354.1593906242633,3.4185629416649057
1666.158574818226,-5.802937090934558
341.1585967281717,-6.460219626565158
507.1571807578439,-21.8474555910352
-2534.839542749105,17.786427972841665
3350.1589932711795,-1.643966196696046
2540.160328494734,16.319358554377438
-2246.8386647648877,29.65957039085847
-1871.8405201960704,5.701372789309437
4111.161180094059,28.15208624633115
4284.159024990746,-0.7582681134010203
2480.158531013003,-5.837088991037577
-4074.8415029218886,-8.089410181658081
2772.162019582931,38.32666230340057
284.16022965940647,19.22205583847981
561.160935670021,29.082923648342117
-976.841446117789,-5.498210836127857
-468.8413404786843,-1.7086143906690765
2373.1590933303232,-0.5441566626334904
3292.157651537971,-13.193884017657723
3571.1589544976596,-1.7720951739822013
-3251.842073159467,-11.46803766456517
2237.1586848999723,-4.7245989936287955
-3498.8405188756296,4.834330720004145
339.15854856930673,-4.649981965142216
-3466.8403297589393,11.420667491736486
3139.1603273778455,16.264812235744827
3013.159643048537,7.35510412447138
1787.1604427656857,17.403757582116484
1072.1590240421356,-0.4997378116659563
-1872.8400857386878,11.627524799493548
3942.159037553123,-0.8102714330413443
4074.159270147735,1.2714067452751348
735.159583574743,6.3946093324560245
-1818.8411698908312,-3.30633392708771
2996.1572882120963,-24.644269497319968
516.1576058071223,-18.501913912151316
-1632.8375086185406,45.58307324951267
2657.159523786104,5.370747938623632
3966.159285679576,2.210051221452238
3255.162115744606,39.30538426394765
3892.1582823828794,-8.929386568717911
-2973.8387882829993,27.71885008759277
2684.1596003313316,6.3676496214358735
-4519.840208427457,14.450272046475598
3261.1584617766202,-8.730485664942028
1472.1609042026103,23.466768981148604
1401.158505130792,-8.59186268340772
-4537.839558961918,17.871420019050937
-2474.841937997553,-14.239894420459356
-4173.840535475989,3.8263755575647433
663.1584535936126,-6.644125430220185
3122.156866948935,-26.015273501453322
-3000.842392723018,-20.205268920927043
-832.8423479991034,-14.849374407133535
4401.159023099812,-0.833339369222565
-2656.839173438959,22.70133003343394
648.159220276284,1.5003939222112432
1299.1608996231225,23.470087986010917
2198.159228795441,5.0860820715107415
-2494.8412939591217,-5.2958251233266385
2723.1586801257217,-5.652406246620815
-460.8421096476959,-11.73979118422765
3442.159136280301,4.016253752625584
-452.841225306096,-1.5888374602643678
2235.1592721050256,6.03329279498165
2781.1596169489203,6.301397552790302
4364.157806507079,-14.177363988524856
-4204.842149267613,-16.1483786720112
1823.1590644793469,-0.5944600457529381
4252.157715810055,-18.74843618956789
-3227.8425093224505,-16.593272795209693
3046.1590122904745,-0.6662822954128673
-4019.841354682867,-6.129849470593547
-3252.842101469636,-16.35281139619961
3778.160419822263,17.282526928393146
3575.158932164486,-2.640617337741052
2399.1595772784785,6.411317239911973
-1684.839676261763,16.671146894230695
-2217.8426137336064,-23.2720628626694
-2244.8391558701987,22.751839170474675
-404.84160948271165,-7.5316018993054925
2842.160741875763,21.357586352890827
-29.842660193156917,-23.480236613418956
316.15869003668195,-5.391947885344038
-3596.841754203255,-12.152333348855127
644.1619824876543,37.523326032885514
-3221.840340400755,8.733541319971009
4299.160116653889,13.227250723846824
-2797.841867723211,-13.221316409042556
2887.159970053879,11.28682996056868
-1108.841610794887,-5.605761484108573
2678.1611653174623,26.335067577080288
-1366.8397228227113,15.695456847587911
3660.158766352921,-4.789082728386177
-2038.8401286857552,14.35289278099607
1069.1576889069984,-13.94173000481119
-2048.8386985545512,29.6773052392536
626.1586807689746,-5.465460435919605
-3930.8422665480757,-18.215445233867257
-3690.840283753292,9.715269986947972
-205.84206611989066,-16.435571018516015
-3796.8406851629843,5.650544601001117
-4397.84052297665,7.614413666890618
-1298.8416209548013,-10.471965394920701
-825.8397574666305,17.45121616771202
3237.159380337165,3.3889178957370003
893.1585673043737,-7.465551206031473
2905.1582555392524,-11.628869546070046
-3045.8413959842874,-3.5626877134888524
3741.1616706735804,33.29245519994002
-197.8386982328375,28.46744563164477
2673.1622050201404,40.399430652387316
-3781.8417906804243,-11.164853520302149
-4511.840256906697,8.891084774323657
-2269.8406356844353,3.65517990425238
-1593.839558976062,19.48598122680214
-3941.841531387705,-8.193189552733992
2483.1575843944447,-16.916978340669253
1940.1595054010977,5.448847689046525
-657.842105007323,-12.649522413839794
1564.1602611802518,17.268082754652696
2257.157751103048,-13.995869194156814
3168.157558077073,-20.733900351012746
-2490.841259171546,-1.5351301417540961
1292.1594913055887,4.424213037737731
1579.1588019754272,-4.4931520564732965
2210.1588928124984,-0.8156202280949483
-1381.8399864648818,12.641755429213704
-3187.842007755069,-15.229941030166813
-1177.8390691460227,27.357152816232492
-4512.841013984464,-1.1078653621620749
1610.1596253514872,6.2929124874641165
-3817.839458029892,18.848225041006224
-2118.8409340886865,-0.26099728195802374
396.1579277050332,-11.840854438050409
-3581.839611432457,17.812009723936598
-3320.84138445789,-4.325258040634799
3164.1593140551704,2.2894440470305124
2458.159568781266,6.360419205831096
2162.1587857108098,-4.626454891992478
-826.8415698138997,-8.340674645234282
-3567.841761120362,-8.381376570299702
2930.158290242369,-10.644281211309952
3036.1573998649255,-22.69102086792725
-3587.8410468122456,2.514256906357513
-3099.8414112416212,-6.169663657154247
-3396.8420089447172,-10.50796765623546
-1162.8423105546972,-18.349670722977894
574.1598311875714,9.482366231800567
4332.158510115347,-3.1252414033354716
-993.8407957938616,2.4826716144008607
-339.84144198324066,-7.449666781723186
-1947.8398414569092,13.651787911523888
1087.1595503042918,5.406290295116753
4231.159406019375,4.211994510851463
2043.160291827051,15.298046112746194
2069.1588635994704,-3.5368968569075596
-4304.839776620967,14.81700606534262
3306.1590912048705,-0.622215319241751
-2355.8415559153073,-4.606929031551788
-4214.842411547899,-14.54343206679594
-3338.8416438081767,-6.411475871695618
2927.159528346325,5.354428261030844
4215.15774943307,-17.73209691162439
235.16058128199074,19.553453196834198
-2589.842586445331,-17.70435703734343
1726.157420707459,-22.6720964118211
-3836.8399420988862,12.844027690696548
-28.842460397223476,-16.758806254323765
-3534.8415221303585,-4.458125292730825
-704.8378209635266,40.61821843589056
667.1585871074349,-2.783769125851257
3617.1602599151083,15.299561079558506
-1042.8425161541672,-18.583757456203532
386.15888286044355,-3.438872263503044
2335.1589628043585,-1.6531113343679111
3814.1613484183326,29.269885526979735
-1919.8418692857376,-13.337995871667943
2308.157689947053,-15.038797681970792
-3240.8423148773727,-16.344519807352654
-383.84155469055986,-8.410768931817259
-3650.842426864023,-20.182063907805798
4396.159189587808,4.020561975173724
-1629.8407646322157,1.7323746040971475
3062.157548440504,-20.69701050849553
-2443.8409721769276,-1.4372447258691619
3193.160981928464,25.215428725783816
-2766.8416496723075,-10.297549171449166
-3257.8423631951446,-15.574400454209277
1729.1572566913674,-24.614140326445984
2563.15739592287,-22.696621640863547
-4382.841247154516,-1.333119857082548
3896.1583801467787,-6.029801132208517
-382.84210821893066,-12.66343083143684
-3680.8407575550373,1.791778461573994
2145.162089707621,39.407811872648765
1227.1610745348153,25.4272417960592
1400.1584626857075,-7.598041012627214
-1881.8388545199996,26.74485544036692
4270.157406629587,-22.863917356446912
-117.84295695048058,-24.743226302985043
-619.8412076426903,-4.344720732270883
-2831.8422248724382,-15.437955496187978
2513.158858165785,-3.613449932729453
-2079.841026702954,-1.268418776743382
2150.158982557128,3.89303838164842
465.1578728274908,-14.680779035390229
2827.1610207223566,27.093248213096892
-4442.8379094353295,38.93621964962595
-3180.840514375712,6.701690191900905
-3549.8411789630773,-3.1655993554311372
-55.843002360430546,-25.676567711342194
-4206.840943887422,-1.1064954608791604
3470.158453153621,-4.97826667550133
588.1603317709523,16.49682914094989
-1258.839615041099,16.657602773614656
-207.84123368759174,-3.4995669666153937
-852.841154969763,-3.340923543899623
-602.8392958173063,21.487130287354553
378.1587233643513,-5.426867192565031
-4362.841406273248,-6.108019910488731
-3232.840168789495,9.855826882729763
-2835.839757583046,18.427380863679133
-1200.8406358966604,3.597619128158616
1608.1604738316382,18.3976987165232
1702.1607278878218,25.116015839553178
4330.157286484435,-24.750572476812316
1968.1572206566925,-25.589817906628994
4152.15826927661,-7.978432182549214
3086.1584916678257,-8.684258115000178
-1679.8408860545605,3.367201345616147
-2235.842468937044,-20.344584039917205
4358.159016053018,-1.73684894762179
2033.1590850860812,3.0290967368701835
-173.84115716832457,-3.452546593384797
2712.1603047670797,15.351777254861739
1663.1585633453215,-5.6434235584506895
-1137.8386426408542,29.64949459498812
-2156.840773918957,1.785588558785955
2138.161183318007,27.34829669465566
-2771.8396046902053,16.757910043245623
2697.15785647498,-16.60852850605273
1964.1601147417095,13.423748200012382
-1193.8411451938446,-1.4573871020270053
-3649.840829570312,5.418315033269584
4156.1585373911075,-4.052377940435427
968.1586635535932,-3.888247011355083
2556.1569825467886,-24.933195656634354
-1244.8410282354453,-1.3318237263107173
-4123.840381855087,6.923107073093703
897.161206136283,28.423247605726587
3791.1608923632302,23.255362132447686
514.158531844907,-6.492924418264364
-3633.842214033066,-17.17820226067234
2915.1582392753917,-11.726854549211595
365.15964386967244,7.52920437731024
-604.8397283651866,17.419855399170217
-695.8412549112691,-5.362390987066146
-2823.8386574130272,29.75187552433114
-1861.839482746087,18.70700803459573
3622.158874668763,-3.7036506131286533
-3392.841270347708,-1.5081730823874997
4022.157755164779,-14.045056010062215
-618.8409798064386,2.302095937519489
1277.1584003940225,-5.8877084545436755
-2652.8411090873997,-3.2368952844612107
918.1596343328711,6.513057829350677
-2740.84204450564,-15.2423823521939
-3243.841489464685,-6.280041863137105
2958.1596893881797,7.274122580065461
314.15891379106324,-2.491126250718615
2276.16073912679,21.317703041573367
-2865.840462631546,4.815475724665303
2121.1593717793003,3.441291398440409
4334.157583486871,-16.072960542575444
-4228.841268267599,-5.027271847347482
-2770.8414569448214,-7.201532167942618
-4290.839180128067,21.906586649236274
2518.157571051852,-16.908889242899804
4018.1595867563155,6.252474800827619
-4253.842346096528,-17.34649491004783
4122.159238541848,2.098478719021358
-3940.841259478242,-3.3351948620767065
623.1580080569838,-10.893661972286338
4158.1600459576,12.207523385823778
2533.1576293975813,-18.700197522689145
3518.160432938894,17.296659539833314
3302.159043509513,-1.704303091521207
851.1594953610911,5.3707952728276585
-731.8405354873394,4.5585324737181505
-4185.841519651178,-7.218763630507544
1716.159356343851,3.470471354587966
-2086.8389173363103,26.65121255579986
2825.1574213836575,-22.759725856933517
-3577.8405161415576,7.667105152156372
-780.840693749371,2.6691445430648866
3723.1577706639073,-17.74490398393789
-304.84134876861935,-6.327224079216827
-2632.8406381806126,3.6886500536756106
4430.158685559058,-5.764877562683685
-3112.841761201562,-7.465103753097642
3045.1577957911068,-14.832233237692886
-1929.8410586638493,-2.3126517418944363
-2391.8428857350373,-23.514979571949084
-3374.8414359793533,-7.1811392804906315
-1327.8423772078822,-20.427567245715288
3950.1598054782953,9.252365110052901
4417.157929020934,-15.768221130925872
3128.1583393852343,-7.850371432017938
-2653.8420462523354,-15.43626053221766
-422.84080795844784,1.5880758253452907
2676.1615286627202,34.14437067130236
2852.160318352049,16.24488102956353
-4152.842892981309,-21.667658722608206
-129.84038189327111,6.564832180528853
1958.1596645632526,7.394194666525655
-2257.842115225969,-16.39916098658926
-143.84101258055307,1.3445710965258506
-3983.8419398148544,-11.322487325515793
2831.157444261713,-21.747357043546245
2396.158862755343,-1.6954169196201745
-1652.8418910473702,-13.306198519425013
-2283.842223176267,-13.56197686827478
-2189.839605862566,16.752209224738337
2751.158314338827,-10.727941341932802
-8.842166963324416,-16.449906081252923
-952.8414367647492,-7.288117303664882
-3241.8419416935067,-14.221258150644934
4321.157137408387,-25.877709579039596
1647.158668801363,-1.9471785022548422
641.1620989796356,39.51664243494685
-57.841032171971165,-2.397906038653617
-3556.8414789022645,-3.4361874100006595
-4347.842632817745,-22.26408344352729
3955.160795800155,22.242719635185438
783.159098779608,-0.48425553629601037
-2211.842771502328,-25.21701635655144
-3370.8404342690483,6.789252947506558
-3564.8406543884194,3.7879458728157953
148.15804871777073,-14.55219304041072
-95.83967423450667,18.306331470879833
-752.8426208386663,-22.466784991843987
2216.158235693234,-7.944073018684186
-2070.8414698628476,-5.477775102607142
1011.1587487941724,-5.570109297045189
3487.158485502936,-8.595863100503264
-3329.842228662106,-13.545315814247664
2629.1579870643327,-13.757794658206105
694.157932017406,-15.515901095050255
-2308.840148752148,9.80033519477629
3910.159288200608,4.141693034134255
-895.8418253381387,-12.508343471789392
-1977.8423784404877,-17.48728993230076
1782.160105091636,13.326790564231187
-3228.841598722269,-6.38642862965972
-2777.8402443906525,8.753579218420404
830.1623573295656,42.5006875376234
2805.157751951192,-18.63424252979273
833.1596641737269,7.54553732947682
-347.84178340091603,-11.455470225717683
3616.1589727738174,-2.702784147867706
3173.1575842138263,-20.638464233161066
-1792.8402939930675,8.621271140356301
-2359.8404883045005,5.700802211472995
-2159.8418455789215,-13.241239606190437
3380.1589538842672,1.9312177513204567
3646.157453350781,-18.950237741236982
-2978.8414129473385,-7.241114853436329
3102.159342300147,3.354973552940269
2451.1600986632984,13.38158090796181
3389.160411459743,17.30838850365822
-1231.8412067012396,-4.316869450581828
1107.1586436250363,-6.556881609558923
-3314.840168151306,11.67135047092964
-2665.842462837987,-21.286256019977124
205.15925215481548,2.521638568943551
-1825.8417413654388,-11.367277256815651
2397.158028015343,-8.088796426571957
84.15753949910868,-20.567070627822055
3953.1571327653364,-25.796675265175182
1569.1612140028155,27.39328668356358
3971.1593356386293,3.2075336943728114
-2101.84076281701,1.7031318203352939
1020.1590068443911,-1.544826214822856
-534.8420649224427,-11.681057800090423
2401.1573923561373,-18.86966100381675
-3847.8407139864285,3.7455435137353685
2295.1589532272774,-2.560711155100102
-4140.842802303436,-24.218449562183018
-4531.841986097163,-14.14773605761211
3063.158712859906,-5.578655951427268
4431.158144802728,-12.771698006553518
-1777.8376201471547,43.6422554435207
2801.15886246023,-2.721740531070976
582.1603140194202,19.224137717920122
4137.157600934501,-20.808678559880203
3683.1583478229586,-7.861786210752896
-3190.8409715050366,1.6139446037224108
2406.1575860464945,-17.80261218731348
4115.158549324144,-3.0682608225485977
-2392.842413929291,-20.359480861716158
-1033.8403080202406,7.581521621675796
-508.8380156767089,37.62183053287542
1195.1604694621637,17.390351042102644
-794.8383050712873,33.65682169489324
1805.1594359480077,6.286324784992571
1179.1579898216878,-14.666365531241393
1750.1590802593855,-0.5757115965184276
-330.8389863449265,25.563230383465594
-3357.8425574098947,-22.28608190535684
2724.1580191448447,-13.761340709898253
2883.15951944032,5.322765401738581
-4363.83802544151,37.89868554119854
424.15804066183046,-14.526520124217082
3368.1595745349186,6.347054318822552
-2089.8398858174332,13.663774841732026
969.159231114143,1.5075759689927253
1218.1608417159878,22.485113064459853
-3566.8405094871414,9.492355576157893
1798.1571917164256,-22.868331700146918
-1560.839502793504,18.670008158555973
3717.1620417983504,38.270804378819626
-1763.8414898344781,-8.258592852777664
-86.84039727575146,6.556658553674923
2204.1581297900993,-8.965398050291329
3384.159969514236,11.331662020653011
-1056.8395997275366,17.614760030212118
-2004.8421891514445,-17.210667741271685
672.1604802188231,17.505626862474266
4384.157199037843,-19.207680328525363
-2598.840765578905,1.7422810821365946
1322.1584744855645,-8.520025188798767
4213.1601848955615,17.884370184743062
-3377.840147562616,9.842757551189022
-2015.8408171531628,5.379429694729746
-3345.8412293324945,-0.5529553828213682
-1554.8426837417064,-24.373405210479874
478.1578835308901,-16.450747162654487
-698.8427520820405,-25.43267025345682
267.159029315284,-0.4934447712815473
-3316.841722758778,-7.399699371349102
-3415.8401655275957,9.763999945641524
1914.1578198843054,-17.73837663418142
-2260.8396882708184,15.757849690361331
2277.158525151026,-7.65075887647018
2853.160562551813,19.36904318953585
975.1583611129317,-10.677240892097375
-1190.8410307167796,-1.4271166174102232
-11.841818728193175,-12.398645354658415
-1457.8424743306823,-21.29292778005049
2630.1596247890266,7.343017066950857
2700.1586949939956,-1.9735125517665546
1128.1580066452152,-15.498766523577403
647.1597058904008,9.366073324212858
1492.1605443679728,18.430028568675212
1064.1575391914812,-16.81377575528945
-261.84019140701275,9.579166113760161
4245.157614474767,-16.124488587563498
167.15822285343893,-12.558966435415687
-2042.8417727235355,-12.314326687920602
1497.159746657766,8.397469941467593
-1089.8409986458137,-1.3612636850316369
-622.8417512261658,-10.536647741849023
2616.157258014893,-24.563741685902222
3469.158518392709,-4.056449231146867
-1091.8391605046345,23.56529945142971
-1073.8424677316216,-21.363166061176116
3734.1588612730266,0.9450502469131266
557.1601929107565,16.363854682364654
2288.1589325427194,-2.6467831249610576
1140.1580490747583,-14.5886665530838
1910.1578238339862,-15.759057399922183
-3026.8410408484633,-1.266071602269557
-4349.841449366999,-7.047536829690204
-2300.842327377526,-15.56914830216674
3534.1575482434127,-20.7325701406116
1587.1619403074146,37.42332757535296
-4245.8379183890065,38.9125263847314
-3979.838831746776,26.923983961647373
4016.1619680664735,38.19499285916925
-1908.8414813949494,-5.436178504709324
2644.158727845177,-0.9315842877892004
3118.1586702756467,-1.9792007078795582
-3001.841597647115,-5.572444561955509
595.1586950001656,-5.502487279751104
-3136.841710354667,-7.495204844349306
3423.1598003664985,9.328391927152309
2468.16025019472,14.417270393601447
-1016.8402056833729,8.63065078171884
-2304.8419682845124,-7.760294579143254
-2911.842905919999,-24.548775500566215
-1821.8391189588583,23.695965192952855
2391.1575853272807,-15.898482921928412
-1204.8392911648843,21.616291832887207
-1956.8396826093667,16.67770503742973
1487.1613996332162,30.4266960043094
1257.1594928095583,8.085548876417672
-2039.8394532201346,19.65297023479063
-3033.8432144446415,-25.708813443076345
-3525.8422359464457,-18.118132566145405
-4477.84107234847,-2.0974581264971004
-2239.8428655516473,-23.611529878406618
-449.839075412543,24.55530349591303
927.16100553266,25.478395663977324
-3902.841796679073,-12.191534497310624
1194.1590345669538,-0.6506170364111243
1640.1604934160132,18.3958385310047
-3280.8411743874894,-1.3369835098480563
2432.1574314344907,-18.92654201367491
-2514.8423708263435,-20.324490450183454
2262.157267797971,-22.8899011709643
3366.15884187998,-3.6795048261378227
493.15789072570624,-16.41350174597661
3015.157454683853,-17.94932370118159
3266.158264114638,-11.710482761381156
-3205.8413420487777,-4.3639896935672855
-2431.840805120766,5.393958302058515
1133.1601917267544,15.318771533751702
-161.83962865336798,18.425364610845953
3450.158251496847,-7.997481038001048
-2028.8391928173369,26.39845014812559
824.1601518622483,14.49526666798709
135.15827177878236,-4.929521855532599
-92.84201423637569,-14.43203916467057
-503.8398379450082,14.571703739855492
579.1589055238874,-0.6332701808949217
-2073.8391725026304,22.716597906429513
-3278.841439836775,-3.4547929411355183
2047.1584693148034,-8.596689064522742
-2983.8417239426053,-10.376972425832971
846.1599273349275,11.462806476243665
-4180.842290896573,-15.319737593273597
3946.1570460249786,-24.953359062053252
1820.1578280823887,-15.797027092223116
-3200.841210837825,-3.2219575125206665
3022.161340516235,29.329738771362365
-4037.8391589444946,22.78419019725436
4318.160303194018,16.211310538084398
2264.157305864559,-24.658953292677097
781.1596953619155,7.532782604822685
-634.8420556220808,-15.395683065819789
3311.1621781230206,41.27570532265104
2594.1597453035065,8.295838777281263
-206.84003403084353,11.562453467791878
-2282.8418595522526,-13.337053536345184
-335.83968122437363,16.56766663736633
4071.1588813052513,-2.800654319574239
-1169.841554248007,-8.325857985762372
3044.1576159902033,-20.66424736702883
1701.1624468303053,44.391210102358805
637.1625182243879,44.51849999935465
-2794.841043572873,-2.228265939054113
-1225.8418836861965,-13.359760010517434
-1183.8407269702875,2.584610298493928
617.1612037091982,30.302995889881032
3709.158042699448,-14.719475753558005
-3995.841570214019,-8.129120534097392
-1864.8417978464277,-8.530080309367118
-374.8412518653204,-5.399786822057267
4057.1594201924163,4.120377900366497
4316.160560876888,19.181704963076847
-501.841470244457,-3.7097043980582978
3752.1613018413773,32.0027907012746
3661.159237067797,5.942279347298069
-2580.8375563362497,43.76212881267612
1920.1604718746967,18.273522305837766
2670.1598579482525,9.325191596735669
2050.159280331107,2.3124570688261255
-444.84024887590203,8.549630811007281
-2587.842067177,-11.52450670813831
-4380.840183593275,9.860267241100482
-3242.8426339820144,-23.299190184904862
-3275.8403107682243,7.798516368596365
1745.159978317737,12.390165390982746
-1312.8421841480304,-17.455929148316116
2807.15803092072,-12.807096228063703
1810.1579555336502,-15.591937819940071
1155.1589641711907,-2.7037691703520625
-2133.8379239586648,38.74333074514889
-768.8418892975315,-12.653029952333053
-4503.842749537551,-25.146163594138912
-1716.8416744877468,-10.355740469147568
-4242.841260379646,-5.057724120530228
-1771.8421264799545,-16.377221408962583
1248.1587760269176,-0.8938545441528367
-3281.8417769378284,-7.558270729003661
-4064.838205955457,35.843566016365514
807.1592415379127,6.14543830508245
176.15950451121898,4.661331934239204
-2663.8409681058256,-1.2528268235780393
-918.8390894520562,23.521806226156087
995.1579001832288,-16.53024734641272
-1618.8420952830347,-13.542016685119977
3157.1592938678223,3.2634006454495452
4289.159260262328,2.242681864026677
-1206.8400435198564,11.614092001141403
-2117.8417680902057,-11.3711156568559
-2709.8374465715024,45.70392511050686
-4277.839218638139,21.860496175284503
-2718.8419702213723,-13.252811811219779
-1213.8384523743298,35.37151800956965
393.15851077757543,-7.4295776783013725
1883.1575672943727,-16.926096592467665
239.15951910696458,9.169617503167801
165.15788540028734,-16.524322806164733
-2295.841975671239,-10.543491648149539
-4015.8383256033994,33.879334325477316
-1714.841835344152,-12.336778782321016
-1307.8424085832667,-20.393422845725794
1861.1577765817055,-18.561080901515446
1869.1592520623817,2.4097631587266903
-357.8412399867666,-5.417084772044419
1198.1577664787183,-18.502884690767736
-1000.8424941553967,-21.464585470380964
-3989.8413435060647,-6.08787816052626
-4075.8390724328347,24.827505036006507
2323.158618164365,-6.619900514055859
-2650.841542770737,-8.196484020265062
-1490.839622285508,16.71932887071145
-3654.8406016648514,3.8589294951662385
1448.1591136208735,-0.576266323507542
-1247.8399240825092,12.709653104499983
1359.1579381527845,-15.500943166568062
-835.8419879675494,-11.681154317296398
-1325.8395338405971,17.634585425650464
1895.158189426118,-12.75580755347195
1731.157185170392,-24.72039555784923
-2786.8404506096267,6.624669723240382
-4101.839192636893,22.832728899715946
745.1600265256129,12.480601364187065
-98.84012806188548,9.605676609935019
-4506.840709993965,3.7772019243299546
3355.158594208944,-7.694630966029517
297.158315000881,-10.54662377498627
2619.1596847712644,7.368837055189092
-3292.8416695602937,-10.209851884133393
730.1596287640859,9.279036973728351
-1401.8419462073944,-13.37124422855293
3715.1581413912354,-12.73014152202623
4128.15888935019,-2.8194021966710343
2786.157179236994,-25.692900514380646
1219.1608363827108,23.42114079994647
2601.160110458557,13.19896961030925
921.1584908062359,-8.501809828870005
3140.157478355628,-21.726751969380967
-4527.842069237551,-16.004680099087263
1103.1581770955818,-8.847350116179976
2010.160017260525,12.342245660272239
-628.8421299919719,-16.40415952052218
-4431.842641770549,-23.169290398058912
-3608.8428128530504,-24.43599554336003
2679.158653403225,-5.699501557840875
-3501.8416974188876,-10.14427160887207
2060.158580636198,-4.811522399074194
2550.1603945682873,17.266372977011024
-1048.841942984087,-13.314627679429154
-1760.8405152970226,5.6674258065982865
-1471.842693122453,-24.32826049696878
-469.84045337402495,5.600952394583013
2077.158546313527,-1.0840551909393694
420.15781683212845,-17.643401846502375
-3801.8392701039556,21.86188574980863
-1620.8426820833702,-23.43383409679752
2753.1620360668167,38.27967157381247
-1706.841975082003,-14.351426474456856
-668.8426983052632,-24.3631315125847
3340.1574972452945,-22.766783228284247
1097.1587235291954,-4.494959015932935
-1291.8419077228755,-14.335201665912834
-2616.8421675948775,-13.537297204077344
998.1581307595479,-13.51004139149148
-719.8397633240675,18.297421715194176
3969.1581010541995,-13.677977623634373
3758.162143331836,40.255237674649244
1081.1573926865822,-18.837810797628045
-1539.8403006477747,8.566464547684559
-2030.8388722398086,26.70660290797835
3258.158615070337,-6.692931756884099
2101.1586741941283,-1.8845207722935822
-2584.8375706083607,43.757625572605086
2375.1579085165286,-12.825168266670607
-864.841284935479,-5.387462833425953
1580.1600054972223,12.41372925600024
754.160025649122,12.41251274251155
-4120.8426879588515,-23.137744936764822
3332.1574673178256,-20.831910410694434
581.1601851729793,18.189072117912325
1981.1583401024109,-4.093356560639027
2885.1591186416917,-0.6060629854816035
2074.157910972659,-14.86281867889391
2165.1584945686045,-5.865184144942931
-1745.8380373334512,37.656014347579976
3821.1583317765035,-8.793008144799689
-1907.8420899424236,-12.640707635501542
3109.15793889825,-15.744729882261954
3516.160843995516,22.34913126974694
1786.161081287777,25.319716338980925
2269.157074394636,-25.80365195861372
1902.1588084377581,-3.5705252125485343
-1470.8417460270575,-4.818048842808027
2318.159654042276,8.326863549173025
3859.1602995218127,15.321423806655693
1765.157906696375,-11.961609700807998
2484.159771068953,8.271999730075029
1333.1585321129533,-4.841278654808686
3935.1582857148605,-7.049269341360737
2147.157570320298,-20.684986255820014
-82.84049697627779,5.557010557320131
-2228.842771439755,-25.215712305871904
-3630.839650714188,19.557646242227435
2940.1622226454783,41.28963608314319
-2845.841778824979,-12.217908282563009
-3387.841307397466,-4.275781201360664
93.15948147553718,4.522402120316498
1711.1607289211242,21.43606813612459
-517.8410576195456,-2.422358463320622
1165.1583852205076,-8.712799772791609
1886.1582940830267,-10.564197157813737
3779.1578598499764,-16.74606373409911
-1640.8413118700264,-6.2696225453030605
