ID,Gender,Ever_Married,Age,Graduated,Profession,Work_Experience,Spending_Score,Family_Size,Var_1,Segmentation
462809,1,0,22,0,5,1.0,2,4.0,3,4
466315,0,1,67,1,2,1.0,2,1.0,5,2
461735,1,1,67,1,7,0.0,1,2.0,5,2
461319,1,1,56,0,0,0.0,0,2.0,5,3
460156,1,0,32,1,5,1.0,2,3.0,5,3
464347,0,0,33,1,5,1.0,2,3.0,5,4
465015,0,1,61,1,2,0.0,2,3.0,6,4
465176,0,1,55,1,0,1.0,0,4.0,5,3
464041,0,0,26,1,2,1.0,2,3.0,5,1
464942,1,0,19,0,5,4.0,2,4.0,3,4
460849,0,1,58,0,1,0.0,2,1.0,2,2
460563,0,0,41,0,5,1.0,2,2.0,0,3
466865,0,0,32,0,6,9.0,2,5.0,2,4
461644,1,0,31,0,5,1.0,2,6.0,5,2
466772,1,1,58,1,3,1.0,0,4.0,5,2
464291,0,1,79,1,0,0.0,1,1.0,5,3
466084,1,1,49,1,6,12.0,2,1.0,2,1
459675,0,0,18,0,5,3.0,2,4.0,5,4
465602,1,1,33,1,0,13.0,2,2.0,2,1
459168,0,0,36,1,0,5.0,2,2.0,5,2
465083,1,1,56,0,0,1.0,0,3.0,5,3
467604,1,0,31,0,5,9.0,2,8.0,3,1
459717,1,1,49,1,0,1.0,0,3.0,5,3
465882,1,0,35,1,0,0.0,2,1.0,5,2
461996,0,0,35,0,0,5.0,2,4.0,5,3
463331,0,1,45,1,0,0.0,2,3.0,5,3
462216,0,1,42,0,1,1.0,2,2.0,3,1
462454,1,0,19,0,5,1.0,2,3.0,1,4
459861,0,1,83,0,7,1.0,1,2.0,5,4
467917,0,0,27,1,5,3.0,2,4.0,0,4
465572,1,0,32,0,1,5.0,2,1.0,3,4
460593,0,1,28,0,5,1.0,0,5.0,2,4
465891,0,1,28,1,0,8.0,2,2.0,5,1
462044,0,0,47,1,0,4.0,2,1.0,5,2
465686,0,0,22,0,5,0.0,2,2.0,5,4
464590,0,0,27,1,0,14.0,2,3.0,5,1
466152,1,1,40,0,2,8.0,2,1.0,5,1
465729,1,1,41,1,0,0.0,0,4.0,3,2
462442,1,0,19,0,5,0.0,2,4.0,5,4
464191,0,0,45,1,2,1.0,2,1.0,5,1
462078,0,1,61,0,0,1.0,0,2.0,1,2
467873,0,1,36,1,0,1.0,0,2.0,5,3
461270,1,1,40,1,0,1.0,2,1.0,2,1
462960,0,1,57,1,3,0.0,0,2.0,5,3
464961,1,1,76,0,8,1.0,2,1.0,3,1
462110,1,1,32,1,0,14.0,0,2.0,5,2
465769,1,0,25,1,5,9.0,2,4.0,5,4
465269,0,1,45,1,0,1.0,0,3.0,2,3
461891,1,1,48,1,0,0.0,0,2.0,5,3
466935,1,1,55,1,0,9.0,0,2.0,0,3
464091,1,1,74,1,7,0.0,1,3.0,5,4
464535,1,1,56,1,7,1.0,1,2.0,5,1
463108,1,1,59,1,7,7.0,1,2.0,5,1
461356,1,0,25,1,3,0.0,2,2.0,5,1
464570,1,1,31,1,1,0.0,0,2.0,5,1
464580,1,0,27,0,0,8.0,2,4.0,5,1
465233,1,1,57,1,0,0.0,0,4.0,5,2
459954,1,1,27,1,5,8.0,2,2.0,5,4
460219,0,1,51,1,3,8.0,0,2.0,5,1
460877,0,1,47,0,0,0.0,0,5.0,5,2
460191,0,0,33,0,5,8.0,2,4.0,5,4
463742,1,1,56,1,0,0.0,0,4.0,5,3
463691,0,0,33,0,6,0.0,2,3.0,5,2
463250,0,0,36,1,1,0.0,2,2.0,5,4
463952,1,1,51,0,0,4.0,2,3.0,3,1
461558,1,1,45,1,2,2.0,0,2.0,5,3
465379,1,0,30,0,5,0.0,2,4.0,5,3
463814,0,0,26,0,5,6.0,2,3.0,4,4
466938,1,1,63,1,0,8.0,2,1.0,5,1
460671,1,1,35,0,3,8.0,0,4.0,2,2
462204,0,0,19,0,8,1.0,2,3.0,3,1
461671,1,0,32,0,5,7.0,2,5.0,5,4
459384,1,1,52,1,0,0.0,0,3.0,5,3
459905,0,1,36,1,0,5.0,2,2.0,5,3
464734,0,0,42,0,3,7.0,2,3.0,3,4
464125,1,1,40,0,1,0.0,0,2.0,2,4
467434,1,0,39,1,3,0.0,2,3.0,0,2
460956,0,1,47,1,0,1.0,0,4.0,2,3
465179,0,1,61,1,0,1.0,1,2.0,5,3
463338,1,1,32,0,3,1.0,2,2.0,2,4
467066,1,1,55,0,0,0.0,2,1.0,5,2
459976,0,0,38,1,0,0.0,2,1.0,5,4
461334,1,1,63,1,0,0.0,1,2.0,5,3
465108,1,1,58,1,1,1.0,0,2.0,5,3
462600,1,1,30,0,2,3.0,0,3.0,3,4
464144,1,1,60,1,0,0.0,0,4.0,5,3
466911,1,1,68,0,4,1.0,1,7.0,5,2
462806,1,1,52,0,0,0.0,2,3.0,3,1
463426,1,1,38,0,4,0.0,1,5.0,5,1
464065,0,1,35,1,5,10.0,2,2.0,5,2
462979,1,0,18,0,1,1.0,2,2.0,5,4
462834,1,1,30,1,6,3.0,2,2.0,0,4
460764,1,0,86,0,7,1.0,2,1.0,5,4
460185,1,0,25,0,5,9.0,2,3.0,5,4
464406,0,0,39,1,0,0.0,2,1.0,5,1
462059,1,0,47,1,0,1.0,2,1.0,5,3
467905,1,1,43,1,4,0.0,1,3.0,5,4
461177,1,1,36,0,4,8.0,0,4.0,0,2
460765,1,1,80,0,7,1.0,2,1.0,5,4
465386,1,0,36,1,0,0.0,2,2.0,1,3
462332,0,1,37,1,0,1.0,1,2.0,6,1
464481,1,1,46,1,4,0.0,1,3.0,5,3
461011,1,1,55,0,4,1.0,1,4.0,2,2
464749,0,1,47,0,2,9.0,0,4.0,3,2
461094,0,0,28,1,5,1.0,2,3.0,2,4
462104,1,1,39,0,3,9.0,2,2.0,2,4
464524,0,1,27,0,8,1.0,2,2.0,5,1
461787,1,1,72,1,0,0.0,0,2.0,5,3
467857,0,1,28,1,2,0.0,2,2.0,5,1
460153,1,0,35,1,3,8.0,2,5.0,5,3
465215,1,1,39,1,4,9.0,1,5.0,1,1
466746,0,1,69,1,7,0.0,1,2.0,5,3
464857,1,0,18,0,5,6.0,2,4.0,3,4
460723,0,1,50,1,2,1.0,1,2.0,3,2
459853,1,0,30,0,4,5.0,2,5.0,5,1
460410,0,0,39,1,0,3.0,2,4.0,5,4
463823,0,0,29,0,8,8.0,2,4.0,5,4
462008,0,1,37,1,0,4.0,2,4.0,4,2
459750,0,1,39,1,2,0.0,0,2.0,5,1
459880,0,1,48,1,0,0.0,0,5.0,6,3
459261,0,0,32,1,1,0.0,2,3.0,5,3
465395,0,1,43,0,2,0.0,0,5.0,3,2
461631,1,0,29,0,8,8.0,2,5.0,5,3
464904,0,1,28,0,2,9.0,0,2.0,3,1
461740,1,1,80,1,7,1.0,2,1.0,5,2
467092,0,0,28,1,5,7.0,2,4.0,5,4
464173,1,1,71,1,0,6.0,0,3.0,5,3
464972,1,1,67,0,7,0.0,1,9.0,3,1
467959,0,0,26,0,2,0.0,2,1.0,1,1
467688,0,1,47,1,2,0.0,0,2.0,5,3
460043,0,1,43,1,0,2.0,0,2.0,5,2
466590,0,0,27,1,5,0.0,2,4.0,5,3
461191,0,1,45,1,8,8.0,2,4.0,5,4
465662,1,1,76,0,4,1.0,2,1.0,5,3
459231,0,1,43,1,0,3.0,0,4.0,5,3
466495,0,1,78,1,7,1.0,1,2.0,5,2
459192,1,1,35,1,0,3.0,0,3.0,5,3
465710,0,0,49,1,0,1.0,2,1.0,5,3
460258,0,0,25,1,5,1.0,2,5.0,5,4
462813,1,1,37,0,4,0.0,0,5.0,5,1
467768,1,1,60,1,1,0.0,0,2.0,5,3
465291,0,1,45,1,0,5.0,0,3.0,5,3
462996,0,1,49,1,6,9.0,0,3.0,5,3
463497,1,0,32,1,0,0.0,2,5.0,5,4
465301,0,1,40,1,0,0.0,2,3.0,2,2
464702,1,1,59,0,0,2.0,0,2.0,3,3
459012,1,1,48,1,0,3.0,2,5.0,5,2
465053,1,1,82,1,4,0.0,1,2.0,5,3
459420,0,1,70,1,7,0.0,2,2.0,5,2
464166,1,0,31,1,0,5.0,2,2.0,5,2
458987,0,1,72,1,7,0.0,1,2.0,5,3
467745,1,1,50,1,0,3.0,0,4.0,5,3
464866,0,0,23,0,2,11.0,2,1.0,2,4
461081,0,0,20,0,5,2.0,2,6.0,5,4
467896,0,0,22,0,5,4.0,2,3.0,5,4
463991,0,0,31,1,2,8.0,2,1.0,5,1
466620,0,1,36,1,0,7.0,0,2.0,5,3
460697,1,1,40,1,0,4.0,0,4.0,5,3
467934,0,0,40,1,0,1.0,2,1.0,5,1
467910,0,0,21,0,1,1.0,2,3.0,6,1
467335,0,1,41,0,2,4.0,0,2.0,5,4
460263,1,1,40,1,0,0.0,2,2.0,5,2
459340,1,1,53,1,0,1.0,0,3.0,5,2
465622,0,1,42,1,0,5.0,2,2.0,5,3
459395,1,1,42,0,4,8.0,2,2.0,5,4
466574,1,1,59,1,0,7.0,2,2.0,5,3
466544,1,1,41,1,4,1.0,0,3.0,5,1
463610,0,1,31,1,0,0.0,0,2.0,5,1
465539,0,1,49,1,0,1.0,1,5.0,5,2
459823,1,1,67,1,4,1.0,2,2.0,5,1
467614,1,1,35,0,0,4.0,0,2.0,5,2
459073,0,0,26,1,5,0.0,2,3.0,5,3
464863,0,1,25,0,2,6.0,0,8.0,3,4
460022,0,1,39,1,5,4.0,2,2.0,5,1
459929,1,1,63,1,3,0.0,2,2.0,5,1
466613,1,0,23,0,5,8.0,2,3.0,5,4
461149,0,0,23,0,5,0.0,2,3.0,2,4
466068,0,1,53,1,0,2.0,2,1.0,5,3
461513,1,0,33,1,1,0.0,2,2.0,5,2
466236,0,1,69,1,2,0.0,2,2.0,3,2
459664,1,0,37,1,0,2.0,2,1.0,5,2
461967,0,0,20,0,8,3.0,2,4.0,6,3
461710,0,1,49,1,1,1.0,0,4.0,5,3
462742,1,0,18,0,5,0.0,2,3.0,2,4
459528,0,1,52,1,1,0.0,0,2.0,5,3
467515,1,1,28,1,2,0.0,0,2.0,5,1
463429,0,0,28,1,0,7.0,2,3.0,5,1
464024,1,0,20,0,5,0.0,2,5.0,6,4
460691,0,0,27,0,6,8.0,2,1.0,2,4
467271,1,1,45,1,0,4.0,0,4.0,5,2
465634,1,0,25,1,5,1.0,2,4.0,3,2
464801,1,0,40,0,8,1.0,2,1.0,3,4
462036,0,1,67,1,7,0.0,1,2.0,5,2
460448,0,0,38,1,0,9.0,2,1.0,2,1
464464,1,0,28,0,5,0.0,2,4.0,1,3
462410,0,0,32,0,5,1.0,2,5.0,6,2
459756,0,1,56,0,7,1.0,1,4.0,3,2
463789,0,1,53,1,0,1.0,2,2.0,5,3
466947,1,1,57,0,4,1.0,1,5.0,5,3
464150,0,1,59,1,0,0.0,0,3.0,5,3
465693,0,1,25,1,5,1.0,1,4.0,3,1
461670,1,1,59,1,0,0.0,0,6.0,5,3
466768,0,1,36,1,0,0.0,2,4.0,5,3
461550,1,1,37,1,3,7.0,2,2.0,5,1
462438,1,0,22,0,1,1.0,2,3.0,1,4
460704,1,1,43,1,0,1.0,2,2.0,5,2
464884,1,1,41,1,0,1.0,2,2.0,3,1
467050,0,0,21,0,2,0.0,2,5.0,1,2
466176,1,0,38,1,1,8.0,2,1.0,1,2
467773,1,1,70,1,7,1.0,1,3.0,5,3
465425,0,0,31,0,2,1.0,2,4.0,5,2
462318,0,1,82,0,7,0.0,0,2.0,5,1
460197,1,0,38,1,0,8.0,2,3.0,1,1
459375,1,1,18,0,4,0.0,1,4.0,5,1
463862,1,1,50,1,0,6.0,0,3.0,5,3
462721,0,1,72,0,7,1.0,1,3.0,5,4
465809,0,0,25,0,6,1.0,2,7.0,3,2
466915,0,1,75,0,3,2.0,1,2.0,1,4
467343,1,0,72,1,0,1.0,2,1.0,5,2
466268,0,1,72,1,0,0.0,0,3.0,3,3
464868,1,1,36,1,3,6.0,2,6.0,3,1
464038,1,1,40,1,0,1.0,2,2.0,5,1
460176,0,0,28,1,3,0.0,2,4.0,5,3
462161,0,0,28,1,1,0.0,2,3.0,5,4
464893,1,1,43,1,0,0.0,2,2.0,3,2
464443,0,1,35,1,0,1.0,0,2.0,5,2
467619,1,1,65,1,7,1.0,1,2.0,5,2
465974,1,1,52,1,4,7.0,1,4.0,3,3
462075,0,0,40,1,0,1.0,2,1.0,5,2
459494,0,1,69,0,2,9.0,2,3.0,5,1
466921,0,0,22,0,5,3.0,2,3.0,5,4
463544,1,1,47,1,4,1.0,0,4.0,5,3
461167,1,1,29,1,8,1.0,1,2.0,2,1
467364,1,1,46,1,0,1.0,0,3.0,2,3
462408,1,0,32,1,0,1.0,2,2.0,5,1
466224,0,0,38,1,5,0.0,2,1.0,1,3
465151,1,1,59,1,0,0.0,2,1.0,5,2
467216,0,0,26,1,3,1.0,2,1.0,5,4
460586,1,0,26,1,5,1.0,2,2.0,2,1
461197,1,0,28,0,8,0.0,2,1.0,2,4
462776,0,1,53,1,2,1.0,0,3.0,5,3
464088,1,0,27,0,1,1.0,2,3.0,5,4
464695,1,0,26,0,2,0.0,2,4.0,3,4
462331,0,0,31,0,3,0.0,2,2.0,5,4
466523,1,1,39,1,4,1.0,1,3.0,2,2
465337,0,1,43,0,2,1.0,2,3.0,6,1
460834,1,1,25,0,1,1.0,2,2.0,0,1
466824,1,1,40,1,0,3.0,1,3.0,5,1
461607,0,1,40,1,3,7.0,0,2.0,2,2
466999,1,0,27,1,5,1.0,2,3.0,5,4
466597,0,0,19,0,5,1.0,2,2.0,5,4
464075,0,1,86,1,7,0.0,1,2.0,5,2
462163,0,1,27,1,0,4.0,0,2.0,2,3
463895,0,1,70,0,1,0.0,0,2.0,5,2
464767,0,1,53,0,2,8.0,0,4.0,3,2
463738,1,1,43,0,4,0.0,1,4.0,5,1
465967,1,1,36,0,1,6.0,2,3.0,5,1
462260,1,1,74,1,7,0.0,2,2.0,5,3
467234,0,0,30,0,6,0.0,2,4.0,5,4
466573,0,0,37,1,0,5.0,2,2.0,5,2
463229,0,0,22,0,8,0.0,2,1.0,4,2
459768,1,0,19,0,5,0.0,2,4.0,5,4
462541,1,1,70,1,2,4.0,1,2.0,5,2
467714,1,1,89,1,7,13.0,2,1.0,5,1
459474,1,0,25,1,1,6.0,2,1.0,1,4
460093,0,0,45,1,0,4.0,2,1.0,2,1
467865,0,0,35,1,0,3.0,2,1.0,3,1
465758,0,1,37,0,2,7.0,2,1.0,3,4
464184,0,1,39,0,2,4.0,0,2.0,5,2
462618,0,0,32,1,5,1.0,2,5.0,3,4
464226,0,1,62,1,0,2.0,0,3.0,5,3
465432,0,1,58,1,2,0.0,0,4.0,3,2
466627,1,0,25,0,5,0.0,2,5.0,5,3
467380,0,1,56,1,0,0.0,0,4.0,5,3
465842,0,0,36,1,3,10.0,2,2.0,5,1
464622,0,0,30,0,5,8.0,2,3.0,5,1
462083,1,0,19,0,5,1.0,2,5.0,5,4
460910,1,0,27,1,5,0.0,2,2.0,5,1
460255,0,0,38,1,1,14.0,2,1.0,5,1
460109,1,1,46,1,0,8.0,0,2.0,5,3
464306,1,0,29,1,0,3.0,2,1.0,5,2
466835,1,1,51,0,3,1.0,0,4.0,6,2
465192,1,1,55,0,0,0.0,2,1.0,5,1
463380,0,1,69,1,2,1.0,2,1.0,2,1
462391,0,0,26,0,5,1.0,2,8.0,6,3
467086,0,1,83,1,7,0.0,2,3.0,5,1
460306,0,0,39,1,5,9.0,2,1.0,5,4
460752,1,1,35,1,0,9.0,2,1.0,5,1
467264,1,1,19,0,8,2.0,1,5.0,5,3
466258,0,0,29,0,5,1.0,2,3.0,5,2
463719,0,0,26,0,1,0.0,2,1.0,5,4
460032,1,0,36,1,2,8.0,2,1.0,5,1
465175,0,0,22,0,6,0.0,2,4.0,5,4
466610,1,0,19,0,8,0.0,2,5.0,5,1
459036,0,1,20,1,7,1.0,0,3.0,2,1
464047,1,0,43,1,5,3.0,2,3.0,5,4
459997,1,0,43,1,3,1.0,2,2.0,3,1
463382,0,1,50,1,2,4.0,1,3.0,5,2
460967,1,0,25,1,3,1.0,2,2.0,5,1
465094,1,1,61,0,0,1.0,1,2.0,5,2
461229,0,1,28,1,5,0.0,0,2.0,5,1
466442,1,0,38,1,0,1.0,2,1.0,5,4
464527,1,0,25,0,4,12.0,2,3.0,5,1
463560,0,0,18,0,5,9.0,2,5.0,3,4
460011,1,1,43,1,3,1.0,0,5.0,4,3
467207,0,0,27,1,0,8.0,2,1.0,5,2
465177,0,0,60,1,3,1.0,2,2.0,5,4
467531,1,1,75,1,7,2.0,2,1.0,5,4
462842,1,0,23,0,1,6.0,2,4.0,1,4
462124,1,0,36,1,0,8.0,2,1.0,5,1
466265,1,0,30,0,1,1.0,2,1.0,2,3
459789,1,1,56,0,0,1.0,0,2.0,5,3
464223,0,1,52,1,0,2.0,2,2.0,5,3
460280,1,1,39,1,3,0.0,2,1.0,5,4
460331,0,0,35,0,0,5.0,2,1.0,5,1
461494,1,1,33,0,2,0.0,0,2.0,5,2
460035,0,0,25,1,0,0.0,2,6.0,5,1
463812,0,1,27,1,0,0.0,0,2.0,3,2
465569,1,1,35,1,0,1.0,1,3.0,5,1
466333,0,1,41,1,0,1.0,0,2.0,5,3
462723,0,1,46,0,0,8.0,0,2.0,5,2
462404,0,0,26,1,0,9.0,2,1.0,5,1
461799,1,1,43,1,1,13.0,1,2.0,5,2
459933,0,1,30,1,0,8.0,2,4.0,5,1
463717,0,1,70,1,0,1.0,0,4.0,5,3
462149,0,1,89,0,7,3.0,1,1.0,5,4
462769,0,1,42,0,6,6.0,1,4.0,5,2
465532,0,1,37,1,3,6.0,0,3.0,3,1
462829,1,1,29,0,4,1.0,0,3.0,5,4
459210,0,1,68,1,0,1.0,1,2.0,5,3
464659,0,0,25,0,2,1.0,2,1.0,3,4
467759,0,1,48,1,1,0.0,2,2.0,5,3
461475,0,1,51,1,1,1.0,0,3.0,0,3
462714,0,1,40,1,2,1.0,1,5.0,1,2
466890,1,1,47,1,0,0.0,0,6.0,6,2
467479,1,1,35,1,4,1.0,0,4.0,5,3
466799,0,0,19,0,5,2.0,2,3.0,5,4
460873,1,1,46,1,3,0.0,0,3.0,3,2
466776,1,1,86,1,7,0.0,2,1.0,5,2
459462,1,1,66,1,0,0.0,1,2.0,5,2
465727,1,0,42,0,8,1.0,2,5.0,3,4
462348,0,1,73,1,7,1.0,1,2.0,5,2
460941,1,1,72,0,2,1.0,2,1.0,5,1
461629,1,1,53,1,0,0.0,2,3.0,5,2
459907,0,1,39,1,0,8.0,0,2.0,5,3
467146,0,0,27,0,6,9.0,2,1.0,5,4
459196,0,0,23,0,5,1.0,2,3.0,3,4
465444,0,0,30,1,3,0.0,2,4.0,5,2
464186,0,1,39,1,0,5.0,0,2.0,5,3
466412,1,1,26,1,0,1.0,0,3.0,5,2
459480,0,1,50,1,3,7.0,2,3.0,5,1
467880,0,1,45,1,0,1.0,0,2.0,5,3
460216,0,0,62,0,3,2.0,2,1.0,5,1
467941,0,0,27,1,1,1.0,2,3.0,5,1
462572,0,1,30,0,2,1.0,0,7.0,3,1
467443,1,0,32,0,5,7.0,2,4.0,2,1
459701,1,0,47,0,0,3.0,2,3.0,4,2
461139,0,0,32,1,0,4.0,2,4.0,1,1
461115,0,1,32,0,2,5.0,2,3.0,0,1
459027,1,1,67,1,1,1.0,0,4.0,5,2
467340,0,1,77,1,7,0.0,1,2.0,5,3
460857,1,0,31,0,3,1.0,2,1.0,3,1
464300,1,1,42,1,0,0.0,2,3.0,3,1
463287,1,1,50,1,0,1.0,0,4.0,1,3
461392,1,1,71,1,0,0.0,0,5.0,5,3
461546,0,1,72,0,7,1.0,2,3.0,5,1
462130,1,1,45,1,0,9.0,0,2.0,5,3
464684,0,0,40,0,2,9.0,2,5.0,3,1
462276,0,0,36,1,2,4.0,2,1.0,5,1
462417,1,0,30,0,5,4.0,2,4.0,5,4
466463,0,0,29,1,5,2.0,2,4.0,3,2
464736,1,0,28,1,2,0.0,2,5.0,3,4
463855,0,1,40,1,0,1.0,0,2.0,5,3
460344,0,1,52,1,0,14.0,0,2.0,5,3
460139,1,0,26,0,0,6.0,2,6.0,4,4
464126,0,0,55,1,8,3.0,2,1.0,5,2
461286,0,0,20,0,1,4.0,2,4.0,5,4
461621,0,1,87,1,7,0.0,1,2.0,5,3
460163,1,0,28,0,5,0.0,2,2.0,3,1
461958,1,0,38,0,0,2.0,2,2.0,2,1
464875,1,1,42,0,3,1.0,2,2.0,3,2
464791,1,1,42,0,8,0.0,1,6.0,3,1
464579,0,0,29,0,2,1.0,2,4.0,5,4
463531,1,0,32,1,1,0.0,2,4.0,5,1
465486,0,1,59,0,0,1.0,1,2.0,5,3
460882,1,0,22,0,5,0.0,2,2.0,2,4
461298,0,1,78,1,0,1.0,1,2.0,5,3
461595,0,0,32,1,5,0.0,2,3.0,3,1
459260,1,1,37,1,0,0.0,0,4.0,6,3
462772,1,1,37,1,5,1.0,1,4.0,5,2
459143,1,1,47,0,0,0.0,1,4.0,5,2
464532,0,1,68,1,7,0.0,1,2.0,5,1
460056,1,0,30,1,5,3.0,2,5.0,0,3
466761,0,1,48,1,3,2.0,2,1.0,0,1
465469,0,0,43,1,0,6.0,2,1.0,5,3
461886,1,1,33,1,5,9.0,2,2.0,5,4
465680,1,1,31,0,5,0.0,0,5.0,3,4
459316,1,1,32,1,5,1.0,2,2.0,5,4
465609,0,0,21,0,5,1.0,2,4.0,1,4
467009,0,0,29,0,6,2.0,2,4.0,2,4
461766,0,1,35,1,0,1.0,2,2.0,3,1
464938,1,1,46,0,0,0.0,2,3.0,3,1
462034,0,1,38,1,0,9.0,1,2.0,1,2
464049,0,0,32,1,5,1.0,2,3.0,5,3
467925,0,0,28,1,0,3.0,2,7.0,1,1
463711,0,1,68,1,7,3.0,2,1.0,5,1
463846,0,1,45,1,0,4.0,2,1.0,5,3
462064,1,1,58,1,0,0.0,0,3.0,6,3
463249,1,0,28,0,3,1.0,2,2.0,6,1
464217,0,0,32,0,5,12.0,2,3.0,5,1
463378,1,0,30,1,1,1.0,2,1.0,2,2
463035,0,1,42,0,6,3.0,0,4.0,5,4
465309,0,0,18,0,5,6.0,2,4.0,6,4
462688,0,1,29,1,5,8.0,2,3.0,2,4
459255,0,0,33,1,5,0.0,2,3.0,5,1
467492,0,1,57,1,1,1.0,2,2.0,6,1
460789,1,1,36,1,4,1.0,2,3.0,5,4
467307,1,1,57,1,4,1.0,1,3.0,5,3
464026,1,0,18,0,5,1.0,2,2.0,5,4
462493,1,1,52,1,0,1.0,0,6.0,5,3
460452,0,1,37,1,3,0.0,0,2.0,0,2
459322,1,0,36,1,8,0.0,2,1.0,5,1
464066,0,0,29,1,5,9.0,2,3.0,3,1
461114,1,1,45,1,0,1.0,0,4.0,2,3
465165,1,0,61,1,0,0.0,2,1.0,5,2
464526,1,1,52,1,3,1.0,0,4.0,5,1
460666,0,1,49,1,6,14.0,2,1.0,5,1
464096,0,0,31,0,5,1.0,2,5.0,3,3
464891,1,1,42,0,3,1.0,2,3.0,3,1
460107,1,1,51,1,2,1.0,0,5.0,5,3
467708,0,0,42,1,5,8.0,2,1.0,6,4
461873,1,0,29,1,1,1.0,2,4.0,5,3
465181,0,0,33,1,5,8.0,2,1.0,3,1
467320,0,0,21,0,5,0.0,2,4.0,1,4
459468,1,1,35,0,0,9.0,0,3.0,5,2
467316,0,0,42,1,1,0.0,2,1.0,5,1
466182,0,0,41,1,0,2.0,2,1.0,5,3
463757,1,0,39,1,0,0.0,2,3.0,5,2
462314,0,0,28,0,1,14.0,2,1.0,5,1
466652,0,1,61,1,1,1.0,0,2.0,5,2
461664,1,1,62,1,0,0.0,0,4.0,5,3
464105,1,1,65,1,3,1.0,0,2.0,5,3
466790,1,1,45,1,1,1.0,0,2.0,2,1
463844,0,1,26,1,2,9.0,2,2.0,5,2
462913,0,0,25,1,0,4.0,2,5.0,5,3
465541,0,1,45,1,0,1.0,0,4.0,6,3
459149,1,1,43,0,4,0.0,1,4.0,5,2
464508,1,1,49,1,4,1.0,1,3.0,5,3
458999,1,1,55,1,0,1.0,0,2.0,5,3
459947,0,0,37,1,0,3.0,2,1.0,5,2
465500,1,1,65,1,3,1.0,1,2.0,5,3
466338,0,0,39,0,2,0.0,2,3.0,3,1
465122,0,1,40,1,0,2.0,0,2.0,5,3
465230,1,1,72,1,3,1.0,0,3.0,5,3
466369,0,0,38,0,6,5.0,2,1.0,1,2
463939,1,0,26,0,8,0.0,2,5.0,5,4
460825,1,0,30,1,1,1.0,2,3.0,3,4
463471,1,0,57,1,8,1.0,2,4.0,6,1
467415,0,0,31,1,5,1.0,2,1.0,5,4
465879,1,0,39,1,0,0.0,2,1.0,5,1
463961,0,0,30,0,2,0.0,2,4.0,3,1
462634,0,1,43,0,0,0.0,0,3.0,3,1
463622,1,0,27,1,5,8.0,2,1.0,2,3
466624,0,1,46,0,0,0.0,0,4.0,2,3
467785,1,1,43,0,0,1.0,2,2.0,5,2
460578,1,1,28,0,3,8.0,0,4.0,6,4
460198,1,0,43,1,3,9.0,2,1.0,5,4
463581,0,0,28,1,5,1.0,2,3.0,5,4
464574,1,0,58,0,5,4.0,2,2.0,5,4
462312,0,0,38,1,2,8.0,2,4.0,5,1
467971,0,0,31,1,0,1.0,2,4.0,5,4
464746,1,1,32,0,4,4.0,0,5.0,3,4
459298,1,1,45,1,0,4.0,0,4.0,5,3
466414,1,1,66,1,0,1.0,2,3.0,5,1
460773,0,1,51,1,0,1.0,0,3.0,5,3
465163,1,1,46,1,0,11.0,0,5.0,5,3
462222,1,0,20,0,5,1.0,2,6.0,3,4
459342,0,1,84,0,7,1.0,1,2.0,5,3
460767,1,1,57,1,3,8.0,0,5.0,1,1
464319,0,0,33,0,1,0.0,2,1.0,5,1
462828,1,0,25,0,8,3.0,2,3.0,4,4
465155,1,1,77,1,7,1.0,2,1.0,5,3
461704,1,1,30,1,5,1.0,2,2.0,5,1
464826,1,0,23,0,5,6.0,2,5.0,3,4
462677,0,0,43,1,0,2.0,2,4.0,5,2
465006,1,0,39,1,3,5.0,2,1.0,5,1
463483,1,1,29,0,4,1.0,1,2.0,5,4
459002,0,1,45,0,2,2.0,2,2.0,5,4
465990,1,1,48,0,4,2.0,1,2.0,1,4
466044,1,1,27,0,3,0.0,0,4.0,5,1
461163,0,1,60,0,3,9.0,2,4.0,2,2
467106,1,1,45,1,3,4.0,0,3.0,1,2
461256,1,0,33,0,1,1.0,2,4.0,3,3
462695,1,1,51,1,0,8.0,2,5.0,5,1
466208,1,1,67,0,4,2.0,1,1.0,5,3
462128,1,1,38,1,0,9.0,0,2.0,5,3
467329,0,0,40,1,1,0.0,2,1.0,5,3
461609,0,1,45,1,0,5.0,0,2.0,5,2
464470,1,1,48,1,0,0.0,0,4.0,5,3
462705,0,1,69,0,7,0.0,0,2.0,5,3
465255,1,0,21,0,5,9.0,2,5.0,5,4
466018,1,1,72,1,0,0.0,2,3.0,3,3
459115,0,0,21,0,8,1.0,2,5.0,3,4
461263,0,1,48,1,0,1.0,2,1.0,3,1
460366,1,0,28,0,5,1.0,2,5.0,3,4
464106,1,1,55,1,3,1.0,2,2.0,5,1
465696,0,0,56,1,0,0.0,2,2.0,5,3
461627,1,1,50,1,1,1.0,2,2.0,5,3
467963,1,0,21,0,5,1.0,2,4.0,5,4
462437,1,0,18,0,5,0.0,2,6.0,5,4
467543,1,1,68,1,7,0.0,1,2.0,5,2
465206,1,1,47,1,0,13.0,2,1.0,5,3
463040,1,1,75,0,7,1.0,1,2.0,5,2
461668,1,1,50,1,0,3.0,0,4.0,1,3
461955,1,0,31,1,5,0.0,2,4.0,5,4
467139,0,0,30,1,0,0.0,2,3.0,5,1
459366,0,1,41,1,0,0.0,2,4.0,5,1
462167,0,1,35,0,5,2.0,2,1.0,5,1
466752,1,1,37,1,5,0.0,2,1.0,5,4
466902,1,1,50,1,1,0.0,0,3.0,5,3
459534,1,1,36,1,0,0.0,0,2.0,5,3
463399,0,0,26,0,8,3.0,2,3.0,2,1
464878,1,0,22,0,5,0.0,2,4.0,3,4
467599,0,0,19,0,5,0.0,2,3.0,5,4
466226,0,1,45,1,0,0.0,0,5.0,5,3
463576,0,0,31,0,1,0.0,2,4.0,5,4
464911,1,1,56,1,0,0.0,0,3.0,3,3
463909,0,0,25,1,5,1.0,2,3.0,5,2
466099,0,1,73,1,7,1.0,2,1.0,5,2
464427,1,1,62,1,1,1.0,0,4.0,2,3
463951,1,1,46,0,3,0.0,0,3.0,5,1
465289,1,1,25,1,4,1.0,1,2.0,5,1
464219,1,0,27,1,8,1.0,2,2.0,2,1
467098,1,1,87,0,4,1.0,2,2.0,5,1
467451,0,1,47,1,0,0.0,2,1.0,0,1
465137,1,1,57,1,0,1.0,0,4.0,5,3
462289,1,1,60,1,0,0.0,0,4.0,2,1
467647,1,0,28,1,5,2.0,2,3.0,5,4
459803,1,0,39,1,1,4.0,2,3.0,5,3
465972,0,0,47,1,8,9.0,2,1.0,5,4
464136,1,1,69,1,0,0.0,0,3.0,5,1
459286,0,0,42,1,0,0.0,2,1.0,5,4
463580,0,1,46,1,2,1.0,2,1.0,5,4
466636,0,0,23,0,8,3.0,2,3.0,5,3
461064,1,0,45,1,0,1.0,2,5.0,5,3
461597,0,1,38,1,1,1.0,0,4.0,5,2
458990,0,1,71,0,7,1.0,1,3.0,5,4
461351,0,0,26,0,1,0.0,2,2.0,5,4
464420,0,1,60,1,0,8.0,1,2.0,5,3
462060,0,1,46,1,0,1.0,0,2.0,5,3
465707,1,1,39,1,3,1.0,0,4.0,2,3
463733,0,0,18,0,5,1.0,2,3.0,5,4
463960,1,1,26,1,1,1.0,0,2.0,6,1
462395,1,1,53,1,0,1.0,1,2.0,5,4
461015,1,1,40,1,3,1.0,0,2.0,2,3
466267,1,1,26,1,3,0.0,0,3.0,2,1
464056,0,1,65,1,0,0.0,0,2.0,5,3
465898,0,0,37,1,0,12.0,2,2.0,5,1
465361,1,0,25,0,5,0.0,2,4.0,2,3
461394,0,0,21,0,2,0.0,2,5.0,1,4
466269,0,0,25,0,5,0.0,2,4.0,1,4
466213,1,0,23,0,5,4.0,2,5.0,5,4
465550,0,0,30,1,5,1.0,2,6.0,2,4
463451,0,0,30,0,1,0.0,2,4.0,5,4
463877,1,1,42,0,3,0.0,0,4.0,3,1
463876,1,1,49,1,3,1.0,0,5.0,5,3
465448,1,0,32,0,5,0.0,2,3.0,1,1
459325,1,1,26,0,4,9.0,1,4.0,5,4
467233,0,0,67,0,0,1.0,2,2.0,5,2
465264,1,1,88,0,4,0.0,2,1.0,5,1
461811,0,0,40,1,5,8.0,2,4.0,1,4
465368,1,0,18,0,5,7.0,2,3.0,0,4
467693,1,1,61,1,3,7.0,1,5.0,5,2
461499,0,1,25,0,2,0.0,0,2.0,3,1
465936,1,0,35,1,0,6.0,2,3.0,5,2
459748,1,1,46,0,4,0.0,1,2.0,5,3
466376,0,1,53,0,6,2.0,1,3.0,5,2
460215,1,1,48,1,3,9.0,2,1.0,5,4
462076,1,1,75,1,7,1.0,2,2.0,5,4
465756,1,0,23,0,5,1.0,2,3.0,3,4
463573,1,0,29,0,1,1.0,2,2.0,5,4
463455,1,1,46,0,0,0.0,2,2.0,5,2
460841,0,0,61,1,8,1.0,2,1.0,5,4
463959,0,0,37,0,0,1.0,2,1.0,5,2
461792,0,0,23,0,5,6.0,2,5.0,1,4
462791,0,0,33,0,5,7.0,2,4.0,4,4
463102,1,0,41,0,3,0.0,2,2.0,5,4
462659,1,1,25,1,3,8.0,0,2.0,5,1
463408,1,0,33,0,8,2.0,2,3.0,5,4
462071,1,1,43,0,1,0.0,2,2.0,5,1
464806,1,1,25,0,4,1.0,2,2.0,3,4
463664,0,0,26,0,2,0.0,2,1.0,5,1
467795,1,0,22,0,5,1.0,2,5.0,5,4
459141,1,1,28,0,0,0.0,0,2.0,5,4
465900,0,0,36,1,3,7.0,2,1.0,5,1
467265,0,0,28,0,5,1.0,2,3.0,3,3
464490,1,1,85,1,0,1.0,1,4.0,5,1
460411,1,1,43,1,5,7.0,1,2.0,5,1
466491,1,1,82,0,4,1.0,1,2.0,5,2
465248,0,0,18,0,5,3.0,2,3.0,1,4
463308,1,1,53,1,2,1.0,2,2.0,2,1
463478,1,1,50,1,0,0.0,0,4.0,5,2
465396,0,1,39,0,2,9.0,0,6.0,3,4
461954,0,1,35,0,2,2.0,0,6.0,1,2
463800,0,0,33,1,2,1.0,2,3.0,5,1
459894,0,1,35,1,5,1.0,2,3.0,5,3
459778,1,1,48,1,3,0.0,0,4.0,5,2
464662,0,1,50,1,0,1.0,1,3.0,3,3
460878,1,1,47,0,3,0.0,0,4.0,5,3
462187,0,0,50,1,0,4.0,2,1.0,5,3
461908,0,0,26,0,5,10.0,2,1.0,5,4
461951,1,0,21,0,5,0.0,2,4.0,5,4
465352,1,1,61,1,3,1.0,0,4.0,5,3
464258,0,1,88,0,7,0.0,1,2.0,5,2
464215,1,0,72,0,8,1.0,2,2.0,5,4
467561,1,1,61,1,0,1.0,2,2.0,5,2
464665,0,1,51,0,2,1.0,0,5.0,3,2
460670,1,0,42,1,0,6.0,2,2.0,2,2
461486,1,1,59,0,3,8.0,0,3.0,5,3
459526,0,0,45,1,5,4.0,2,1.0,5,1
466492,0,1,85,1,7,0.0,1,2.0,5,1
459489,1,1,46,1,1,1.0,0,4.0,5,2
459681,0,1,32,1,0,0.0,0,2.0,5,2
462971,0,1,70,1,2,0.0,2,1.0,5,3
461221,0,0,30,0,8,1.0,2,4.0,5,2
464090,0,0,33,1,2,1.0,2,2.0,5,1
459822,0,0,37,1,2,0.0,2,1.0,3,4
462540,1,1,32,1,3,6.0,2,2.0,1,2
467411,1,1,52,1,0,0.0,1,2.0,5,2
463997,0,1,42,0,3,0.0,0,3.0,5,2
464103,1,1,47,1,0,3.0,0,2.0,5,2
465751,0,1,52,1,0,9.0,2,2.0,5,3
459797,1,1,66,1,3,0.0,0,3.0,5,3
464572,0,1,47,1,8,1.0,2,1.0,5,4
462352,1,1,52,1,3,1.0,0,3.0,5,2
460513,1,0,27,0,5,2.0,2,4.0,2,4
463228,0,1,56,1,0,0.0,0,5.0,5,2
464765,0,1,53,0,2,7.0,0,6.0,3,1
463720,0,1,45,1,0,1.0,0,4.0,3,2
460799,0,0,37,0,6,1.0,2,1.0,0,4
460891,0,1,36,0,0,2.0,0,4.0,2,3
460311,1,0,25,1,3,2.0,2,3.0,0,4
466727,0,1,45,1,0,1.0,0,2.0,5,2
465138,1,0,35,1,3,1.0,2,3.0,2,1
466361,0,1,72,1,7,1.0,1,2.0,5,2
463154,0,1,31,0,0,1.0,2,4.0,5,4
462967,1,1,47,0,3,4.0,0,3.0,5,2
460908,1,0,20,0,5,7.0,2,3.0,5,4
467560,0,1,73,1,7,1.0,2,2.0,5,2
463281,1,1,25,0,3,3.0,0,2.0,2,4
462466,1,1,52,1,4,0.0,1,4.0,5,3
463744,0,0,27,1,0,1.0,2,6.0,5,3
464209,1,1,52,1,4,1.0,0,4.0,1,3
462528,0,1,49,1,0,0.0,2,1.0,5,3
460061,1,0,45,1,8,0.0,2,1.0,2,4
466188,1,1,59,1,0,4.0,2,1.0,3,2
467914,0,0,18,0,5,8.0,2,5.0,5,4
462758,1,0,18,0,5,0.0,2,3.0,5,4
465704,1,1,55,0,0,1.0,2,1.0,5,3
460397,0,0,59,1,3,1.0,2,1.0,5,1
466676,1,0,22,0,5,0.0,2,2.0,5,4
465024,1,1,52,1,4,0.0,1,4.0,5,3
461630,1,1,51,1,0,1.0,0,3.0,5,3
465328,1,1,35,0,4,0.0,1,5.0,5,1
461220,0,0,26,0,4,8.0,2,3.0,5,4
463935,1,1,38,1,3,1.0,0,2.0,5,3
460514,1,1,43,1,1,1.0,2,4.0,2,1
466262,1,0,41,1,3,1.0,2,2.0,2,1
460890,1,1,47,1,0,0.0,0,4.0,2,3
466415,1,1,71,0,8,1.0,2,1.0,5,4
462392,0,0,32,1,3,1.0,2,3.0,5,1
459706,1,1,60,1,3,1.0,0,3.0,5,3
467446,0,0,37,1,0,9.0,2,1.0,1,1
460528,1,1,48,1,6,9.0,2,1.0,2,3
459212,0,1,68,1,0,1.0,0,2.0,5,3
462364,1,1,51,0,0,0.0,2,3.0,5,1
464549,1,1,52,1,4,1.0,2,4.0,5,3
464555,1,1,31,1,8,13.0,1,4.0,3,4
462027,1,0,39,0,2,1.0,2,1.0,5,1
467123,0,1,50,1,4,4.0,1,3.0,5,2
467826,1,0,18,0,5,0.0,2,6.0,5,4
461837,1,1,37,1,0,0.0,2,2.0,5,3
467328,0,1,50,1,1,1.0,0,3.0,5,2
464025,1,0,19,0,5,1.0,2,6.0,5,4
460385,1,0,31,1,5,0.0,2,4.0,5,4
462551,1,1,53,1,1,14.0,0,2.0,5,2
462047,0,1,26,1,0,12.0,0,2.0,5,2
459958,1,0,37,1,5,8.0,2,3.0,5,4
461059,0,1,48,0,7,1.0,1,2.0,5,4
461227,1,0,21,0,5,0.0,2,4.0,5,4
466246,1,0,19,0,5,0.0,2,4.0,1,4
467048,0,1,65,1,7,0.0,1,3.0,5,2
467362,1,1,73,0,4,1.0,2,1.0,5,2
459846,0,1,50,1,0,1.0,0,3.0,5,2
460351,1,1,70,1,7,0.0,2,1.0,5,1
459515,1,1,58,1,2,0.0,2,1.0,5,4
460829,1,0,18,1,5,1.0,2,2.0,5,4
466559,1,0,32,0,5,0.0,2,4.0,5,4
467236,0,0,40,1,7,4.0,2,1.0,5,2
461816,0,0,49,1,8,0.0,2,5.0,5,1
467409,1,0,35,1,0,8.0,2,1.0,5,1
466299,0,1,40,1,2,0.0,2,2.0,1,2
464565,1,0,30,1,8,12.0,2,4.0,5,4
465906,0,0,35,1,0,5.0,2,1.0,5,1
460950,1,1,28,0,1,0.0,2,5.0,0,4
459649,1,1,39,1,5,1.0,0,2.0,5,4
461077,1,0,39,1,3,1.0,2,8.0,2,1
464642,0,1,26,1,2,6.0,1,7.0,3,4
463741,1,1,36,1,0,0.0,1,3.0,5,3
465253,1,0,21,0,5,1.0,2,3.0,6,4
459936,0,0,45,1,0,2.0,2,1.0,5,2
462998,1,1,45,0,3,10.0,0,4.0,5,2
464179,0,1,63,1,0,0.0,0,3.0,5,3
465655,0,0,45,1,0,1.0,2,1.0,5,1
462988,0,1,27,1,5,9.0,1,2.0,5,4
463933,1,1,47,0,4,0.0,2,7.0,3,1
462111,1,1,36,1,0,6.0,0,4.0,5,3
462747,1,0,25,0,1,7.0,2,4.0,5,3
462279,1,0,32,0,5,0.0,2,7.0,5,4
463383,1,1,41,0,4,6.0,1,3.0,3,1
459743,0,1,50,1,0,9.0,0,4.0,5,1
461762,0,1,63,1,0,0.0,1,2.0,5,3
464121,0,1,62,1,2,1.0,2,1.0,5,2
465051,1,1,63,1,8,1.0,1,3.0,5,3
460140,0,1,36,1,0,5.0,2,2.0,5,2
466197,0,1,31,0,2,8.0,2,2.0,3,3
460433,0,0,45,0,3,8.0,2,2.0,5,1
462953,0,1,45,1,0,1.0,0,4.0,5,2
462535,1,0,26,0,1,1.0,2,3.0,5,4
464735,0,0,38,1,8,8.0,2,3.0,3,4
464455,0,1,74,1,7,1.0,1,2.0,5,2
461675,1,0,61,1,7,1.0,2,1.0,5,3
466304,0,1,70,1,7,1.0,1,2.0,1,2
467041,0,1,57,1,0,1.0,0,4.0,5,3
464858,1,0,20,0,5,1.0,2,3.0,3,4
462040,1,0,19,0,5,5.0,2,4.0,1,4
460800,1,0,52,1,0,1.0,2,3.0,2,2
462081,1,0,22,0,8,0.0,2,3.0,3,4
463874,1,0,25,1,5,1.0,2,4.0,2,4
463525,0,1,40,0,2,0.0,2,3.0,5,1
465653,0,1,53,1,0,1.0,2,2.0,5,1
465905,0,0,32,1,0,9.0,2,1.0,5,1
465663,0,0,70,1,0,0.0,2,2.0,5,2
465225,1,0,48,1,2,0.0,2,1.0,1,1
465001,1,1,75,1,7,1.0,1,2.0,5,3
466905,1,1,62,1,0,0.0,2,1.0,5,2
465573,1,1,41,0,0,1.0,0,6.0,5,2
467008,1,1,55,1,0,0.0,0,3.0,5,3
463397,0,0,20,0,5,4.0,2,3.0,3,4
466238,1,0,20,0,5,0.0,2,3.0,3,4
462250,0,1,56,1,3,1.0,0,3.0,3,2
462611,1,1,39,0,4,1.0,1,7.0,3,4
465701,1,1,35,1,0,1.0,0,2.0,3,2
466242,0,0,35,0,2,1.0,2,1.0,3,1
466308,1,0,33,1,5,0.0,2,2.0,5,3
464039,1,0,42,1,0,1.0,2,2.0,5,1
459972,1,0,35,1,0,5.0,2,2.0,5,1
461801,0,0,27,0,5,0.0,2,3.0,5,1
462716,1,0,33,0,3,6.0,2,2.0,3,4
467218,0,0,32,1,0,9.0,2,1.0,5,4
460387,0,0,35,0,3,4.0,2,2.0,5,4
466441,1,0,22,0,5,0.0,2,9.0,5,4
462057,1,1,40,1,0,3.0,0,4.0,2,3
466991,1,1,51,1,0,3.0,0,2.0,5,3
461714,1,1,82,1,7,1.0,1,2.0,5,1
463465,1,1,43,1,0,6.0,0,3.0,5,2
467940,0,0,29,0,8,9.0,2,4.0,1,1
461970,0,0,38,1,0,9.0,2,1.0,5,2
459877,1,1,37,1,0,0.0,0,3.0,5,3
460784,1,0,32,1,5,0.0,2,6.0,6,4
460137,1,0,26,1,3,5.0,2,4.0,5,4
465201,1,1,39,1,3,0.0,0,4.0,2,1
465371,0,0,43,1,0,0.0,2,1.0,5,1
463929,1,1,51,1,1,11.0,0,2.0,5,3
461998,1,1,52,1,0,0.0,0,2.0,5,3
460828,1,0,51,0,3,1.0,2,1.0,5,1
461673,1,0,33,0,5,0.0,2,5.0,4,3
462666,1,1,48,1,0,0.0,2,2.0,5,3
462587,0,1,78,0,7,1.0,1,2.0,3,2
459583,1,1,46,1,0,1.0,2,1.0,5,1
459493,1,0,26,0,5,0.0,2,7.0,5,1
467949,1,0,22,0,5,1.0,2,4.0,3,4
462406,1,1,27,0,2,6.0,2,3.0,5,4
466827,1,1,37,0,3,0.0,0,4.0,2,4
463641,0,0,33,1,8,1.0,2,3.0,4,2
467294,0,1,57,0,2,0.0,2,1.0,5,2
460875,1,0,35,1,3,0.0,2,3.0,2,1
459183,0,0,26,1,0,1.0,2,3.0,1,1
464541,1,0,31,1,1,1.0,2,2.0,5,1
462959,0,1,56,1,2,2.0,1,2.0,5,2
459922,1,1,65,1,7,0.0,2,1.0,3,4
467935,1,0,23,0,5,7.0,2,3.0,5,4
461382,1,1,68,0,4,1.0,1,2.0,5,2
462521,0,0,32,0,6,9.0,2,1.0,5,4
463296,0,0,21,0,5,0.0,2,5.0,5,4
459705,1,1,25,1,3,1.0,0,2.0,5,1
459984,0,1,36,1,3,0.0,0,3.0,5,2
466051,1,0,25,0,4,3.0,2,1.0,3,1
463583,1,1,58,1,0,9.0,0,4.0,5,3
466100,1,1,66,1,4,1.0,2,2.0,5,1
461427,0,0,42,1,0,1.0,2,2.0,5,1
464193,0,1,36,1,1,13.0,2,2.0,5,2
467835,1,1,58,0,0,9.0,2,2.0,5,2
463000,0,0,36,0,2,0.0,2,1.0,5,1
462457,1,0,28,0,5,2.0,2,4.0,5,3
460426,1,1,45,0,0,4.0,0,2.0,5,3
466024,0,1,35,0,3,10.0,2,2.0,2,1
467031,1,1,59,1,0,11.0,0,3.0,5,3
467440,1,1,49,1,3,0.0,2,1.0,5,1
464377,0,0,51,1,3,0.0,2,1.0,5,1
465870,1,0,40,1,0,5.0,2,2.0,5,1
460095,0,1,74,1,7,1.0,2,1.0,5,3
463297,1,0,27,1,5,4.0,2,2.0,5,4
461790,1,1,70,1,0,0.0,1,2.0,5,3
467410,0,1,62,1,7,0.0,2,2.0,5,3
465904,1,0,37,1,0,9.0,2,1.0,5,1
459393,0,0,40,0,5,8.0,2,3.0,2,4
465771,1,1,52,1,3,1.0,0,4.0,5,2
462013,0,1,57,1,4,0.0,0,2.0,5,3
465620,1,0,37,1,0,8.0,2,3.0,5,3
459840,1,1,60,1,0,1.0,2,1.0,5,2
461460,1,1,43,1,4,7.0,1,3.0,5,2
466317,1,1,37,1,3,4.0,2,1.0,5,2
461962,1,1,59,1,3,1.0,0,3.0,5,2
466071,0,1,60,1,0,2.0,2,3.0,3,2
460796,1,1,69,0,7,1.0,2,3.0,5,3
467012,1,1,49,1,4,1.0,1,4.0,5,3
460357,1,0,23,0,5,1.0,2,5.0,5,4
460182,0,1,43,1,0,2.0,0,3.0,5,2
460491,0,0,22,0,5,1.0,2,7.0,2,4
466630,1,0,29,0,5,0.0,2,4.0,5,3
466331,1,1,26,1,8,0.0,2,2.0,2,4
463912,0,1,36,0,0,1.0,0,4.0,3,2
461728,0,0,55,1,3,1.0,2,1.0,5,1
463278,0,1,59,1,2,0.0,2,1.0,2,2
461746,1,1,53,1,0,2.0,0,3.0,5,3
465574,1,1,62,1,0,1.0,0,3.0,2,2
462170,1,1,73,0,4,0.0,1,3.0,5,1
460626,1,1,45,0,1,9.0,1,4.0,5,4
466678,1,0,28,1,5,1.0,2,4.0,5,4
464930,1,0,25,0,8,0.0,2,2.0,3,1
465447,1,1,52,1,2,1.0,0,3.0,3,3
467549,1,1,61,1,3,11.0,0,3.0,5,1
463718,0,0,27,1,0,1.0,2,4.0,5,4
467626,1,1,31,1,3,8.0,0,2.0,5,2
459058,1,0,40,1,0,1.0,2,4.0,2,1
461983,1,0,27,1,0,1.0,2,3.0,5,2
461207,0,0,60,1,0,6.0,2,1.0,5,2
467585,1,1,40,1,5,6.0,1,2.0,5,1
464604,1,1,32,0,3,5.0,2,2.0,3,1
462529,0,1,42,1,2,1.0,2,2.0,5,2
460475,1,1,32,1,1,0.0,0,2.0,2,4
463553,1,0,27,1,0,9.0,2,2.0,5,2
460912,1,0,29,0,3,1.0,2,5.0,5,4
461715,1,0,43,1,3,0.0,2,5.0,1,1
459567,1,1,48,1,1,1.0,0,2.0,5,3
462340,1,1,62,0,3,1.0,0,6.0,5,2
461834,0,0,42,1,0,7.0,2,2.0,5,3
459677,1,1,25,1,0,8.0,0,2.0,5,2
467911,1,1,61,1,5,1.0,2,4.0,5,4
462981,0,0,26,0,6,8.0,2,1.0,5,4
463055,0,0,27,1,1,1.0,2,4.0,3,2
461884,0,1,40,1,0,0.0,2,2.0,5,2
467834,0,0,23,0,5,0.0,2,4.0,1,4
463019,1,1,45,1,4,0.0,1,4.0,5,2
466996,0,0,37,1,0,9.0,2,1.0,5,1
459479,1,1,70,0,8,1.0,2,2.0,5,1
465565,1,1,37,1,0,1.0,0,2.0,5,3
459523,0,0,19,0,1,1.0,2,4.0,5,4
462369,1,1,63,0,3,1.0,0,5.0,5,3
463053,0,1,68,1,0,1.0,0,2.0,5,3
462139,0,0,27,1,5,1.0,2,4.0,1,3
460922,1,0,30,1,3,1.0,2,3.0,5,4
463706,0,0,33,1,1,0.0,2,3.0,5,4
465703,1,1,25,0,3,2.0,2,2.0,3,1
462796,0,0,37,1,3,1.0,2,2.0,6,3
459558,1,0,30,1,3,0.0,2,3.0,5,4
459716,0,1,66,1,2,8.0,0,2.0,5,3
460599,0,0,31,0,2,0.0,2,1.0,2,4
465775,0,0,31,1,2,9.0,2,3.0,5,4
465392,0,1,45,1,0,8.0,1,5.0,5,3
464783,1,1,42,0,3,0.0,2,3.0,3,1
459439,0,1,46,1,0,1.0,0,2.0,5,1
464356,0,1,76,1,7,1.0,1,2.0,5,2
459881,1,0,25,1,5,8.0,2,4.0,5,4
461772,0,1,41,1,2,1.0,0,3.0,3,2
460551,1,1,49,1,2,0.0,0,2.0,2,3
462248,1,1,55,0,0,0.0,2,2.0,5,2
465011,1,1,66,1,4,3.0,1,2.0,5,3
467898,0,1,68,1,0,0.0,2,1.0,5,3
464460,0,0,26,1,5,1.0,2,2.0,5,4
461397,1,0,20,0,5,0.0,2,4.0,5,4
464302,0,1,50,1,1,1.0,2,3.0,5,2
465458,0,1,84,1,0,1.0,1,2.0,5,1
467276,1,0,43,1,0,12.0,2,5.0,5,3
461129,0,1,63,1,3,0.0,0,4.0,5,2
467406,1,0,37,1,3,9.0,2,1.0,5,4
463140,1,1,31,0,2,5.0,0,3.0,2,1
460980,1,0,26,0,3,1.0,2,3.0,2,4
464666,1,1,41,1,3,2.0,0,3.0,3,4
464236,0,1,62,1,0,1.0,1,2.0,5,2
466898,1,1,45,1,4,0.0,1,4.0,5,2
462736,0,1,28,0,2,6.0,2,3.0,5,1
467952,0,1,89,1,7,0.0,1,2.0,5,3
461399,1,0,20,0,5,0.0,2,4.0,5,4
466320,0,0,40,1,2,9.0,2,2.0,3,2
465142,1,0,23,0,5,0.0,2,4.0,5,4
460334,1,0,41,1,0,4.0,2,1.0,5,1
460745,1,1,78,0,7,1.0,1,2.0,5,1
459812,0,0,43,1,2,0.0,2,1.0,2,1
465197,0,1,57,1,0,0.0,1,4.0,5,3
462068,1,1,55,1,4,1.0,1,3.0,5,3
463592,0,0,27,1,2,11.0,2,1.0,5,2
467352,1,1,51,1,4,1.0,1,4.0,5,3
465030,1,1,35,1,4,9.0,1,4.0,5,3
462095,1,1,49,1,3,1.0,0,3.0,0,1
460248,0,0,33,1,5,7.0,2,2.0,5,4
464286,0,1,60,1,0,1.0,0,2.0,5,3
464248,1,1,52,1,0,8.0,2,3.0,5,3
459167,0,0,42,1,0,1.0,2,2.0,4,3
462710,0,0,28,1,8,2.0,2,3.0,5,4
462731,0,1,43,1,0,5.0,1,3.0,5,2
464475,1,0,25,1,5,0.0,2,4.0,5,3
460108,1,1,42,1,0,1.0,0,3.0,1,3
467942,0,1,41,1,0,1.0,1,4.0,1,3
463264,0,1,71,1,7,0.0,2,2.0,5,3
462089,0,1,42,1,0,0.0,0,2.0,5,3
467756,1,1,56,1,0,1.0,0,2.0,5,3
461323,0,1,41,1,5,6.0,0,2.0,5,3
459563,1,1,72,1,3,7.0,2,2.0,5,1
467602,0,0,30,0,3,1.0,2,4.0,5,4
462562,0,0,25,1,3,0.0,2,6.0,1,3
461588,1,0,33,1,8,0.0,2,4.0,1,4
460894,1,1,38,0,4,5.0,1,3.0,5,1
459151,1,1,60,1,7,9.0,2,2.0,5,2
466417,0,1,79,0,7,1.0,1,3.0,5,1
466837,0,0,38,1,8,9.0,2,4.0,4,4
466918,1,1,56,1,0,1.0,0,1.0,5,3
464133,1,1,73,0,6,2.0,2,1.0,5,1
466101,0,0,22,0,5,0.0,2,7.0,5,4
464289,1,1,42,0,8,1.0,2,3.0,5,1
461936,1,1,72,0,7,0.0,1,2.0,5,2
459301,0,0,33,1,5,0.0,2,3.0,5,3
462284,1,1,53,1,4,1.0,0,4.0,5,2
463290,0,0,25,0,5,1.0,2,5.0,5,2
462413,1,1,46,1,0,0.0,0,3.0,5,3
466814,1,0,18,0,5,0.0,2,3.0,5,4
460996,0,0,60,1,2,1.0,2,1.0,5,1
459714,1,0,22,0,1,2.0,2,4.0,5,3
464829,1,0,22,0,5,9.0,2,5.0,3,4
467474,1,0,18,0,5,3.0,2,5.0,5,4
466134,1,1,39,1,1,0.0,1,3.0,5,3
460496,1,0,19,0,5,7.0,2,5.0,2,4
461995,0,0,30,0,0,7.0,2,1.0,5,1
466798,1,0,23,0,5,4.0,2,5.0,5,4
461086,1,0,23,0,5,1.0,2,7.0,2,4
459306,0,0,48,1,0,4.0,2,1.0,5,3
464919,1,1,39,1,0,9.0,2,1.0,3,1
461798,0,0,56,1,0,0.0,2,1.0,5,1
466987,1,1,63,0,0,5.0,0,2.0,5,3
459329,0,1,71,0,2,1.0,1,4.0,2,1
465174,0,1,70,1,3,1.0,1,2.0,5,2
460979,1,1,84,0,7,1.0,2,1.0,5,1
465272,1,1,39,1,4,0.0,1,6.0,5,3
460463,1,1,42,1,0,6.0,2,4.0,2,1
460246,1,1,46,1,0,4.0,2,2.0,5,2
463423,1,1,63,0,4,0.0,0,3.0,5,2
466992,0,1,55,0,0,0.0,2,3.0,5,3
461530,1,1,42,1,2,1.0,2,2.0,5,1
465101,0,1,88,1,7,1.0,2,1.0,5,4
464997,1,1,43,1,0,5.0,0,2.0,5,2
462255,1,1,73,1,4,1.0,1,3.0,5,3
462616,1,0,30,0,5,0.0,2,5.0,3,4
460968,1,1,30,0,1,11.0,0,2.0,2,1
465235,1,1,46,1,5,1.0,1,3.0,5,3
461818,0,1,43,1,0,2.0,0,2.0,5,3
463171,0,1,36,0,3,1.0,1,3.0,2,1
461634,1,1,63,1,3,1.0,2,1.0,5,1
462150,1,1,35,1,0,7.0,2,2.0,5,3
461503,0,0,31,1,0,9.0,2,2.0,5,2
463163,1,0,26,0,4,2.0,2,2.0,2,4
462358,1,1,37,0,1,4.0,0,2.0,5,1
460647,0,1,26,0,1,1.0,0,2.0,3,4
464888,1,1,37,0,3,0.0,2,5.0,3,1
461652,0,1,53,1,0,1.0,0,3.0,5,3
467062,0,0,55,1,0,1.0,2,1.0,2,1
467157,1,1,42,1,4,9.0,1,6.0,6,2
462509,0,1,46,1,0,0.0,0,2.0,5,3
465499,1,0,63,1,0,0.0,2,1.0,5,1
464913,1,1,52,1,3,0.0,2,4.0,3,2
465969,0,0,28,1,1,12.0,2,2.0,6,4
464922,0,0,20,0,5,0.0,2,5.0,3,4
463022,1,1,60,1,4,4.0,1,3.0,5,3
464704,1,1,42,1,5,0.0,0,4.0,3,2
462345,1,1,46,1,1,1.0,0,6.0,3,2
461439,1,1,37,1,0,1.0,0,2.0,5,3
461599,0,0,42,1,0,8.0,2,1.0,5,2
465705,0,1,46,1,0,1.0,0,4.0,5,3
461043,1,1,49,0,5,0.0,2,7.0,3,4
467551,0,1,89,0,7,0.0,1,2.0,5,2
464053,0,1,38,0,3,4.0,2,1.0,5,2
459282,1,1,48,1,0,0.0,0,2.0,5,3
461649,0,1,51,1,0,3.0,2,4.0,5,2
464389,1,1,73,1,0,1.0,1,2.0,1,3
464293,1,0,30,1,5,1.0,2,4.0,5,3
465320,0,1,65,1,7,1.0,0,2.0,5,2
463707,0,0,36,0,0,0.0,2,1.0,4,2
465436,0,0,25,1,5,0.0,2,3.0,4,2
465078,1,1,43,1,4,0.0,1,4.0,5,2
460568,0,1,33,1,6,0.0,1,2.0,2,3
459636,1,0,30,1,3,14.0,2,1.0,5,4
460129,0,0,25,1,2,8.0,2,2.0,5,1
465373,1,1,49,1,0,4.0,0,4.0,5,3
463966,0,0,31,1,0,9.0,2,1.0,5,2
460918,0,0,27,1,1,14.0,2,8.0,5,3
465954,0,0,33,1,3,11.0,2,3.0,5,1
465153,1,1,35,1,0,1.0,0,2.0,5,1
466502,1,0,19,0,5,1.0,2,5.0,2,4
460819,0,1,25,0,8,0.0,1,5.0,3,4
464993,1,1,57,0,4,4.0,1,4.0,5,3
463103,1,1,45,0,4,1.0,0,4.0,5,2
466302,0,1,47,0,6,3.0,1,3.0,5,2
464288,0,0,33,1,1,9.0,2,2.0,5,1
460240,1,1,45,1,0,3.0,2,1.0,5,3
459188,1,0,27,0,5,1.0,2,3.0,5,3
465411,0,1,38,1,2,0.0,2,1.0,4,4
465595,0,0,38,0,2,0.0,2,3.0,3,3
466021,1,0,87,0,7,1.0,2,1.0,5,1
461831,1,0,30,1,1,0.0,2,3.0,5,3
462556,1,1,57,1,3,0.0,0,7.0,4,3
467321,0,1,63,1,0,9.0,2,2.0,5,3
459327,1,0,50,0,1,9.0,2,3.0,5,4
461626,1,1,68,1,4,0.0,1,2.0,5,3
463337,0,1,33,0,3,1.0,2,2.0,2,1
467615,0,1,37,1,1,0.0,2,2.0,5,1
463597,0,0,25,0,2,0.0,2,6.0,5,3
463784,0,0,29,0,2,0.0,2,5.0,3,1
459513,0,0,32,1,5,3.0,2,2.0,5,3
465804,0,1,68,0,2,0.0,2,1.0,3,1
465103,1,1,86,1,7,1.0,1,2.0,5,1
464007,1,1,49,1,0,0.0,2,3.0,5,2
463060,0,1,32,1,6,12.0,1,2.0,5,4
461359,1,1,28,1,5,1.0,2,4.0,6,4
465014,1,1,83,0,7,1.0,2,1.0,5,1
459100,0,0,63,1,0,14.0,2,1.0,5,2
464083,1,1,65,0,7,0.0,1,2.0,5,3
464552,0,1,38,1,0,1.0,0,3.0,3,3
460218,1,1,61,1,3,1.0,2,1.0,5,4
460297,0,1,46,1,0,8.0,2,2.0,5,2
467171,0,0,30,1,1,1.0,2,2.0,5,3
464023,1,0,22,0,5,0.0,2,5.0,6,4
467929,0,1,42,1,0,1.0,0,2.0,5,3
461049,0,1,57,1,1,0.0,2,7.0,6,2
465049,0,1,49,0,2,6.0,2,2.0,5,1
460751,0,0,25,0,0,1.0,2,3.0,5,4
461690,0,0,31,1,2,0.0,2,1.0,3,1
464084,1,0,25,0,5,1.0,2,5.0,3,4
465644,1,0,33,1,5,0.0,2,5.0,5,3
459470,1,0,29,1,5,9.0,2,6.0,5,4
462700,1,1,38,1,0,0.0,0,4.0,5,2
465067,1,1,62,1,4,8.0,1,2.0,5,3
464247,1,1,59,0,2,0.0,2,1.0,5,1
459465,0,1,27,1,3,3.0,2,5.0,5,2
463894,0,1,51,1,0,0.0,0,3.0,1,3
466089,1,0,59,0,3,0.0,2,3.0,5,2
467227,0,0,37,1,0,12.0,2,1.0,3,1
459054,1,1,37,1,4,9.0,1,4.0,5,3
463609,1,1,30,0,0,0.0,0,2.0,4,1
466260,1,1,43,1,3,0.0,0,2.0,5,2
464283,1,0,40,1,0,5.0,2,2.0,5,1
465646,0,0,40,1,0,6.0,2,2.0,5,2
461103,0,0,30,0,2,1.0,2,5.0,2,4
464378,0,1,40,1,0,9.0,0,2.0,5,2
462661,0,1,62,1,0,2.0,1,3.0,5,3
460266,1,0,22,0,5,0.0,2,8.0,5,4
462983,0,1,66,1,7,1.0,1,2.0,5,1
459022,1,1,67,1,0,10.0,2,1.0,5,4
463231,1,1,50,1,0,1.0,0,3.0,5,1
465863,1,0,27,0,5,5.0,2,3.0,5,4
463557,1,0,28,1,1,1.0,2,3.0,5,1
467636,1,1,45,1,1,1.0,0,2.0,5,3
463539,1,1,59,1,0,1.0,0,2.0,3,2
459633,1,0,19,0,5,1.0,2,2.0,5,4
462304,1,1,62,1,0,1.0,2,4.0,3,2
467467,1,0,19,0,5,0.0,2,4.0,5,4
464871,0,0,28,1,3,6.0,2,3.0,3,2
462258,1,0,25,0,1,1.0,2,4.0,5,4
467813,1,1,36,1,3,0.0,2,2.0,3,1
459068,0,0,33,1,5,2.0,2,2.0,5,1
462701,1,1,59,0,3,0.0,0,4.0,5,2
466536,1,0,20,0,5,4.0,2,4.0,3,4
465668,1,0,23,0,5,0.0,2,5.0,3,4
460340,0,0,46,1,0,10.0,2,2.0,5,1
466820,0,1,74,0,7,1.0,1,2.0,5,1
462922,1,0,26,0,1,8.0,2,1.0,2,4
464130,1,0,41,1,0,1.0,2,3.0,5,1
462735,0,1,30,0,0,0.0,0,2.0,0,2
464412,1,1,70,0,7,1.0,2,2.0,5,4
464468,1,1,50,1,0,1.0,2,3.0,5,3
460173,0,1,40,1,0,1.0,2,3.0,5,3
463091,0,1,39,1,6,8.0,2,1.0,5,4
467213,0,1,88,1,7,1.0,1,2.0,5,2
461804,0,0,43,1,0,0.0,2,1.0,5,1
466649,1,0,19,0,5,1.0,2,3.0,2,4
460533,0,1,45,0,0,6.0,2,1.0,5,1
461892,0,0,35,1,5,0.0,2,1.0,1,4
463656,1,1,53,1,1,0.0,2,3.0,5,1
462850,1,0,21,0,5,1.0,2,4.0,5,4
460707,1,1,38,0,0,1.0,0,3.0,5,3
463122,1,1,36,1,4,9.0,0,3.0,5,2
467588,1,1,63,1,0,0.0,0,4.0,5,3
462552,1,0,31,1,0,1.0,2,2.0,5,1
466048,1,0,25,0,3,3.0,2,1.0,3,1
467845,1,1,52,1,3,1.0,2,2.0,5,3
459810,1,0,19,0,5,1.0,2,4.0,5,4
466572,0,0,30,0,5,0.0,2,4.0,5,4
464092,0,1,59,1,0,0.0,0,5.0,5,3
467025,0,0,25,0,2,1.0,2,3.0,5,4
466110,1,1,77,1,7,0.0,2,1.0,5,1
462353,0,1,58,1,1,1.0,0,2.0,5,3
459904,0,1,38,1,0,6.0,2,4.0,5,3
462011,1,1,29,0,8,1.0,2,4.0,3,4
462367,1,1,56,1,0,1.0,0,3.0,5,2
460220,0,0,37,1,3,1.0,2,2.0,1,4
461429,1,1,49,1,1,1.0,0,4.0,5,3
462668,0,0,41,1,0,2.0,2,1.0,5,2
461699,1,0,28,1,1,0.0,2,1.0,5,4
464885,0,0,35,0,2,1.0,2,2.0,3,1
460989,1,0,23,0,5,1.0,2,3.0,0,4
462156,0,1,43,1,0,4.0,0,2.0,2,3
460507,1,0,30,0,1,1.0,2,4.0,2,4
462875,1,0,20,0,5,1.0,2,3.0,5,4
461708,1,1,84,0,7,0.0,1,2.0,5,2
462137,1,0,28,1,1,1.0,2,1.0,5,1
459630,1,1,73,1,7,1.0,0,2.0,5,1
465897,0,1,42,1,0,9.0,2,1.0,5,1
465628,1,1,49,1,0,2.0,2,2.0,1,1
462321,0,0,42,1,2,6.0,2,1.0,5,1
460511,0,0,31,0,1,0.0,2,4.0,2,4
459225,0,1,49,1,0,0.0,0,4.0,5,3
467894,1,1,58,1,0,0.0,0,2.0,5,3
465076,1,1,72,1,0,0.0,1,5.0,5,3
467573,1,1,45,1,0,6.0,0,4.0,5,2
465266,1,1,49,1,3,0.0,0,5.0,3,2
462215,0,0,20,0,8,1.0,2,3.0,3,4
467131,1,1,50,1,0,0.0,2,2.0,5,2
460225,0,1,78,1,7,3.0,1,2.0,5,3
466360,1,0,25,0,5,0.0,2,3.0,3,2
465848,0,0,28,1,5,0.0,2,1.0,6,4
459043,0,1,49,0,2,1.0,2,1.0,6,1
463069,1,0,29,1,0,7.0,2,1.0,5,2
459795,1,0,52,1,0,0.0,2,1.0,5,1
464954,1,0,23,0,5,1.0,2,4.0,3,4
463068,1,1,26,1,0,9.0,0,2.0,5,2
464834,1,1,51,0,4,1.0,2,4.0,3,4
462908,1,1,27,0,4,10.0,1,3.0,5,1
464032,1,0,20,0,5,1.0,2,3.0,5,4
459307,1,1,62,1,3,0.0,2,1.0,5,2
462224,0,1,63,0,2,4.0,0,8.0,3,4
465611,1,0,53,1,1,0.0,2,1.0,5,3
466322,1,0,28,0,1,0.0,2,3.0,2,2
461548,0,0,33,1,2,1.0,2,3.0,5,1
461870,0,1,45,1,0,0.0,0,2.0,5,3
466966,1,1,61,1,3,1.0,0,2.0,5,3
465672,1,0,42,0,4,9.0,2,3.0,3,4
459317,1,1,52,1,4,1.0,1,4.0,5,3
464362,0,1,51,1,0,1.0,2,1.0,5,3
465683,0,0,49,0,3,1.0,2,2.0,3,1
462253,1,1,51,1,2,0.0,2,2.0,3,1
459421,1,1,29,0,5,0.0,0,4.0,5,1
461613,0,0,25,1,5,8.0,2,4.0,4,3
461168,0,1,29,0,2,5.0,0,2.0,2,1
459247,1,1,60,1,4,0.0,0,5.0,5,3
460770,0,0,25,1,5,5.0,2,3.0,2,1
465047,1,1,55,1,4,8.0,1,2.0,5,3
467013,1,1,66,1,4,0.0,1,2.0,5,3
465894,1,0,27,1,0,8.0,2,6.0,5,4
462702,1,1,51,0,3,1.0,0,4.0,3,1
465431,1,1,35,0,0,0.0,2,2.0,5,2
466386,1,1,65,1,4,1.0,2,2.0,3,2
464057,1,0,32,1,8,0.0,2,5.0,5,2
462186,0,0,21,0,1,0.0,2,3.0,0,4
463432,1,0,36,1,0,0.0,2,1.0,5,2
466753,0,1,70,1,0,1.0,0,2.0,2,3
465123,0,0,28,1,5,1.0,2,3.0,5,1
459965,1,0,25,1,0,7.0,2,1.0,1,1
466030,0,1,36,0,3,8.0,2,2.0,5,2
462582,1,0,20,0,5,0.0,2,4.0,3,4
461466,1,1,49,0,0,0.0,2,2.0,6,1
464380,0,1,49,1,0,6.0,0,6.0,5,3
466846,1,0,18,0,5,2.0,2,4.0,1,4
465184,0,1,46,0,2,1.0,0,5.0,5,3
459481,1,1,47,0,7,0.0,2,2.0,5,1
465136,1,1,47,1,0,0.0,0,2.0,5,3
466534,1,0,28,0,5,0.0,2,9.0,5,4
466411,1,1,58,1,0,1.0,0,3.0,2,2
462576,0,0,21,0,5,9.0,2,4.0,2,4
467704,1,1,53,1,0,1.0,0,2.0,5,3
465303,0,1,67,1,0,1.0,0,3.0,1,3
467703,1,0,26,1,5,1.0,2,5.0,5,4
465493,0,0,26,0,0,0.0,2,3.0,3,1
461322,1,1,40,1,0,0.0,0,2.0,5,3
461706,1,0,25,1,5,0.0,2,3.0,5,4
463629,1,0,41,1,0,1.0,2,1.0,5,2
465140,1,1,45,1,4,5.0,1,3.0,6,2
459308,0,1,47,1,0,0.0,0,2.0,5,3
459708,0,0,39,1,2,1.0,2,1.0,5,1
459179,1,1,60,0,3,0.0,0,3.0,5,2
462654,1,1,39,0,0,1.0,0,6.0,3,1
466256,0,1,65,1,2,1.0,2,1.0,5,2
465649,0,1,43,1,8,6.0,2,1.0,5,1
465652,0,1,31,0,8,0.0,2,2.0,1,4
460360,0,1,38,1,0,2.0,2,1.0,3,1
464472,0,0,27,1,0,0.0,2,3.0,5,3
467422,0,1,58,1,0,0.0,0,2.0,5,3
463116,1,1,62,1,0,1.0,1,2.0,5,2
460177,1,0,48,1,0,1.0,2,1.0,5,2
465081,1,1,57,1,4,7.0,1,2.0,5,3
467810,1,1,42,1,0,0.0,0,5.0,5,3
465063,0,1,68,1,7,1.0,1,2.0,5,3
466430,0,1,51,0,2,0.0,2,4.0,5,1
465713,1,1,59,1,0,0.0,0,4.0,5,3
462555,1,1,36,1,0,1.0,0,2.0,3,3
461615,1,0,25,1,1,1.0,2,2.0,5,4
461532,1,1,48,1,3,1.0,2,1.0,5,1
459175,0,1,70,1,0,1.0,0,2.0,5,3
463739,0,1,42,0,8,0.0,2,3.0,5,2
464339,1,0,26,0,0,0.0,2,2.0,5,4
465074,1,0,25,1,0,1.0,2,4.0,5,1
465282,0,0,36,1,0,0.0,2,3.0,5,1
460488,1,0,42,0,1,0.0,2,1.0,2,4
464554,0,0,35,1,0,0.0,2,7.0,1,3
462814,0,1,22,0,2,8.0,0,2.0,4,3
462073,0,0,36,1,0,6.0,2,1.0,5,3
459901,1,1,47,1,0,0.0,0,3.0,5,3
460858,1,0,19,0,5,1.0,2,4.0,2,4
461895,1,1,36,1,3,1.0,2,2.0,5,2
467308,0,0,28,1,1,0.0,2,3.0,2,3
467584,1,1,52,0,1,1.0,0,4.0,5,2
462622,1,1,47,0,4,0.0,2,4.0,3,4
460100,0,0,29,1,1,1.0,2,1.0,2,1
466591,0,0,23,0,5,0.0,2,4.0,5,4
462849,1,1,50,1,0,0.0,0,4.0,5,3
466410,0,1,56,1,0,0.0,2,1.0,5,2
464141,1,1,32,1,3,9.0,1,2.0,3,1
461564,1,1,63,1,4,1.0,1,2.0,5,3
463219,1,1,50,0,3,0.0,2,2.0,5,4
464009,0,1,49,1,0,7.0,0,4.0,5,2
460573,1,0,62,0,5,8.0,2,1.0,2,3
460951,0,1,55,0,2,1.0,0,7.0,5,1
467126,0,1,45,1,0,0.0,2,1.0,2,2
462924,0,1,31,0,6,8.0,0,2.0,5,4
462488,1,0,33,1,5,0.0,2,5.0,5,4
461640,1,1,52,1,0,1.0,0,2.0,5,3
465504,1,0,42,1,3,0.0,2,2.0,5,2
460902,1,0,38,1,4,1.0,2,3.0,5,1
459657,1,1,84,1,7,1.0,1,2.0,5,2
465054,1,1,67,1,4,1.0,1,3.0,5,3
464000,0,0,32,0,5,0.0,2,5.0,6,3
460324,0,0,33,1,3,12.0,2,2.0,5,1
462468,0,0,30,1,5,2.0,2,5.0,5,4
465245,1,0,18,0,5,1.0,2,4.0,3,4
467919,0,1,47,1,0,7.0,0,2.0,5,3
463716,1,0,29,0,1,1.0,2,4.0,5,4
463769,1,1,63,0,4,0.0,1,4.0,5,2
462327,1,1,27,1,3,0.0,2,4.0,6,4
463882,0,1,43,1,0,1.0,2,1.0,0,1
462282,1,0,29,0,5,1.0,2,3.0,5,4
459625,0,1,57,0,2,8.0,2,1.0,5,2
466740,0,1,47,0,2,8.0,2,1.0,2,1
461434,0,1,32,1,4,4.0,1,3.0,6,3
465404,0,1,25,1,3,0.0,0,2.0,0,1
462337,0,1,79,1,7,1.0,1,2.0,3,2
461921,0,0,41,1,0,0.0,2,1.0,5,1
463763,1,1,36,1,0,4.0,0,2.0,5,3
467749,1,0,19,0,5,1.0,2,9.0,6,4
463850,1,1,26,0,3,0.0,1,2.0,5,4
460381,1,0,28,1,0,13.0,2,2.0,5,1
460946,1,0,84,0,0,0.0,2,1.0,5,4
464329,1,1,81,0,7,1.0,2,2.0,5,4
467209,0,0,35,1,5,1.0,2,1.0,5,4
461897,1,1,55,1,1,0.0,0,2.0,5,3
462920,1,1,50,0,4,0.0,1,5.0,5,2
460994,1,1,78,1,7,0.0,2,5.0,5,1
462868,1,1,36,0,3,0.0,0,4.0,3,1
459964,1,0,47,1,8,1.0,2,1.0,5,1
462663,1,1,48,0,3,6.0,0,5.0,3,2
464116,0,1,69,1,8,1.0,2,2.0,5,3
467119,1,1,38,0,8,0.0,1,4.0,6,2
465042,1,1,36,1,0,1.0,0,4.0,5,3
464762,0,1,52,0,2,9.0,0,4.0,3,2
460009,1,0,46,1,0,0.0,2,1.0,5,2
460583,1,0,18,0,8,1.0,2,6.0,2,4
467827,0,0,22,0,5,0.0,2,4.0,5,4
463795,1,0,18,0,1,1.0,2,6.0,5,2
464313,1,1,30,0,6,1.0,0,3.0,5,4
459230,1,1,43,0,0,7.0,1,4.0,5,2
462245,0,1,49,1,0,1.0,0,3.0,5,3
462926,0,0,40,1,6,9.0,2,2.0,5,1
460743,1,1,55,1,0,0.0,0,3.0,5,3
464656,0,0,33,0,5,1.0,2,7.0,3,2
467656,1,0,31,1,5,1.0,2,5.0,5,4
460978,0,0,35,1,5,3.0,2,6.0,1,4
467684,1,0,40,1,5,8.0,2,3.0,1,4
467089,1,1,69,0,0,0.0,0,3.0,5,2
466091,0,1,46,1,0,1.0,2,4.0,3,2
464582,0,1,63,1,8,0.0,2,2.0,5,4
458997,1,1,61,1,0,1.0,0,2.0,5,2
466025,0,0,50,0,2,1.0,2,1.0,2,1
464507,1,1,53,1,0,0.0,1,3.0,5,3
459204,0,1,35,1,2,0.0,0,2.0,5,2
467521,1,0,19,0,5,7.0,2,3.0,5,4
462743,1,0,26,0,5,3.0,2,4.0,2,4
459245,0,1,38,0,2,0.0,0,4.0,5,2
463884,0,0,26,0,0,1.0,2,1.0,5,4
463860,1,1,39,1,5,0.0,1,3.0,5,3
459184,1,1,39,1,3,1.0,2,4.0,3,1
460201,0,0,45,1,0,2.0,2,1.0,5,1
464989,1,1,47,0,3,0.0,0,4.0,5,3
467782,0,0,30,1,3,0.0,2,5.0,1,1
464923,1,1,48,0,4,5.0,1,2.0,3,1
459364,0,1,76,1,8,0.0,2,2.0,5,2
462119,1,1,71,1,3,0.0,2,2.0,5,1
465132,0,0,41,1,0,0.0,2,1.0,5,1
463873,1,1,57,1,0,1.0,0,5.0,5,3
467633,1,1,49,0,3,0.0,2,1.0,5,1
462780,1,1,21,0,5,1.0,1,8.0,3,2
462445,1,0,18,0,5,0.0,2,3.0,5,4
460664,0,0,33,0,6,8.0,2,1.0,5,4
465992,1,1,53,1,3,1.0,2,3.0,5,1
463990,1,1,55,1,0,1.0,0,2.0,3,2
463128,1,1,73,1,7,0.0,1,4.0,5,1
460775,1,1,59,1,0,0.0,2,2.0,5,1
464118,1,0,38,1,3,0.0,2,2.0,5,4
459264,0,0,42,1,0,0.0,2,2.0,5,3
464069,0,1,83,1,7,1.0,1,2.0,5,1
465564,1,1,46,0,0,0.0,0,4.0,2,2
466387,1,1,37,1,3,8.0,0,2.0,5,2
462887,0,1,42,0,2,1.0,2,3.0,5,1
465977,1,1,71,1,0,0.0,0,2.0,5,3
462775,0,0,18,0,5,7.0,2,3.0,5,4
460286,0,0,41,1,0,4.0,2,1.0,5,4
466294,1,1,27,1,5,0.0,2,5.0,3,4
466037,0,0,53,0,3,1.0,2,1.0,3,1
466335,0,0,28,0,5,0.0,2,3.0,3,2
461933,1,0,18,0,1,0.0,2,2.0,4,4
466681,1,0,19,0,5,2.0,2,4.0,5,4
466605,0,0,32,0,5,0.0,2,4.0,2,2
461332,1,0,30,0,5,1.0,2,4.0,1,3
461610,1,0,36,1,1,0.0,2,1.0,5,2
467707,1,1,82,1,7,5.0,1,2.0,5,1
465158,1,0,45,1,0,1.0,2,1.0,5,1
459903,1,1,27,1,3,9.0,2,4.0,5,3
464021,0,0,18,0,5,1.0,2,5.0,5,4
463325,1,1,22,0,1,1.0,2,4.0,5,1
459660,0,0,22,0,5,2.0,2,6.0,5,4
466423,0,0,42,0,6,8.0,2,1.0,2,4
465585,1,1,69,0,1,1.0,2,1.0,5,1
462671,0,1,43,1,6,8.0,1,2.0,5,1
459603,0,1,89,0,7,3.0,1,2.0,5,1
463614,0,0,26,0,5,1.0,2,4.0,2,3
465152,1,0,43,1,0,1.0,2,3.0,5,2
460525,1,1,30,1,3,1.0,0,2.0,2,3
466108,0,1,60,1,4,0.0,2,2.0,5,2
465400,0,1,38,1,1,7.0,1,4.0,2,3
465681,1,1,45,1,3,0.0,0,2.0,3,1
466251,1,0,20,0,5,3.0,2,4.0,3,4
460417,0,1,51,1,8,9.0,2,1.0,5,1
460569,1,1,36,1,3,1.0,0,4.0,2,3
461162,0,0,41,0,8,9.0,2,3.0,2,2
463628,0,0,30,1,0,9.0,2,1.0,5,1
467817,0,0,23,0,6,0.0,2,5.0,4,2
460406,1,1,39,1,5,4.0,2,2.0,5,2
464122,1,1,63,1,0,0.0,0,4.0,5,2
459658,1,1,60,1,0,1.0,0,3.0,5,3
462757,1,0,20,0,5,1.0,2,3.0,5,4
459529,0,1,89,0,7,1.0,1,2.0,5,1
465920,1,0,43,1,4,1.0,2,4.0,5,1
463262,0,1,70,0,7,3.0,1,2.0,5,1
465631,1,0,35,1,0,9.0,2,1.0,5,1
467164,1,1,42,1,0,0.0,1,2.0,5,2
467859,1,1,39,1,1,6.0,0,2.0,2,3
461703,0,1,29,1,5,0.0,2,2.0,5,1
466097,0,1,74,0,7,1.0,2,1.0,5,1
464390,1,1,41,1,0,1.0,2,2.0,5,3
465423,1,1,51,1,3,0.0,0,4.0,6,3
461337,1,1,50,1,4,1.0,1,3.0,5,3
463888,1,0,23,0,8,0.0,2,3.0,5,4
460390,1,0,36,1,0,9.0,2,3.0,5,1
465286,1,0,36,1,0,8.0,2,1.0,5,2
460294,0,1,50,1,1,1.0,2,2.0,5,4
461248,0,0,37,0,5,1.0,2,1.0,5,4
464336,1,1,65,1,4,0.0,1,4.0,5,3
467595,0,0,26,1,5,0.0,2,1.0,5,4
466406,1,1,55,1,3,1.0,2,3.0,5,1
465092,1,1,65,1,4,0.0,1,2.0,5,3
459492,0,1,72,1,7,1.0,1,2.0,5,1
461426,1,1,51,1,0,7.0,0,2.0,5,3
467022,1,0,25,1,0,1.0,2,5.0,5,4
467330,1,1,38,0,4,0.0,1,3.0,5,3
461320,0,0,39,1,0,0.0,2,3.0,5,2
466283,0,1,62,1,0,0.0,1,2.0,5,2
463705,0,1,37,1,0,4.0,0,2.0,1,3
465821,0,0,28,0,2,3.0,2,7.0,3,1
467457,0,0,32,1,8,1.0,2,6.0,5,2
466543,1,0,31,1,1,14.0,2,2.0,6,1
463772,0,0,31,0,5,1.0,2,3.0,5,4
459757,1,1,67,1,0,1.0,0,2.0,5,2
464452,0,0,72,1,7,0.0,2,1.0,5,3
463839,0,1,57,0,2,0.0,2,3.0,5,2
464368,1,1,36,1,3,4.0,0,2.0,5,2
466923,0,0,21,0,6,9.0,2,1.0,5,4
459878,1,1,47,0,3,1.0,0,5.0,5,3
467279,0,0,25,1,3,8.0,2,3.0,5,4
465604,0,1,41,0,2,9.0,0,2.0,2,2
460787,1,0,29,1,5,0.0,2,4.0,5,1
466240,1,0,21,0,5,0.0,2,3.0,3,4
466621,1,1,66,1,7,0.0,2,1.0,5,3
464619,1,1,27,1,3,10.0,2,2.0,5,2
467404,1,1,52,1,0,4.0,2,1.0,5,3
461314,1,1,46,1,0,1.0,0,3.0,5,3
463340,0,0,23,0,5,0.0,2,4.0,2,4
467870,1,0,27,1,3,0.0,2,5.0,5,2
462200,0,1,52,1,1,1.0,2,3.0,3,2
465591,1,1,65,0,0,0.0,0,2.0,3,1
460812,1,1,59,0,3,1.0,2,2.0,5,1
467105,0,1,45,1,7,0.0,2,1.0,5,2
462037,0,1,61,0,2,1.0,1,3.0,3,2
461726,0,1,53,1,0,1.0,0,4.0,2,3
463577,0,1,37,1,1,1.0,0,2.0,5,3
463038,1,1,63,1,4,0.0,1,5.0,5,4
464928,0,1,50,1,0,1.0,2,3.0,3,3
467312,0,1,62,1,0,1.0,2,2.0,5,3
464887,1,1,49,1,0,1.0,0,8.0,3,3
460555,1,1,46,1,6,6.0,0,3.0,2,3
461329,1,1,53,1,4,1.0,1,4.0,5,3
459648,0,1,42,1,0,2.0,1,2.0,5,3
460835,0,1,28,1,0,0.0,2,1.0,4,1
463827,0,1,49,1,2,1.0,0,4.0,5,2
460868,1,1,35,1,0,1.0,0,2.0,5,2
467485,1,1,58,1,7,0.0,1,2.0,5,2
467351,1,1,41,0,0,8.0,0,2.0,5,3
465864,1,1,32,1,3,9.0,0,2.0,5,4
467232,1,0,33,0,3,0.0,2,2.0,5,1
466855,1,1,69,0,3,0.0,2,5.0,2,1
467238,0,0,31,0,1,6.0,2,4.0,5,4
463654,0,0,39,0,2,4.0,2,3.0,2,4
459047,0,0,21,0,5,1.0,2,5.0,3,4
464363,0,1,41,1,0,9.0,2,1.0,5,3
462565,1,1,49,1,0,1.0,0,4.0,5,3
463226,0,1,38,1,4,0.0,0,2.0,5,1
467671,0,1,52,1,0,9.0,2,4.0,5,3
460374,0,0,46,1,0,6.0,2,2.0,5,3
463077,1,0,28,0,1,4.0,2,3.0,5,3
462719,0,1,55,1,0,0.0,1,5.0,5,2
459729,0,0,41,1,5,1.0,2,1.0,5,4
459084,1,1,47,0,4,0.0,1,2.0,6,2
467924,1,1,52,1,0,0.0,2,3.0,3,1
465439,0,1,45,1,0,4.0,1,4.0,5,3
466712,1,1,78,1,7,1.0,2,1.0,5,2
460983,1,1,38,0,1,0.0,1,4.0,5,4
464008,0,1,50,1,0,1.0,0,4.0,5,3
461702,0,1,53,1,2,8.0,1,4.0,5,1
464312,1,0,43,1,0,1.0,2,1.0,2,1
462818,1,1,59,1,0,1.0,0,3.0,5,3
466045,0,0,38,0,3,8.0,2,2.0,5,2
461889,1,1,42,1,0,2.0,0,2.0,5,3
467945,1,1,65,1,0,0.0,0,2.0,5,3
464322,1,1,79,1,7,0.0,2,2.0,5,1
465637,0,0,41,1,0,1.0,2,1.0,3,4
462058,1,1,42,1,3,9.0,2,2.0,5,1
462500,1,1,49,1,1,1.0,0,2.0,5,3
466948,1,1,58,1,0,1.0,2,2.0,6,2
461606,1,1,69,1,7,0.0,1,3.0,5,1
466184,0,0,35,1,0,3.0,2,1.0,5,3
466014,0,1,47,0,2,0.0,1,2.0,3,1
462890,0,0,25,1,8,12.0,2,1.0,5,4
464909,0,1,38,1,6,0.0,2,2.0,3,1
459554,0,0,25,0,2,8.0,2,3.0,5,4
462429,1,1,76,0,7,0.0,2,1.0,5,1
463605,0,0,23,0,5,0.0,2,5.0,4,4
464608,0,1,49,1,0,0.0,0,3.0,5,3
459597,0,1,71,1,0,1.0,1,2.0,5,3
464497,0,0,39,0,2,0.0,2,3.0,2,1
467150,0,0,41,1,0,8.0,2,3.0,5,1
466829,0,1,27,0,6,10.0,2,1.0,5,4
463506,0,1,35,1,0,2.0,0,2.0,5,3
467448,0,1,49,0,2,0.0,2,1.0,5,1
462852,1,1,42,0,2,9.0,2,3.0,5,4
462072,1,0,39,1,0,0.0,2,1.0,5,1
463211,1,1,68,1,7,8.0,2,1.0,4,1
464059,1,1,57,1,0,1.0,2,1.0,5,1
463746,1,0,38,1,0,0.0,2,1.0,5,1
465671,0,1,35,0,2,2.0,0,5.0,3,4
461729,0,1,41,1,8,0.0,2,3.0,5,4
464849,1,1,40,1,0,0.0,0,4.0,3,3
466434,1,1,53,1,0,0.0,0,4.0,5,2
467305,0,1,38,1,6,8.0,0,3.0,5,2
466270,0,1,68,0,8,0.0,2,2.0,5,4
463479,1,0,30,0,4,1.0,2,2.0,5,4
467471,1,1,52,0,3,4.0,0,5.0,5,3
459159,1,1,80,1,7,1.0,2,1.0,5,1
465980,0,0,31,1,5,1.0,2,7.0,5,1
467528,1,1,87,0,4,0.0,1,2.0,5,3
461278,1,0,23,0,5,1.0,2,4.0,5,4
466964,1,0,45,1,0,5.0,2,1.0,3,3
460607,1,1,36,1,0,9.0,0,4.0,6,1
462825,1,1,41,0,4,1.0,1,2.0,3,2
459899,0,1,48,1,0,0.0,2,4.0,5,3
460936,1,1,70,1,4,1.0,1,5.0,2,2
458991,0,1,84,1,7,3.0,1,2.0,5,1
460028,1,1,39,1,5,11.0,0,2.0,1,4
464281,0,0,39,1,0,0.0,2,1.0,5,1
463443,1,1,50,1,0,1.0,0,4.0,5,3
460949,1,1,40,1,1,1.0,2,5.0,5,1
459044,1,1,38,1,0,4.0,0,3.0,5,3
460786,1,1,71,0,7,1.0,1,2.0,5,2
465968,0,0,35,1,0,10.0,2,1.0,5,1
460039,1,1,27,1,5,5.0,2,5.0,5,4
462892,1,1,33,0,5,8.0,0,3.0,5,3
465050,1,1,74,1,7,1.0,1,2.0,5,2
461793,1,0,20,0,8,0.0,2,2.0,5,4
460781,0,1,30,0,3,1.0,1,4.0,4,4
463649,1,0,22,0,1,0.0,2,4.0,5,2
466969,0,0,43,1,6,9.0,2,1.0,5,1
462030,1,0,36,1,0,11.0,2,2.0,5,3
463735,1,0,29,1,5,4.0,2,2.0,5,3
464134,0,0,43,1,3,0.0,2,6.0,5,1
460195,1,0,38,1,3,7.0,2,1.0,5,4
466643,0,1,68,1,7,9.0,1,4.0,5,3
460418,0,0,35,1,3,9.0,2,2.0,5,1
461303,0,0,23,0,1,7.0,2,4.0,1,3
467049,1,0,50,1,0,1.0,2,1.0,5,2
459674,0,0,32,1,1,0.0,2,5.0,5,4
466910,1,1,59,1,3,9.0,2,1.0,5,1
466459,0,0,30,1,5,3.0,2,5.0,5,2
463085,0,0,35,1,0,0.0,2,1.0,5,1
461533,1,0,48,1,5,1.0,2,2.0,5,4
461187,1,0,29,0,5,9.0,2,4.0,2,4
461432,0,1,40,1,0,1.0,0,2.0,5,3
463978,1,1,38,1,0,1.0,0,3.0,1,3
459383,1,1,36,0,2,0.0,2,1.0,5,4
464020,1,0,20,0,5,0.0,2,4.0,5,4
467394,1,0,29,0,5,6.0,2,3.0,5,3
464539,1,1,42,0,4,3.0,1,3.0,3,1
461529,0,1,35,1,3,1.0,2,1.0,5,4
464943,0,1,37,0,2,1.0,0,6.0,3,2
466147,0,1,52,0,0,0.0,0,4.0,5,3
466263,1,0,53,1,0,0.0,2,2.0,3,3
461812,1,1,30,0,0,9.0,1,6.0,1,1
466848,0,1,65,1,0,1.0,2,2.0,5,2
467933,0,0,23,0,5,1.0,2,3.0,5,4
463957,0,0,32,0,3,0.0,2,3.0,3,3
462175,0,0,36,1,6,9.0,2,1.0,1,1
465818,1,0,27,0,3,1.0,2,3.0,3,2
467190,1,1,36,1,4,0.0,2,2.0,2,2
467848,1,0,37,1,0,12.0,2,1.0,5,2
462249,1,0,29,0,3,0.0,2,3.0,5,4
459311,1,0,29,1,4,0.0,2,5.0,5,3
462610,1,0,27,1,1,1.0,2,6.0,3,4
467309,0,0,35,1,2,2.0,2,1.0,6,2
467365,1,0,40,1,0,1.0,2,1.0,5,1
461913,1,0,37,1,3,6.0,2,4.0,1,1
462617,1,0,19,0,5,0.0,2,5.0,3,4
465485,1,0,29,1,5,0.0,2,4.0,5,4
461316,0,1,53,1,0,0.0,0,2.0,2,3
461079,0,0,26,0,2,4.0,2,1.0,6,1
465120,0,0,30,1,5,0.0,2,4.0,5,4
464671,1,0,30,0,3,1.0,2,2.0,3,4
465367,1,1,69,0,4,1.0,1,3.0,5,2
467088,1,1,57,1,0,0.0,2,1.0,2,1
463887,0,1,56,1,0,4.0,0,2.0,5,3
460250,1,0,27,1,5,8.0,2,4.0,5,4
465316,1,0,21,0,5,0.0,2,6.0,3,4
464713,0,1,71,1,0,0.0,1,4.0,0,2
465764,0,0,39,1,3,8.0,2,4.0,3,4
467080,0,1,87,1,7,1.0,1,2.0,5,1
460683,1,1,59,0,3,6.0,0,3.0,2,2
460042,1,0,32,1,8,8.0,2,1.0,5,4
463025,1,1,40,0,4,7.0,2,4.0,5,1
462179,0,0,31,1,8,0.0,2,9.0,6,4
464799,1,0,35,0,8,0.0,2,4.0,3,4
461934,0,1,46,1,0,8.0,0,2.0,5,3
459146,1,1,69,1,0,1.0,2,2.0,5,1
461448,1,1,69,1,1,0.0,1,3.0,5,3
466419,0,1,45,1,3,3.0,0,5.0,2,2
465443,1,1,38,1,0,0.0,2,4.0,5,1
459105,1,1,39,1,4,5.0,1,3.0,5,3
463232,0,0,23,0,5,2.0,2,5.0,5,4
464737,0,1,58,0,2,0.0,0,6.0,3,1
467922,1,1,84,1,3,0.0,1,2.0,5,4
465329,1,1,35,1,0,5.0,0,2.0,5,3
466512,0,0,22,0,5,1.0,2,2.0,5,4
466339,1,0,23,0,5,0.0,2,2.0,3,4
462870,0,0,41,1,0,3.0,2,3.0,5,4
464335,1,1,50,1,4,4.0,1,3.0,5,3
461353,1,1,50,1,4,0.0,1,4.0,5,1
463920,0,0,28,1,6,8.0,2,1.0,5,4
463712,0,1,37,1,1,1.0,0,2.0,5,3
464663,1,1,73,0,4,1.0,1,2.0,3,4
465000,1,1,50,1,4,1.0,1,3.0,5,3
467500,0,1,32,1,0,4.0,1,2.0,5,3
461536,0,0,39,1,1,2.0,2,1.0,5,2
464296,1,0,43,1,1,1.0,2,4.0,5,1
463142,0,0,33,1,0,5.0,2,2.0,3,2
461004,1,1,61,1,0,1.0,0,3.0,2,3
462323,0,1,70,1,1,0.0,0,2.0,5,3
467899,1,1,66,1,0,1.0,0,2.0,5,2
461941,0,1,72,1,0,0.0,2,1.0,5,3
461383,1,1,71,1,0,0.0,1,2.0,5,2
466616,1,0,18,0,5,8.0,2,9.0,5,4
464658,1,1,33,0,0,1.0,0,2.0,3,2
460699,1,0,28,1,0,9.0,2,1.0,5,1
460180,0,1,27,1,8,11.0,0,2.0,5,1
462683,0,1,38,0,2,1.0,2,5.0,0,2
464988,1,1,63,1,0,0.0,0,7.0,5,3
466593,1,1,70,1,7,0.0,1,3.0,5,1
464542,0,0,26,1,5,10.0,2,1.0,5,4
465678,1,1,36,0,3,1.0,2,2.0,3,1
467862,0,1,47,1,0,0.0,2,3.0,5,3
459394,1,0,28,0,3,9.0,2,2.0,5,1
460091,0,0,26,1,3,1.0,2,5.0,5,3
461260,1,0,20,0,8,1.0,2,3.0,3,4
463632,1,1,30,1,0,0.0,0,2.0,5,3
460047,1,0,41,1,3,8.0,2,2.0,5,1
460378,0,0,40,1,1,1.0,2,1.0,5,1
464758,0,1,47,0,2,1.0,0,4.0,3,2
460931,1,1,40,1,3,2.0,0,5.0,5,1
463240,0,1,53,0,2,0.0,0,3.0,5,1
459698,1,1,60,1,0,1.0,2,2.0,5,1
461598,0,0,27,1,0,8.0,2,1.0,5,1
465979,1,1,43,1,0,2.0,2,2.0,5,2
463974,0,0,33,1,6,7.0,2,3.0,1,3
466231,1,1,56,1,3,0.0,0,2.0,5,3
459833,1,1,70,1,4,1.0,1,2.0,5,3
462886,1,1,70,0,1,1.0,1,2.0,5,4
465998,0,0,40,1,2,6.0,2,3.0,5,4
466942,0,0,29,1,5,1.0,2,4.0,5,4
466310,0,1,40,1,2,0.0,0,2.0,5,2
467617,1,1,82,1,7,1.0,2,1.0,5,1
459975,0,0,38,1,0,7.0,2,1.0,5,2
464386,1,1,39,1,1,0.0,0,3.0,5,2
462005,1,1,39,1,0,0.0,0,2.0,1,3
465859,1,0,47,1,0,0.0,2,1.0,5,1
464394,1,1,75,1,7,0.0,1,2.0,5,1
466120,0,1,37,0,8,0.0,2,4.0,5,4
460964,1,1,84,0,7,1.0,1,2.0,5,1
461975,0,0,42,1,3,6.0,2,2.0,5,1
462172,1,1,39,1,1,0.0,0,2.0,0,4
464563,1,1,42,1,0,0.0,0,2.0,5,2
464945,0,1,40,1,0,1.0,0,2.0,3,1
463688,0,0,52,1,1,1.0,2,1.0,3,2
461750,1,0,52,0,0,5.0,2,1.0,5,2
464400,1,0,31,1,3,0.0,2,4.0,5,4
463052,1,1,37,1,8,1.0,2,2.0,5,4
461372,1,0,27,1,0,3.0,2,1.0,1,1
463367,0,0,35,1,2,4.0,2,4.0,1,3
467926,1,1,79,1,0,0.0,1,2.0,5,3
461483,0,0,28,1,1,1.0,2,4.0,5,3
467355,1,0,31,0,5,0.0,2,4.0,5,4
466416,1,1,88,0,4,0.0,1,3.0,5,4
460330,0,0,51,1,3,4.0,2,1.0,5,1
466789,0,1,53,1,0,0.0,0,2.0,2,2
466679,0,0,43,1,0,8.0,2,2.0,5,2
459362,1,1,55,0,4,0.0,2,2.0,5,1
466128,1,0,35,1,0,4.0,2,2.0,5,1
462474,0,1,25,0,2,1.0,0,2.0,3,1
459782,1,1,58,1,0,6.0,0,4.0,5,3
463113,0,0,32,1,1,1.0,2,6.0,5,4
466683,0,1,49,0,0,1.0,0,4.0,2,3
462103,0,1,53,0,3,9.0,1,2.0,5,1
459227,0,1,31,0,2,9.0,2,4.0,5,1
467761,1,0,39,1,0,1.0,2,2.0,5,2
459163,1,0,42,1,3,1.0,2,1.0,5,1
462455,1,0,20,0,5,1.0,2,5.0,1,4
460178,1,1,50,1,3,1.0,2,2.0,5,1
462803,1,0,26,0,1,0.0,2,6.0,1,2
460427,1,1,46,1,0,1.0,0,3.0,5,3
466343,1,0,30,1,1,0.0,2,2.0,2,1
461583,0,1,60,1,1,6.0,0,2.0,5,3
466461,1,1,84,0,7,0.0,2,1.0,5,4
462740,1,1,63,1,0,6.0,2,1.0,5,2
461355,0,0,38,1,5,0.0,2,2.0,5,4
465009,1,1,51,1,3,0.0,0,4.0,5,3
467658,1,0,20,0,5,0.0,2,4.0,2,4
462837,0,0,25,0,5,14.0,2,3.0,5,4
463907,0,0,33,1,1,0.0,2,5.0,5,4
462728,0,0,31,0,2,0.0,2,1.0,5,4
461175,1,1,57,1,5,1.0,2,3.0,5,2
464872,1,1,42,1,0,1.0,2,4.0,3,2
460830,1,1,40,0,3,2.0,0,5.0,1,2
459741,1,1,66,0,7,0.0,1,3.0,5,2
461154,1,0,21,0,6,0.0,2,4.0,2,1
464990,1,1,73,0,4,1.0,1,2.0,5,2
467886,0,1,46,1,0,0.0,2,2.0,5,3
459201,0,1,66,1,0,0.0,0,2.0,5,3
463357,1,1,27,1,1,0.0,0,2.0,4,4
462380,0,1,53,0,0,1.0,1,4.0,5,1
459884,1,1,80,0,7,8.0,2,1.0,5,4
461651,0,1,63,1,0,1.0,0,3.0,5,3
465336,0,0,41,1,1,9.0,2,1.0,3,1
461338,1,1,43,1,0,1.0,0,4.0,5,3
460485,0,0,18,0,8,9.0,2,5.0,2,2
467901,0,0,33,1,3,1.0,2,4.0,5,2
463713,1,0,30,0,2,9.0,2,3.0,3,4
464278,1,1,85,1,4,1.0,1,2.0,5,4
459595,0,1,36,1,0,4.0,1,7.0,5,3
461419,1,1,27,0,3,3.0,0,2.0,5,2
465767,1,0,28,0,5,0.0,2,5.0,3,2
460598,0,1,35,1,1,0.0,0,3.0,2,1
460714,1,0,26,1,3,1.0,2,3.0,5,4
461584,0,1,56,1,0,1.0,1,4.0,1,2
462066,0,0,26,1,0,13.0,2,2.0,5,2
463369,1,1,31,1,3,4.0,2,2.0,5,2
466586,1,0,21,0,5,0.0,2,2.0,5,4
464649,1,1,39,0,3,1.0,0,4.0,3,1
463209,0,0,51,1,0,0.0,2,1.0,5,3
466298,1,1,45,0,1,0.0,2,4.0,3,1
463904,1,1,77,1,4,1.0,2,1.0,5,4
462208,0,1,33,0,2,7.0,0,5.0,3,2
461755,1,0,29,0,0,1.0,2,3.0,1,1
466872,1,1,43,1,0,1.0,2,2.0,2,2
467104,0,0,18,0,5,1.0,2,3.0,5,4
463476,1,1,53,1,0,3.0,0,3.0,5,2
463953,1,1,28,1,3,3.0,0,3.0,6,2
462202,0,0,43,1,3,1.0,2,4.0,3,1
467830,1,0,31,1,3,1.0,2,3.0,5,4
461770,1,1,65,1,0,1.0,2,2.0,5,1
466525,1,1,33,1,0,0.0,0,2.0,5,2
462349,1,1,49,1,0,0.0,0,6.0,5,3
463964,1,0,33,0,5,1.0,2,4.0,5,3
459353,1,1,53,1,0,6.0,0,2.0,5,3
459709,0,1,47,1,0,7.0,0,4.0,5,3
461858,1,0,31,0,3,1.0,2,7.0,3,4
460450,1,1,52,1,4,1.0,1,4.0,3,2
460780,0,0,30,1,5,1.0,2,2.0,2,1
465105,1,1,69,0,4,9.0,0,2.0,5,2
460445,1,0,29,1,2,0.0,2,4.0,2,4
462961,0,1,56,0,2,1.0,0,5.0,5,2
463932,0,1,72,1,0,1.0,0,3.0,5,2
465651,1,0,30,0,2,1.0,2,4.0,5,4
463721,0,0,31,1,5,1.0,2,4.0,1,2
467369,1,0,41,1,0,2.0,2,3.0,5,1
461361,0,0,31,1,5,9.0,2,7.0,4,4
464793,0,1,26,0,8,7.0,1,3.0,3,1
459006,1,0,20,0,5,1.0,2,4.0,5,4
460204,1,1,41,1,0,4.0,2,4.0,5,1
466762,1,1,63,1,6,1.0,2,3.0,5,2
464318,1,1,88,1,4,1.0,2,1.0,5,4
465416,1,1,55,0,2,1.0,1,4.0,5,1
462117,1,0,32,1,3,1.0,2,2.0,5,4
460710,0,1,38,1,0,0.0,0,3.0,5,1
460098,0,1,62,1,2,1.0,2,1.0,2,2
465787,1,0,18,0,5,1.0,2,5.0,3,4
463365,1,1,67,0,4,1.0,1,2.0,5,4
464042,0,1,42,1,0,9.0,2,2.0,5,2
467627,0,0,45,1,2,0.0,2,1.0,5,1
464720,1,1,46,0,1,0.0,0,3.0,3,4
461123,1,0,20,0,5,2.0,2,4.0,3,4
465413,0,1,41,1,2,0.0,1,3.0,5,1
465126,0,1,35,0,2,7.0,0,4.0,3,1
465950,0,1,52,1,0,6.0,2,2.0,5,1
466734,0,1,63,1,0,1.0,0,4.0,5,2
466222,1,1,51,0,4,5.0,2,3.0,1,3
466142,0,1,29,1,3,0.0,0,2.0,5,1
467888,1,0,27,0,1,0.0,2,4.0,5,2
461992,0,0,37,1,1,1.0,2,1.0,3,1
459973,0,0,50,1,0,0.0,2,2.0,5,1
460695,1,1,74,1,7,1.0,2,1.0,5,1
464260,0,1,72,1,0,3.0,0,3.0,5,3
464140,0,1,83,1,7,1.0,1,2.0,5,2
465606,1,1,37,1,2,1.0,0,3.0,2,1
459050,0,0,19,0,5,0.0,2,3.0,5,4
462330,0,0,30,0,0,1.0,2,1.0,5,2
459940,0,0,46,1,2,1.0,2,2.0,0,2
466352,0,1,65,1,1,1.0,2,2.0,5,2
463558,0,1,88,1,7,1.0,0,2.0,5,3
460049,1,1,43,1,3,0.0,0,2.0,4,1
464148,1,1,50,1,4,9.0,1,3.0,1,3
465503,1,0,35,1,0,8.0,2,2.0,5,4
465082,1,1,67,1,7,0.0,2,1.0,2,1
459832,1,1,66,1,4,0.0,2,1.0,5,2
464609,0,0,39,1,0,3.0,2,2.0,5,3
466864,0,0,32,0,6,8.0,2,1.0,5,4
461458,0,0,40,1,0,6.0,2,1.0,5,2
459218,1,1,88,1,7,0.0,1,3.0,5,3
462860,1,0,30,1,5,8.0,2,5.0,5,4
462033,1,0,32,1,3,1.0,2,1.0,5,1
467695,1,1,43,0,8,1.0,2,2.0,6,4
463090,0,1,55,0,2,3.0,0,2.0,5,2
459219,0,1,47,1,0,0.0,0,3.0,5,3
466359,1,0,22,0,5,0.0,2,4.0,5,4
466088,0,0,31,0,5,0.0,2,7.0,5,2
462822,1,0,19,0,5,0.0,2,4.0,5,4
459076,1,1,69,0,1,0.0,0,2.0,5,3
463879,1,1,45,1,4,0.0,1,2.0,5,3
462827,0,0,22,0,1,1.0,2,3.0,2,1
461500,0,0,26,1,1,0.0,2,3.0,5,2
461553,1,0,39,1,0,1.0,2,3.0,6,1
467912,1,1,61,1,3,1.0,2,2.0,4,1
465029,0,1,74,0,7,1.0,1,2.0,5,3
460062,1,0,29,1,0,4.0,2,1.0,2,4
462863,1,0,29,1,6,5.0,2,1.0,5,4
460465,1,0,36,0,4,0.0,2,3.0,5,4
460335,0,0,63,1,1,0.0,2,2.0,5,2
466067,1,1,69,1,0,0.0,0,5.0,2,3
459807,1,1,81,1,7,1.0,2,1.0,5,1
463364,0,1,71,0,7,1.0,1,2.0,5,2
463599,0,0,31,0,5,10.0,2,2.0,2,3
462949,1,1,35,0,6,1.0,0,3.0,5,2
460275,0,0,52,1,0,6.0,2,1.0,5,1
462416,1,1,45,0,0,0.0,2,2.0,3,2
460846,0,0,19,0,8,1.0,2,4.0,5,4
459542,1,0,23,0,5,2.0,2,5.0,5,4
459080,1,1,77,0,7,0.0,2,2.0,5,4
463106,0,1,84,1,7,0.0,2,1.0,5,2
464728,1,1,47,0,3,1.0,1,4.0,3,4
466474,1,0,29,1,3,6.0,2,3.0,5,1
461711,0,0,35,1,0,8.0,2,3.0,1,1
460347,1,1,40,1,0,14.0,2,2.0,5,3
467689,1,0,35,0,5,1.0,2,1.0,5,4
460260,1,0,20,0,5,0.0,2,3.0,1,4
466344,1,0,43,1,3,0.0,2,2.0,1,1
466437,1,1,56,0,4,0.0,2,1.0,5,4
460423,0,1,53,1,0,3.0,2,1.0,6,1
459590,1,1,22,0,4,1.0,1,3.0,5,4
464668,1,1,32,0,5,1.0,1,4.0,3,4
463049,1,1,51,0,4,2.0,1,5.0,5,1
462407,1,1,37,0,1,2.0,0,4.0,5,1
459450,1,1,55,1,0,4.0,0,4.0,5,1
463255,1,0,42,1,3,3.0,2,2.0,5,1
462574,1,0,20,0,5,1.0,2,5.0,3,4
465761,0,0,42,1,0,12.0,2,2.0,3,1
467728,0,1,38,0,2,1.0,1,5.0,5,2
465841,0,0,52,1,2,3.0,2,1.0,5,1
460117,0,1,48,1,8,9.0,2,1.0,5,4
466619,1,1,37,1,3,5.0,0,2.0,5,3
461722,1,0,27,0,1,1.0,2,3.0,5,2
460898,1,1,48,0,0,3.0,0,4.0,5,2
463627,0,0,25,1,8,5.0,2,2.0,3,4
460403,0,0,56,1,1,3.0,2,1.0,5,1
459818,0,1,68,0,7,1.0,2,1.0,5,4
463732,1,0,21,0,5,0.0,2,4.0,5,4
467112,1,0,43,1,0,1.0,2,2.0,1,2
459902,1,1,52,1,7,8.0,1,2.0,5,3
463233,1,1,50,0,4,0.0,0,5.0,5,2
467721,1,0,41,1,3,0.0,2,1.0,3,4
465915,1,1,40,1,3,8.0,0,2.0,5,2
464506,1,0,32,1,5,8.0,2,2.0,3,4
460624,1,1,57,1,6,5.0,1,2.0,5,1
462020,0,0,25,1,0,13.0,2,2.0,5,3
464320,1,1,74,0,7,0.0,1,2.0,5,1
461561,0,1,46,1,0,0.0,0,2.0,5,3
465953,0,0,50,1,0,1.0,2,1.0,5,4
463309,1,1,50,1,0,0.0,0,2.0,2,2
459134,0,1,69,1,7,0.0,1,2.0,5,3
464195,1,0,29,1,0,0.0,2,1.0,5,1
466504,1,1,38,0,4,9.0,1,5.0,5,2
466792,0,1,82,0,7,0.0,2,1.0,5,1
463837,0,1,50,0,2,0.0,2,3.0,6,2
465384,1,1,56,1,0,0.0,1,2.0,5,2
462050,1,0,19,0,5,4.0,2,3.0,1,4
465268,1,1,29,0,4,12.0,2,3.0,5,2
461370,1,0,26,1,1,1.0,2,3.0,5,4
464225,0,0,31,0,1,1.0,2,5.0,2,3
466665,1,1,42,1,0,0.0,0,2.0,5,1
462290,0,0,33,1,1,1.0,2,1.0,5,2
459326,1,1,35,0,5,1.0,2,5.0,5,4
464926,0,1,46,0,2,0.0,1,3.0,3,1
460343,0,0,67,1,0,0.0,2,2.0,5,2
463626,0,0,35,0,0,7.0,2,2.0,5,4
464266,1,0,28,0,1,8.0,2,3.0,5,1
464491,0,0,43,0,1,8.0,2,1.0,3,4
463440,0,1,73,1,0,0.0,0,3.0,0,3
463602,0,0,21,0,5,8.0,2,4.0,5,4
464706,0,0,32,0,1,1.0,2,3.0,3,4
460313,1,0,32,1,0,13.0,2,3.0,5,1
465497,1,0,25,0,6,14.0,2,3.0,4,1
465846,0,0,40,1,0,5.0,2,1.0,5,1
463374,0,0,19,0,5,0.0,2,3.0,5,4
462704,1,1,48,1,4,5.0,1,5.0,5,2
462160,0,0,36,1,0,3.0,2,3.0,5,3
461365,1,0,27,0,5,1.0,2,3.0,5,4
464205,0,1,82,0,3,0.0,1,2.0,5,2
459294,1,0,23,0,5,9.0,2,4.0,5,4
460318,1,0,30,1,3,14.0,2,3.0,5,4
467967,1,0,30,1,3,8.0,2,4.0,5,1
461797,1,0,30,1,5,1.0,2,3.0,5,4
462980,1,0,28,1,3,1.0,2,5.0,5,3
462361,1,1,60,1,0,0.0,2,2.0,3,1
461855,0,1,52,1,0,1.0,0,2.0,5,3
467522,0,0,19,0,5,0.0,2,2.0,5,4
463327,1,1,40,0,4,1.0,2,5.0,4,4
459824,1,0,38,1,3,8.0,2,1.0,5,4
461051,0,1,71,1,3,1.0,0,2.0,5,2
461142,0,0,40,1,2,1.0,2,3.0,2,2
461521,1,1,68,1,0,0.0,1,2.0,5,2
467792,1,0,21,0,5,0.0,2,4.0,5,4
464654,0,1,39,0,2,1.0,0,4.0,3,2
459111,1,1,41,1,4,0.0,2,4.0,5,2
466473,0,0,22,0,5,0.0,2,3.0,1,4
460046,0,1,49,1,0,3.0,2,2.0,5,2
466698,0,1,26,1,5,8.0,2,2.0,2,4
459927,0,0,27,0,2,0.0,2,2.0,2,4
467057,0,0,50,0,3,8.0,2,2.0,5,1
466052,0,1,37,1,6,5.0,2,2.0,3,4
464210,1,0,43,1,8,0.0,2,2.0,5,1
465873,1,0,35,1,3,13.0,2,1.0,5,4
459802,0,1,50,1,0,1.0,2,1.0,5,3
464817,1,0,31,1,0,7.0,2,1.0,3,1
460845,0,0,20,0,5,0.0,2,2.0,5,4
459072,1,1,66,1,3,1.0,0,2.0,5,3
465694,1,1,37,1,5,1.0,0,2.0,3,1
466381,1,1,52,1,0,2.0,0,2.0,5,3
460947,1,1,45,1,4,7.0,1,5.0,5,3
467338,0,0,27,1,5,2.0,2,6.0,5,4
467189,0,1,46,1,0,1.0,1,4.0,5,3
466456,0,1,43,0,1,9.0,2,1.0,1,1
463805,0,0,32,0,1,8.0,2,6.0,5,3
462427,1,1,87,1,7,9.0,2,4.0,5,3
466906,1,0,59,1,0,1.0,2,2.0,5,2
461842,1,1,63,1,0,1.0,0,3.0,5,3
462400,1,0,47,1,0,0.0,2,1.0,5,2
466598,0,1,45,1,0,9.0,2,2.0,5,3
466940,1,1,79,0,7,0.0,2,1.0,5,4
461754,1,1,65,0,3,1.0,1,2.0,5,2
461376,0,0,38,1,5,0.0,2,2.0,5,2
462025,1,0,20,0,5,2.0,2,3.0,3,4
465720,0,1,36,1,0,1.0,2,2.0,5,3
466354,1,0,22,0,5,0.0,2,4.0,5,4
463857,1,1,56,0,5,0.0,1,4.0,6,2
465849,0,0,32,1,1,5.0,2,3.0,3,1
464100,0,0,33,1,5,1.0,2,1.0,5,4
461444,0,1,68,1,0,1.0,1,2.0,5,3
464711,0,1,38,1,0,7.0,0,3.0,0,2
465349,0,1,49,1,0,0.0,1,4.0,5,3
463407,0,0,33,0,1,0.0,2,1.0,2,4
466632,0,1,57,1,0,1.0,1,2.0,5,3
464641,0,1,65,1,7,2.0,2,6.0,0,4
462154,1,1,36,1,3,0.0,0,2.0,5,3
464754,0,1,43,0,2,4.0,0,7.0,3,1
460167,0,0,18,0,3,1.0,2,5.0,1,3
461987,0,1,43,0,2,1.0,0,2.0,5,2
463259,1,1,75,1,7,0.0,2,1.0,5,1
461628,1,1,39,1,5,11.0,0,2.0,5,2
459126,1,1,61,1,0,2.0,2,2.0,5,2
465143,1,0,26,1,2,0.0,2,5.0,3,3
460860,1,1,52,1,0,7.0,0,4.0,5,2
467629,1,1,50,1,0,1.0,2,1.0,5,2
461720,0,0,51,1,0,1.0,2,1.0,3,2
460086,1,1,50,0,0,1.0,0,3.0,5,3
465832,1,1,53,1,4,9.0,1,5.0,3,2
467070,1,1,40,0,4,5.0,2,4.0,5,4
463541,0,0,26,0,5,0.0,2,3.0,4,2
462431,1,0,32,0,3,9.0,2,4.0,5,1
461387,0,0,22,0,5,5.0,2,3.0,1,4
461693,0,1,36,1,0,1.0,0,4.0,5,2
466010,0,1,69,0,1,0.0,2,1.0,2,1
465674,0,0,39,1,3,1.0,2,2.0,3,1
459405,0,1,81,0,1,0.0,1,2.0,5,1
465989,0,0,28,0,5,9.0,2,2.0,5,4
465598,1,0,28,1,5,6.0,2,5.0,1,4
466093,1,0,52,1,3,1.0,2,5.0,3,2
462773,0,1,40,1,0,4.0,0,5.0,5,2
465763,0,1,37,0,0,0.0,0,2.0,3,4
462958,1,0,26,0,8,1.0,2,5.0,5,4
467056,0,0,31,0,6,8.0,2,1.0,5,1
461990,0,1,68,1,7,0.0,2,2.0,5,3
464480,1,1,42,1,0,1.0,0,3.0,5,3
461318,0,1,56,1,0,1.0,0,6.0,4,3
467398,1,1,37,0,3,1.0,2,2.0,5,1
464222,1,1,58,1,0,1.0,2,1.0,5,4
465427,1,0,33,1,0,7.0,2,1.0,5,1
460652,0,0,31,0,6,8.0,2,1.0,3,4
463642,0,0,27,1,5,0.0,2,3.0,1,2
462672,1,0,25,0,5,7.0,2,4.0,3,4
466112,1,1,51,1,3,1.0,0,2.0,5,2
459831,1,1,37,0,2,8.0,0,3.0,3,4
463027,1,1,69,1,4,1.0,0,4.0,5,2
462467,0,1,45,0,1,1.0,2,1.0,5,1
461469,1,1,38,1,0,0.0,2,2.0,5,3
467051,0,0,19,0,5,0.0,2,4.0,5,4
465928,0,0,32,1,5,6.0,2,3.0,5,4
462491,1,0,31,1,0,1.0,2,5.0,5,3
460642,1,0,19,0,5,13.0,2,3.0,2,4
460988,1,1,41,1,3,0.0,0,3.0,3,3
461108,1,0,21,0,5,1.0,2,4.0,2,4
463329,1,0,23,0,5,0.0,2,6.0,2,4
466153,1,1,65,0,3,0.0,0,2.0,5,3
467027,1,0,31,0,4,4.0,2,5.0,0,4
466710,0,1,73,0,0,1.0,1,2.0,5,3
465616,1,1,42,1,1,9.0,2,2.0,5,3
463173,1,0,47,1,0,0.0,2,1.0,2,2
465779,0,0,19,0,5,0.0,2,5.0,1,4
465826,1,1,45,0,4,3.0,2,9.0,3,4
463575,0,0,28,1,3,0.0,2,3.0,5,4
466075,0,1,50,1,2,1.0,0,4.0,3,2
461723,1,0,26,1,5,8.0,2,2.0,5,3
460783,1,1,82,1,7,0.0,2,1.0,5,2
465962,1,1,33,1,5,0.0,2,2.0,6,1
462781,1,0,50,0,8,1.0,2,2.0,6,3
466020,1,1,83,0,7,0.0,2,1.0,5,4
461502,0,0,37,1,0,9.0,2,1.0,5,2
463280,1,1,37,1,0,6.0,0,2.0,2,1
466936,1,1,55,0,7,1.0,1,3.0,5,3
460552,1,1,61,1,0,0.0,2,2.0,2,3
459345,0,1,39,1,0,3.0,2,1.0,5,2
464256,1,1,40,1,0,0.0,2,2.0,5,3
467097,1,1,55,1,0,2.0,2,1.0,5,2
462571,1,1,50,1,5,1.0,0,1.0,5,4
463765,1,0,26,1,1,13.0,2,3.0,5,4
460152,0,0,53,1,0,1.0,2,1.0,5,3
459587,0,0,32,1,0,7.0,2,3.0,5,1
460995,0,0,31,1,8,0.0,2,1.0,5,4
465426,1,0,30,0,5,0.0,2,4.0,5,2
461452,0,0,31,1,1,0.0,2,4.0,2,1
460797,1,1,47,1,0,4.0,2,1.0,2,1
466618,1,1,49,1,0,3.0,0,2.0,5,3
462168,1,1,37,1,4,1.0,1,3.0,5,2
465338,1,1,47,1,0,13.0,0,4.0,5,3
463501,1,1,52,1,4,0.0,1,2.0,5,3
459726,1,1,79,0,7,0.0,1,2.0,5,2
463516,1,1,47,0,4,1.0,1,6.0,5,3
463359,1,0,23,0,5,1.0,2,4.0,5,4
463488,0,0,29,0,2,9.0,2,4.0,3,1
465872,0,0,33,1,2,10.0,2,1.0,5,1
460588,1,0,21,0,5,0.0,2,4.0,2,4
460236,1,0,18,0,5,8.0,2,4.0,5,4
460802,1,1,70,1,7,0.0,1,2.0,5,3
459467,0,1,56,1,0,0.0,0,2.0,5,3
466953,1,1,42,1,0,2.0,0,2.0,5,2
459086,0,0,28,0,5,1.0,2,2.0,5,2
460827,1,1,81,1,7,9.0,2,1.0,5,4
464272,1,0,30,1,0,9.0,2,2.0,5,1
461063,1,1,53,0,7,0.0,2,2.0,5,4
467302,1,0,26,1,4,9.0,2,4.0,5,4
461935,1,1,51,1,0,1.0,2,3.0,5,3
459089,1,0,19,0,0,9.0,2,7.0,6,2
462365,1,1,75,1,7,0.0,1,2.0,5,2
459628,0,1,51,1,2,0.0,2,1.0,5,1
467332,0,1,70,1,6,3.0,2,2.0,5,2
460443,0,0,38,1,1,0.0,2,1.0,5,1
462195,0,0,21,0,5,0.0,2,4.0,3,4
466228,1,1,80,0,7,0.0,2,1.0,3,2
467589,1,0,33,0,3,1.0,2,1.0,5,4
466107,1,1,48,1,3,1.0,0,6.0,5,3
466452,0,0,33,1,2,0.0,2,3.0,0,4
467074,0,0,31,0,5,1.0,2,4.0,5,3
464233,0,1,48,1,0,1.0,0,2.0,5,3
462225,1,1,49,0,2,1.0,0,8.0,3,4
465970,0,1,38,0,0,1.0,2,1.0,5,2
460094,0,0,39,1,0,0.0,2,1.0,2,1
467428,0,1,46,1,3,2.0,0,2.0,5,2
465623,1,1,41,1,0,8.0,0,2.0,5,3
467516,0,1,31,0,0,0.0,1,3.0,3,1
462975,1,1,37,1,3,8.0,0,2.0,5,3
462389,0,1,58,0,2,1.0,2,1.0,5,2
461556,0,1,49,1,2,1.0,0,2.0,5,1
465964,0,1,47,0,8,2.0,2,1.0,5,4
460724,1,0,30,1,5,1.0,2,4.0,5,4
466787,0,1,33,1,1,0.0,2,2.0,5,1
467256,1,0,33,0,5,0.0,2,4.0,1,2
466742,1,1,45,0,1,8.0,2,2.0,2,1
466017,0,1,45,1,6,1.0,2,1.0,2,2
459679,0,0,21,0,3,1.0,2,4.0,5,4
465930,0,0,36,1,0,9.0,2,2.0,5,1
460175,0,0,28,0,0,0.0,2,5.0,1,3
466725,0,1,89,0,7,0.0,1,2.0,5,1
465095,1,1,48,1,4,1.0,1,4.0,5,3
465452,1,1,47,0,3,0.0,1,5.0,5,3
463213,0,0,18,0,5,3.0,2,4.0,5,4
467653,1,1,58,1,7,2.0,1,2.0,5,3
463218,1,1,42,0,3,9.0,0,3.0,5,1
461289,1,0,22,0,5,0.0,2,3.0,5,4
459983,0,1,50,1,0,2.0,2,1.0,5,2
462363,1,1,73,0,4,0.0,1,2.0,5,4
461509,1,1,40,1,0,1.0,0,3.0,5,2
464064,0,1,39,0,1,0.0,2,2.0,5,2
460545,1,1,83,0,7,0.0,1,3.0,2,4
459303,1,1,55,1,0,0.0,2,1.0,5,2
462635,1,1,42,0,2,5.0,0,4.0,3,1
464456,1,1,27,1,0,1.0,2,4.0,5,3
465106,1,1,53,1,4,1.0,1,2.0,5,3
467605,0,1,40,1,2,1.0,0,7.0,5,1
466116,1,1,62,1,0,0.0,0,9.0,2,3
467176,1,0,27,0,5,1.0,2,3.0,2,1
459400,0,1,84,0,7,0.0,1,2.0,5,2
460320,1,0,26,0,0,11.0,2,4.0,5,3
466454,1,0,33,1,3,1.0,2,1.0,5,1
467028,1,0,27,1,0,0.0,2,1.0,5,4
464827,0,1,46,0,3,9.0,0,5.0,3,4
464501,0,0,25,0,5,1.0,2,3.0,5,1
463715,0,0,32,0,0,3.0,2,4.0,5,3
461028,0,0,21,0,5,6.0,2,4.0,3,4
466766,1,1,73,1,7,1.0,1,4.0,5,3
462475,1,1,35,1,0,0.0,0,2.0,5,2
465770,1,0,52,1,0,1.0,2,1.0,5,2
466823,1,1,40,1,0,1.0,2,2.0,5,2
467083,0,1,88,1,7,1.0,1,2.0,5,1
464080,0,0,41,1,0,1.0,2,2.0,5,3
466503,1,1,45,1,0,7.0,0,5.0,5,2
461847,1,1,41,0,3,0.0,2,4.0,5,1
461447,1,1,75,1,7,0.0,1,2.0,5,3
459982,1,0,39,1,3,9.0,2,2.0,5,1
463316,0,1,89,0,7,0.0,1,2.0,5,1
466758,1,1,45,1,1,0.0,2,1.0,5,1
464307,0,1,50,1,0,1.0,0,2.0,5,3
461344,1,1,43,0,5,6.0,1,2.0,6,2
463353,1,1,50,1,4,4.0,0,4.0,1,2
464324,1,1,76,1,7,1.0,2,1.0,2,4
459288,1,1,41,1,0,1.0,2,2.0,5,1
460050,1,1,50,1,3,3.0,2,2.0,5,1
464994,1,1,56,1,4,8.0,1,5.0,5,3
464903,1,1,28,0,3,0.0,0,2.0,3,1
463165,0,1,72,1,1,1.0,0,2.0,5,1
465981,1,0,28,0,0,0.0,2,2.0,5,1
465281,0,1,27,1,0,8.0,0,2.0,5,3
463781,0,0,32,0,5,2.0,2,4.0,3,4
466569,0,0,20,0,1,9.0,2,4.0,5,1
466547,1,1,45,1,4,1.0,2,5.0,5,2
464631,1,0,59,1,0,1.0,2,2.0,5,3
465957,0,0,46,1,8,1.0,2,1.0,5,4
459848,1,1,46,1,0,1.0,0,3.0,5,3
461642,1,0,41,1,0,9.0,2,2.0,5,1
467259,1,1,70,1,7,1.0,1,2.0,5,2
463439,1,1,42,1,0,9.0,0,3.0,5,2
464764,0,1,60,0,2,1.0,1,9.0,3,1
467073,1,0,37,1,2,9.0,2,1.0,5,4
460480,1,0,18,0,5,0.0,2,7.0,2,4
464419,1,1,52,1,0,1.0,0,3.0,5,3
463686,0,0,32,0,0,2.0,2,4.0,1,1
459411,1,1,74,0,7,8.0,2,1.0,5,1
463774,1,1,29,1,5,1.0,0,2.0,5,1
463671,1,1,37,1,3,0.0,0,3.0,5,3
466986,1,1,45,0,3,1.0,0,3.0,5,2
465508,1,0,22,0,5,1.0,2,4.0,5,4
465351,0,1,51,1,0,8.0,0,2.0,5,2
464001,1,1,59,1,0,0.0,0,2.0,5,3
459483,1,1,55,1,0,1.0,0,2.0,6,1
466013,1,0,22,0,5,2.0,2,3.0,3,4
466490,0,1,84,0,7,0.0,1,2.0,5,2
463665,1,1,50,1,3,0.0,0,3.0,5,3
463459,1,1,73,1,0,5.0,1,3.0,5,3
462756,0,0,23,0,2,1.0,2,4.0,5,2
463915,0,0,21,1,5,0.0,2,5.0,1,4
463543,1,0,18,0,5,1.0,2,4.0,5,4
462768,1,1,46,1,0,0.0,0,3.0,5,2
461876,1,0,32,1,3,9.0,2,2.0,5,4
462135,0,0,36,1,5,6.0,2,3.0,1,4
458998,1,1,37,0,1,9.0,2,2.0,5,4
466432,1,0,42,1,3,1.0,2,1.0,6,1
460389,0,1,42,1,5,9.0,0,2.0,5,4
460663,0,0,33,0,6,9.0,2,1.0,5,4
467771,0,1,59,1,0,0.0,0,5.0,5,3
462084,1,1,70,1,0,1.0,2,1.0,5,2
463621,1,1,53,0,3,1.0,2,1.0,5,1
467021,0,1,80,0,7,1.0,1,2.0,5,4
467563,1,1,39,1,0,0.0,0,2.0,1,3
467306,0,1,58,1,0,0.0,0,5.0,5,3
464865,0,0,30,0,6,8.0,2,9.0,3,1
463585,0,0,23,0,5,0.0,2,3.0,5,4
466186,1,1,59,1,0,9.0,0,4.0,5,3
459619,0,1,56,1,1,0.0,2,2.0,5,4
466699,0,1,40,1,0,8.0,2,1.0,5,2
465517,0,1,68,1,0,1.0,2,2.0,5,1
459237,1,0,29,1,0,1.0,2,6.0,5,1
461757,0,1,55,1,0,1.0,0,3.0,5,3
466309,1,0,21,0,5,1.0,2,4.0,5,4
466532,0,0,19,0,2,1.0,2,4.0,5,4
460832,0,1,41,0,5,1.0,0,4.0,5,4
461531,1,0,41,1,0,4.0,2,1.0,2,1
467304,1,0,33,0,1,1.0,2,2.0,2,3
461463,1,0,41,1,0,6.0,2,1.0,2,2
464566,1,1,35,1,4,0.0,1,4.0,5,1
462070,1,1,41,1,3,9.0,0,2.0,5,2
466554,1,0,26,0,5,0.0,2,3.0,5,4
462793,1,1,42,0,4,3.0,1,5.0,5,2
465657,0,1,53,1,0,0.0,0,2.0,5,3
460530,0,1,33,1,3,3.0,0,3.0,3,4
464045,1,1,39,1,0,0.0,2,2.0,5,3
462905,0,0,25,0,0,6.0,2,3.0,5,3
466254,1,0,40,1,3,0.0,2,2.0,1,1
460617,0,0,22,0,5,0.0,2,4.0,2,4
465468,0,1,37,1,0,1.0,0,2.0,5,3
466125,0,1,65,1,0,0.0,2,2.0,5,2
465207,1,1,49,1,0,0.0,0,2.0,5,3
463332,0,1,38,1,2,1.0,2,2.0,5,3
459924,0,1,65,1,0,0.0,0,2.0,5,3
466375,1,1,52,1,3,1.0,2,4.0,1,3
462951,1,1,73,1,7,2.0,2,1.0,5,4
465654,0,0,48,1,2,1.0,2,1.0,5,2
460987,1,0,25,1,1,8.0,2,2.0,5,4
461681,1,0,31,1,5,9.0,2,3.0,6,4
462820,1,0,25,0,3,8.0,2,9.0,5,3
467525,1,0,20,0,5,0.0,2,4.0,5,4
465876,1,0,25,0,4,0.0,2,3.0,5,1
464199,1,1,25,1,0,8.0,2,2.0,6,1
462746,1,0,29,0,3,1.0,2,3.0,5,2
463261,0,1,72,0,3,7.0,0,3.0,5,2
467548,1,1,48,1,0,0.0,1,2.0,5,2
460924,1,0,28,0,1,1.0,2,5.0,1,4
463368,0,1,42,1,0,3.0,1,3.0,1,3
459957,0,1,32,1,0,8.0,2,3.0,5,1
459191,1,1,49,1,0,0.0,2,1.0,5,2
462479,0,1,55,1,0,1.0,0,2.0,5,3
466570,0,1,40,1,0,0.0,0,3.0,5,1
459407,0,0,37,1,1,0.0,2,3.0,5,1
467331,1,0,27,0,5,3.0,2,4.0,5,4
463377,0,1,32,1,6,4.0,1,2.0,2,2
467456,1,1,36,0,4,7.0,1,4.0,5,1
464029,1,0,18,0,3,1.0,2,4.0,5,4
466056,0,0,36,1,0,1.0,2,1.0,3,2
465002,0,1,88,1,7,1.0,1,2.0,5,3
459961,1,1,51,1,0,8.0,2,3.0,1,1
466109,1,1,51,1,3,1.0,0,4.0,5,2
461543,1,0,31,0,0,3.0,2,2.0,5,1
459502,0,1,47,1,0,1.0,0,3.0,5,3
461942,1,0,29,1,5,0.0,2,6.0,5,4
459872,1,1,68,0,3,4.0,0,2.0,5,1
467040,1,0,32,1,1,0.0,2,4.0,2,4
465079,1,1,75,1,7,1.0,2,1.0,5,1
467697,0,0,39,1,5,0.0,2,1.0,5,1
466555,1,0,18,0,5,1.0,2,3.0,5,4
463457,0,1,42,1,0,2.0,0,2.0,5,2
462653,1,1,48,1,4,0.0,0,4.0,3,1
461390,0,1,70,1,0,0.0,1,2.0,5,3
460217,1,1,45,1,0,1.0,0,2.0,5,2
463684,0,0,29,1,5,0.0,2,4.0,5,1
463764,1,1,50,1,3,1.0,0,3.0,5,3
465310,0,0,22,0,5,0.0,2,6.0,3,4
462489,1,1,46,1,0,0.0,2,2.0,5,3
459737,0,1,81,1,7,8.0,1,2.0,5,3
465357,0,1,49,1,0,1.0,0,3.0,5,3
461747,1,1,66,1,0,1.0,1,2.0,5,2
464323,0,0,29,1,0,12.0,2,1.0,5,1
467248,0,1,86,1,7,0.0,1,2.0,5,3
463265,1,1,70,1,0,1.0,0,3.0,5,3
459946,0,1,36,1,0,1.0,0,2.0,5,2
463161,1,0,35,1,0,1.0,2,2.0,2,1
460790,0,1,42,1,0,0.0,1,2.0,1,3
460864,0,0,20,0,0,0.0,2,3.0,5,4
461039,0,1,27,0,2,1.0,0,9.0,2,4
460299,1,1,56,1,0,4.0,2,1.0,5,2
462378,1,1,67,0,0,1.0,2,1.0,5,2
463081,0,1,51,1,0,0.0,2,1.0,5,2
460923,1,1,49,1,0,1.0,0,3.0,5,3
462120,1,1,51,0,0,1.0,2,3.0,2,1
463980,0,0,26,1,0,1.0,2,9.0,5,3
466695,0,1,31,1,3,1.0,2,1.0,5,1
465833,1,1,43,0,4,1.0,1,3.0,3,1
467490,1,1,59,0,4,7.0,0,5.0,5,2
459765,0,0,35,1,2,4.0,2,1.0,5,1
464561,0,0,48,1,3,9.0,2,2.0,5,1
459409,0,1,88,1,7,1.0,1,2.0,5,2
462864,0,0,30,1,5,12.0,2,6.0,5,4
461009,0,0,22,0,5,6.0,2,3.0,2,4
459117,1,1,66,1,0,1.0,1,2.0,5,3
464131,0,1,81,0,2,0.0,1,2.0,5,2
464079,0,1,36,0,1,14.0,0,2.0,5,1
465375,0,0,50,1,2,1.0,2,1.0,5,2
461637,1,1,51,1,0,1.0,2,2.0,6,2
459252,1,1,66,1,7,0.0,1,3.0,5,1
461438,0,1,39,1,2,8.0,0,2.0,5,3
463956,0,0,28,0,3,0.0,2,5.0,1,4
459892,0,1,50,1,0,1.0,2,1.0,5,1
463148,1,1,60,1,8,1.0,1,5.0,5,3
460862,1,1,52,0,3,1.0,0,4.0,2,2
460382,1,1,32,0,8,4.0,2,3.0,5,4
461650,0,1,42,1,1,0.0,2,1.0,3,2
467501,1,0,48,1,3,1.0,2,2.0,5,4
467319,1,0,26,1,6,8.0,2,2.0,5,1
459604,0,0,21,0,5,0.0,2,7.0,2,4
463554,0,0,53,0,0,7.0,2,1.0,5,3
467652,1,0,32,1,1,0.0,2,3.0,5,4
465298,0,1,56,1,1,1.0,0,2.0,2,3
462494,0,0,36,1,0,8.0,2,4.0,2,4
467344,1,1,83,1,7,0.0,2,2.0,5,2
463442,1,1,42,1,4,1.0,2,2.0,5,4
464360,1,1,62,1,4,0.0,1,2.0,5,2
462505,1,1,40,0,4,0.0,2,4.0,3,4
459914,1,0,38,1,0,2.0,2,1.0,3,4
461255,1,0,18,0,5,1.0,2,5.0,3,4
462360,0,1,62,1,0,3.0,2,2.0,5,3
466571,1,0,23,0,5,1.0,2,4.0,5,4
464575,1,0,42,1,0,8.0,2,1.0,5,1
465650,0,0,32,0,8,0.0,2,4.0,5,1
464640,0,0,28,0,8,0.0,2,5.0,3,1
465216,1,1,35,1,4,8.0,1,4.0,5,3
463927,0,0,53,1,2,1.0,2,2.0,5,1
460265,1,1,52,1,4,1.0,1,4.0,5,2
464178,1,0,29,1,1,3.0,2,3.0,3,1
461586,1,0,36,1,0,6.0,2,3.0,1,2
461764,0,0,41,1,0,0.0,2,1.0,5,1
459297,1,1,72,1,4,0.0,1,4.0,5,3
459548,0,1,50,1,2,1.0,2,2.0,5,1
463452,0,1,79,1,7,0.0,1,2.0,5,3
467767,0,0,23,0,8,4.0,2,4.0,5,4
465927,0,0,25,1,5,0.0,2,1.0,5,4
465857,0,0,40,1,1,1.0,2,1.0,5,2
460581,1,1,27,1,5,2.0,0,2.0,2,1
459501,0,1,62,1,0,4.0,0,7.0,6,1
466670,1,1,29,1,5,2.0,0,2.0,1,2
460678,0,0,31,0,1,6.0,2,2.0,2,1
460230,1,0,28,1,5,1.0,2,4.0,5,3
463653,0,0,26,1,0,1.0,2,5.0,5,1
463726,0,0,33,0,5,1.0,2,3.0,5,2
467249,0,0,43,1,8,1.0,2,1.0,5,4
465533,0,1,50,1,3,0.0,0,4.0,1,2
462297,0,0,29,1,0,14.0,2,2.0,5,2
460596,1,0,29,0,2,0.0,2,5.0,2,1
467709,0,1,37,1,0,5.0,2,2.0,5,4
467413,0,1,75,1,7,2.0,1,4.0,5,2
464672,1,0,19,0,3,0.0,2,6.0,3,1
465807,0,0,42,1,0,1.0,2,1.0,2,2
466529,0,1,28,1,1,0.0,0,2.0,1,1
464434,1,1,45,1,0,0.0,0,4.0,5,2
464802,1,0,40,0,3,1.0,2,1.0,3,1
467643,1,0,42,1,0,12.0,2,1.0,2,1
461977,0,0,49,1,0,3.0,2,1.0,5,3
464520,1,1,46,0,3,8.0,2,2.0,5,4
464484,1,1,29,1,0,1.0,0,3.0,2,2
465391,0,1,72,1,7,0.0,1,2.0,5,1
460611,1,0,26,1,5,0.0,2,3.0,2,3
466159,0,1,50,1,2,2.0,0,3.0,5,3
463623,1,0,33,1,1,0.0,2,3.0,5,3
463594,0,1,35,1,0,7.0,0,2.0,5,3
465118,0,1,51,1,0,1.0,0,6.0,5,3
460761,1,1,52,1,3,0.0,0,6.0,3,3
459132,1,0,20,0,3,5.0,2,2.0,5,4
461265,1,0,33,0,8,1.0,2,6.0,3,4
463446,1,1,58,1,0,0.0,0,3.0,2,3
460591,0,1,38,1,1,1.0,2,4.0,2,1
464139,0,0,27,0,5,14.0,2,1.0,5,4
466433,1,1,43,1,3,8.0,2,2.0,5,2
459023,0,0,18,0,5,0.0,2,5.0,5,4
466476,0,0,29,0,5,0.0,2,3.0,5,4
460090,1,1,86,0,7,2.0,0,2.0,5,1
461016,1,0,32,0,5,7.0,2,5.0,2,4
464630,0,1,52,0,2,0.0,2,6.0,3,1
462464,1,1,53,1,0,1.0,0,4.0,5,3
459026,1,0,29,0,5,9.0,2,3.0,2,4
464376,1,1,58,1,0,2.0,2,1.0,5,1
467478,0,1,39,1,0,0.0,0,4.0,5,3
463094,1,1,40,1,2,12.0,0,3.0,5,1
463257,0,0,23,0,5,3.0,2,5.0,5,4
465060,0,1,79,1,7,14.0,1,3.0,5,3
461696,0,1,70,1,7,0.0,1,2.0,5,2
466130,0,0,27,0,0,0.0,2,6.0,5,4
460498,1,1,47,0,4,1.0,1,2.0,2,2
459248,1,1,58,1,4,3.0,0,4.0,2,2
462620,1,1,40,0,2,6.0,0,5.0,3,4
462657,1,1,35,1,4,1.0,0,2.0,5,1
467822,1,1,31,1,5,0.0,2,2.0,5,3
460876,0,1,43,1,0,1.0,1,4.0,2,3
461395,1,0,21,0,1,4.0,2,3.0,1,4
460731,0,0,29,1,0,1.0,2,3.0,5,3
463582,0,0,18,0,5,1.0,2,3.0,5,4
461423,1,0,28,1,0,0.0,2,3.0,3,2
460879,0,0,27,1,5,0.0,2,4.0,5,3
467376,0,1,47,1,1,8.0,0,2.0,5,3
463701,1,1,52,1,8,1.0,1,4.0,5,3
466667,0,0,42,0,8,5.0,2,2.0,5,4
464345,0,1,57,1,0,2.0,1,3.0,5,3
467889,1,1,61,1,4,0.0,1,2.0,5,3
461709,1,0,33,1,0,0.0,2,3.0,3,3
463515,0,1,41,1,0,11.0,0,4.0,5,3
460080,0,0,39,1,1,9.0,2,3.0,5,1
460375,1,0,40,1,1,4.0,2,2.0,5,3
466364,0,1,52,1,0,1.0,2,3.0,1,3
460896,1,0,43,1,0,0.0,2,1.0,2,1
460702,0,0,51,1,0,0.0,2,1.0,5,2
466001,0,1,36,1,3,6.0,2,2.0,5,2
465738,1,1,38,1,3,8.0,2,2.0,2,2
460804,0,0,30,1,0,0.0,2,5.0,1,1
464426,1,0,39,1,8,1.0,2,4.0,2,4
465880,0,0,46,1,3,1.0,2,2.0,5,1
461342,1,1,43,0,4,3.0,1,4.0,5,2
459078,1,1,70,1,7,0.0,1,2.0,5,2
460396,0,1,41,1,3,9.0,2,1.0,6,4
461098,0,1,39,1,2,1.0,2,1.0,2,1
463076,0,0,51,1,0,0.0,2,2.0,5,3
460976,1,0,20,0,5,1.0,2,4.0,5,4
460399,1,0,26,1,8,10.0,2,1.0,5,4
460449,1,0,31,0,8,4.0,2,1.0,2,4
463807,0,0,33,1,5,0.0,2,3.0,3,2
463263,0,1,70,1,2,0.0,1,2.0,5,2
462608,0,0,71,0,2,1.0,2,1.0,3,1
465495,1,1,29,1,2,5.0,2,2.0,3,1
461244,0,0,41,0,8,1.0,2,1.0,5,4
459173,1,1,55,1,0,1.0,0,2.0,5,3
465795,1,0,29,0,3,1.0,2,4.0,3,3
467345,1,1,76,1,7,1.0,2,1.0,5,1
462220,0,0,18,0,5,7.0,2,3.0,3,4
465737,0,1,49,1,2,6.0,2,3.0,2,4
459423,1,0,19,0,5,9.0,2,5.0,5,4
464445,1,1,81,1,4,1.0,1,3.0,5,3
461378,0,0,35,1,0,9.0,2,1.0,5,2
462286,1,1,59,0,1,0.0,0,2.0,5,2
463678,0,0,32,0,5,1.0,2,5.0,3,2
465714,0,1,63,1,0,1.0,2,1.0,1,3
466312,0,0,21,0,5,0.0,2,3.0,3,4
459697,0,1,77,0,7,0.0,1,3.0,5,1
460057,1,0,36,1,0,2.0,2,1.0,5,3
464960,0,0,22,0,5,0.0,2,5.0,3,4
459064,1,1,26,0,4,5.0,1,4.0,5,4
461277,1,1,82,1,7,7.0,2,1.0,5,1
463403,1,0,18,0,5,2.0,2,4.0,5,4
463863,1,1,35,1,0,0.0,0,2.0,5,3
467064,1,1,36,0,1,0.0,0,2.0,6,1
467856,1,1,59,1,0,1.0,2,2.0,5,1
462251,1,1,61,0,0,0.0,0,2.0,5,3
465372,0,0,37,1,3,0.0,2,1.0,5,1
463970,0,0,25,0,5,1.0,2,5.0,3,2
463547,0,0,28,0,5,0.0,2,4.0,1,2
460785,1,0,29,1,5,0.0,2,4.0,6,2
461788,0,1,86,1,7,1.0,1,2.0,5,3
461617,1,0,45,1,0,0.0,2,2.0,5,1
460661,0,0,33,0,6,9.0,2,1.0,5,4
461568,1,1,59,1,0,1.0,0,3.0,5,3
466615,0,0,20,0,5,3.0,2,3.0,0,4
462109,1,1,75,0,7,0.0,2,1.0,5,4
462766,0,0,32,0,6,8.0,2,1.0,5,4
459690,0,0,43,1,0,1.0,2,1.0,5,1
459347,1,1,69,1,7,1.0,2,1.0,5,2
465766,1,1,38,0,3,1.0,2,3.0,3,1
467575,0,0,29,0,2,1.0,2,4.0,5,3
459774,1,1,56,1,0,0.0,2,1.0,5,4
464932,1,1,53,1,4,9.0,2,1.0,3,4
461814,0,0,37,1,0,1.0,2,1.0,2,1
463428,1,1,28,0,4,1.0,1,5.0,5,1
464451,0,1,74,1,0,0.0,0,2.0,5,2
464043,1,1,51,1,3,1.0,0,4.0,5,3
461784,0,1,88,1,7,0.0,2,1.0,5,4
463389,0,1,50,1,0,0.0,0,2.0,2,3
462233,1,0,19,0,5,1.0,2,7.0,3,4
465121,0,0,32,1,0,6.0,2,1.0,2,2
466168,0,1,45,1,4,1.0,1,3.0,2,2
467342,0,0,33,1,0,1.0,2,2.0,5,3
464962,1,1,53,1,4,1.0,1,4.0,3,2
460874,0,0,18,0,5,1.0,2,3.0,5,4
463247,1,0,45,1,3,1.0,2,1.0,6,1
465774,0,0,26,1,1,9.0,2,4.0,5,4
463551,1,1,46,1,1,7.0,0,2.0,5,3
464502,1,1,35,1,5,6.0,0,2.0,5,1
461407,0,0,32,1,8,8.0,2,6.0,0,1
466081,0,1,25,1,0,8.0,0,2.0,3,3
467336,0,1,63,1,0,0.0,0,4.0,5,3
462440,0,0,23,0,5,9.0,2,4.0,5,4
459389,0,0,26,1,2,9.0,2,8.0,5,1
466446,0,1,46,1,0,1.0,1,3.0,5,3
464385,1,1,70,0,2,0.0,0,2.0,5,2
467872,0,1,40,1,2,1.0,0,4.0,4,2
459857,1,0,33,1,3,6.0,2,1.0,5,1
466701,1,1,48,1,6,10.0,2,3.0,5,3
461169,1,0,39,1,3,9.0,2,2.0,2,4
460795,1,1,61,1,0,1.0,0,3.0,5,3
464511,1,1,52,1,8,1.0,2,3.0,2,4
466399,0,1,26,0,3,1.0,0,2.0,3,1
466079,0,1,40,0,2,1.0,2,2.0,5,1
461490,0,1,73,1,0,2.0,1,2.0,5,3
460895,0,0,29,1,1,9.0,2,5.0,2,2
465104,1,1,35,1,6,9.0,0,4.0,5,1
467503,0,0,26,1,0,1.0,2,4.0,5,3
460316,0,0,39,0,5,4.0,2,3.0,5,4
467198,1,0,28,1,5,1.0,2,5.0,5,4
460348,0,0,37,1,0,1.0,2,2.0,5,3
467460,0,1,36,1,6,8.0,0,2.0,6,2
466838,1,1,41,0,4,0.0,2,3.0,0,4
463561,0,0,39,1,2,1.0,2,1.0,5,1
466170,1,1,74,1,7,1.0,2,1.0,1,3
463578,0,0,23,0,5,0.0,2,3.0,3,4
461352,1,0,25,0,5,3.0,2,5.0,1,4
465814,0,1,50,0,0,0.0,0,5.0,3,2
463809,0,0,30,1,5,2.0,2,3.0,5,2
460701,1,1,66,0,3,0.0,0,2.0,5,2
461592,1,1,29,1,3,0.0,2,2.0,5,2
467692,0,1,43,0,0,4.0,2,1.0,5,2
459033,0,1,56,1,0,0.0,2,1.0,5,2
466424,0,1,42,1,2,1.0,1,3.0,2,1
459937,0,0,39,1,0,7.0,2,1.0,5,1
466404,0,0,40,1,2,0.0,2,1.0,5,1
459944,0,1,39,1,0,0.0,2,1.0,5,1
464073,0,0,46,1,2,1.0,2,2.0,6,4
462169,0,1,40,1,0,1.0,1,3.0,5,2
463032,0,1,78,0,7,0.0,1,2.0,5,1
467374,0,1,45,1,6,8.0,1,4.0,5,2
459269,1,1,58,1,0,0.0,0,2.0,5,3
466769,0,0,31,1,3,0.0,2,4.0,5,1
465792,0,1,57,1,2,1.0,2,4.0,2,3
462280,1,0,32,1,5,0.0,2,4.0,5,2
464616,1,1,27,0,3,6.0,2,4.0,5,1
465202,1,0,27,0,3,6.0,2,4.0,5,4
464384,1,0,25,1,5,9.0,2,4.0,3,3
466655,1,1,57,0,4,1.0,2,2.0,5,3
466600,1,0,18,0,5,11.0,2,1.0,3,4
467815,0,1,69,1,0,0.0,2,2.0,5,3
464966,1,1,59,0,2,1.0,2,2.0,3,1
467803,0,1,36,1,3,7.0,0,2.0,5,2
466810,1,0,19,0,5,1.0,2,3.0,5,4
459896,0,1,40,1,0,9.0,2,2.0,5,3
464862,0,0,20,0,2,8.0,2,5.0,3,4
461751,0,1,63,1,0,1.0,0,3.0,5,3
465157,1,1,42,1,3,3.0,0,4.0,5,2
464652,0,1,25,0,2,7.0,0,2.0,3,4
466401,1,1,48,0,4,1.0,0,4.0,5,1
461902,0,1,52,1,0,0.0,2,3.0,5,2
463164,1,1,35,1,0,8.0,0,2.0,5,3
461660,0,1,74,0,7,0.0,2,1.0,5,4
466054,0,1,33,0,6,8.0,0,4.0,3,4
464725,1,1,45,0,4,11.0,1,9.0,3,1
463507,1,1,49,0,0,1.0,2,1.0,5,3
465888,1,1,37,1,1,8.0,0,2.0,5,1
466103,0,1,40,0,2,0.0,2,5.0,5,3
461261,0,0,29,0,0,0.0,2,3.0,3,1
462203,1,1,72,0,4,2.0,1,7.0,3,1
463303,0,1,49,1,6,2.0,0,4.0,5,2
462997,1,1,55,1,3,0.0,0,4.0,5,3
460338,1,0,28,1,3,14.0,2,2.0,5,4
460000,1,0,52,1,3,1.0,2,1.0,2,1
460122,0,0,41,0,0,0.0,2,1.0,5,1
459350,0,1,56,1,2,0.0,1,2.0,5,2
460676,0,1,51,1,8,9.0,0,1.0,2,1
463179,1,1,57,1,3,0.0,2,2.0,5,1
461137,1,1,60,1,3,0.0,2,4.0,5,1
467555,1,0,27,0,3,14.0,2,3.0,5,4
464211,1,1,50,1,1,0.0,0,3.0,1,2
461413,0,0,40,1,0,2.0,2,1.0,5,2
467660,0,1,69,1,0,9.0,1,2.0,5,3
461193,0,0,41,1,8,1.0,2,1.0,5,4
460772,1,1,70,0,3,1.0,2,1.0,5,1
465702,1,0,32,1,3,1.0,2,1.0,3,1
467006,0,0,73,1,7,0.0,2,1.0,5,2
466927,1,0,19,0,2,7.0,2,5.0,1,4
464107,1,1,70,0,0,1.0,0,2.0,5,3
460605,1,1,33,1,1,9.0,0,2.0,3,4
459847,0,1,49,1,0,1.0,0,5.0,5,3
460906,0,1,89,1,7,1.0,1,3.0,5,1
459720,1,0,25,0,1,6.0,2,1.0,5,4
463294,0,1,35,1,2,5.0,2,2.0,5,2
465209,1,1,47,1,0,0.0,0,2.0,2,3
461222,0,0,48,1,0,1.0,2,1.0,6,4
464813,1,1,45,1,2,5.0,0,5.0,5,2
463777,0,1,46,1,0,2.0,2,2.0,5,3
461672,0,0,26,0,2,1.0,2,2.0,5,1
459662,1,1,51,1,3,0.0,1,5.0,2,1
466515,1,1,52,0,4,9.0,0,4.0,5,1
464946,1,1,53,1,4,9.0,2,1.0,3,4
460880,1,0,42,1,0,4.0,2,2.0,1,1
459537,0,0,47,1,6,9.0,2,3.0,3,1
463635,0,1,41,1,0,0.0,2,3.0,5,1
467650,1,1,52,1,0,2.0,0,4.0,5,1
467891,0,0,30,1,1,0.0,2,5.0,5,4
459052,1,1,47,0,0,0.0,2,2.0,5,1
466439,1,1,61,0,2,0.0,2,4.0,5,4
460758,1,1,31,0,4,9.0,0,2.0,5,1
460172,1,1,47,1,0,1.0,0,3.0,5,3
466657,0,1,86,1,7,0.0,1,2.0,5,3
461381,1,1,31,1,3,0.0,0,2.0,5,1
464275,1,0,30,0,1,0.0,2,5.0,5,4
463571,0,0,32,1,8,0.0,2,3.0,1,2
460017,1,1,41,1,0,7.0,1,2.0,2,3
462171,0,1,37,0,2,3.0,1,2.0,5,4
460436,0,0,51,0,3,1.0,2,1.0,5,1
459527,1,1,46,1,0,1.0,0,4.0,5,2
466851,1,0,38,1,5,8.0,2,1.0,5,1
466133,0,0,21,0,5,7.0,2,5.0,1,4
459678,1,0,21,0,5,0.0,2,5.0,5,4
464012,0,1,75,1,7,3.0,1,2.0,5,1
464897,1,1,68,0,4,0.0,1,2.0,3,4
463593,0,0,22,0,1,1.0,2,5.0,5,3
464559,0,0,35,1,5,9.0,2,1.0,5,4
463572,1,1,35,1,0,1.0,0,4.0,5,3
466496,1,1,72,1,0,0.0,0,2.0,5,2
461132,1,1,68,1,0,2.0,2,1.0,5,2
459165,1,0,27,0,1,7.0,2,3.0,5,3
461073,0,0,33,0,3,1.0,2,1.0,2,1
467868,0,1,69,1,3,1.0,1,2.0,5,2
459825,1,0,22,0,5,0.0,2,5.0,1,4
463300,1,1,47,0,3,1.0,2,2.0,5,1
467532,1,1,53,1,0,8.0,2,1.0,5,1
460143,1,1,38,1,3,0.0,2,2.0,3,1
463436,0,0,25,0,1,0.0,2,3.0,5,2
465090,1,1,57,1,0,0.0,0,2.0,5,2
466809,0,1,33,1,3,0.0,2,5.0,5,2
466924,0,0,22,0,5,0.0,2,6.0,5,4
466719,1,1,68,0,4,1.0,1,2.0,5,1
460141,1,0,35,1,0,13.0,2,1.0,5,2
467936,1,0,27,0,5,1.0,2,4.0,5,4
465799,1,1,52,1,0,1.0,2,4.0,5,3
461745,1,1,46,0,3,8.0,2,1.0,2,1
465548,0,0,40,1,0,0.0,2,4.0,2,1
461810,0,1,62,1,6,1.0,2,1.0,1,2
460024,0,1,43,1,3,8.0,2,1.0,5,2
461862,0,0,42,1,0,9.0,2,1.0,5,3
464676,1,0,19,0,3,1.0,2,6.0,3,3
466465,1,1,43,1,2,5.0,1,2.0,2,1
462067,1,0,32,0,1,9.0,2,4.0,2,4
460549,1,0,40,1,0,8.0,2,2.0,2,2
466732,0,1,48,1,2,0.0,1,2.0,3,2
467579,1,0,38,1,1,7.0,2,1.0,5,3
465824,1,1,68,0,7,2.0,2,3.0,3,1
463343,1,1,35,1,0,2.0,2,3.0,1,2
466756,1,1,60,1,0,0.0,0,2.0,5,3
462386,0,0,26,1,5,1.0,2,5.0,5,2
467402,0,0,28,1,0,5.0,2,4.0,5,4
464976,1,1,75,0,7,1.0,2,1.0,3,4
464983,0,1,25,0,3,2.0,2,2.0,5,4
466974,0,1,35,1,0,8.0,0,2.0,5,3
462866,1,1,56,1,1,0.0,2,1.0,5,1
466453,1,1,41,1,3,2.0,0,2.0,5,1
463651,0,0,36,1,5,1.0,2,2.0,5,1
463555,0,0,31,1,0,0.0,2,2.0,5,1
464314,1,1,68,0,7,0.0,2,2.0,5,4
461350,1,0,30,0,5,1.0,2,4.0,1,4
462354,1,1,62,0,0,1.0,0,2.0,5,3
462145,0,0,39,1,6,10.0,2,1.0,1,4
461041,0,1,72,0,7,0.0,1,7.0,2,4
461946,1,0,31,1,5,1.0,2,3.0,5,3
466105,0,1,65,1,0,1.0,0,4.0,5,3
467598,1,1,68,1,0,1.0,2,1.0,5,1
464639,1,1,39,0,3,1.0,0,4.0,3,2
465791,0,0,28,0,5,8.0,2,4.0,2,3
464418,1,1,43,1,0,8.0,0,2.0,5,2
460782,1,1,77,1,0,1.0,1,2.0,5,1
467425,0,0,42,1,0,13.0,2,1.0,5,3
461986,1,0,31,1,5,14.0,2,4.0,5,2
465554,0,0,85,1,7,0.0,2,3.0,5,1
467030,1,0,26,1,0,1.0,2,2.0,5,1
461753,0,0,35,1,0,0.0,2,1.0,5,2
464142,0,1,76,1,0,1.0,1,2.0,5,3
467047,0,0,37,0,6,9.0,2,1.0,5,4
461863,1,0,33,0,1,2.0,2,4.0,5,1
464176,0,1,40,1,0,0.0,2,1.0,5,2
463989,1,0,79,0,7,0.0,2,1.0,3,4
462356,1,0,47,1,2,0.0,2,3.0,5,1
459871,0,1,78,0,3,3.0,0,2.0,5,1
466889,1,1,50,1,4,0.0,1,4.0,5,3
465948,0,1,46,1,0,1.0,0,2.0,5,2
462002,0,0,37,0,0,0.0,2,2.0,5,4
462592,0,1,35,0,0,11.0,2,2.0,3,1
465816,1,1,51,0,4,9.0,0,3.0,3,1
464343,0,0,51,1,0,1.0,2,1.0,5,2
459692,0,1,71,1,7,8.0,1,2.0,5,3
463206,1,1,77,0,7,0.0,2,1.0,5,1
467565,1,1,60,1,0,0.0,2,3.0,5,3
459520,0,1,43,1,1,0.0,2,1.0,5,2
464120,1,0,30,0,5,8.0,2,3.0,5,1
462398,0,1,62,1,0,1.0,2,4.0,3,3
463194,0,1,48,1,0,0.0,0,2.0,2,2
462974,1,1,66,1,7,0.0,2,1.0,5,4
463414,1,1,25,0,4,0.0,1,3.0,0,1
460958,1,0,26,1,5,1.0,2,5.0,5,4
467540,1,1,52,1,5,0.0,0,4.0,5,3
466562,0,0,18,0,5,5.0,2,4.0,5,4
459195,0,1,58,1,0,1.0,0,2.0,5,3
463948,1,1,39,0,4,2.0,1,5.0,5,2
464949,1,1,19,0,4,0.0,1,3.0,3,1
461969,0,1,46,0,2,9.0,0,1.0,3,1
462127,1,1,68,1,7,0.0,1,2.0,5,3
467512,1,1,41,0,0,0.0,0,2.0,5,2
461366,1,0,25,1,5,0.0,2,1.0,5,4
464674,1,1,50,0,0,1.0,0,5.0,3,2
460540,0,1,30,0,0,1.0,0,2.0,2,4
459228,0,1,52,1,0,0.0,0,4.0,5,3
462615,1,0,31,0,1,4.0,2,7.0,3,4
460712,1,1,80,1,7,0.0,2,1.0,5,4
462945,1,1,51,1,0,1.0,0,4.0,5,2
459200,0,1,39,1,0,2.0,0,4.0,5,3
465087,1,0,29,1,1,1.0,2,4.0,5,2
467760,0,1,53,1,0,4.0,0,5.0,5,3
464726,1,1,33,1,4,11.0,1,9.0,3,1
462146,1,1,69,1,7,0.0,1,4.0,5,3
464188,0,0,33,0,1,1.0,2,3.0,5,4
461718,0,1,48,0,4,9.0,0,3.0,1,2
467667,1,1,28,0,1,8.0,2,2.0,5,1
461997,0,0,29,1,0,8.0,2,1.0,5,2
460361,0,1,47,1,0,0.0,2,1.0,3,2
460315,0,0,40,0,1,14.0,2,6.0,6,4
467739,0,1,63,0,0,1.0,0,4.0,5,3
463937,1,0,27,1,3,0.0,2,4.0,1,3
462598,0,1,38,0,1,9.0,0,5.0,3,4
467742,1,1,59,1,0,4.0,1,4.0,5,2
462918,1,1,38,1,1,11.0,0,3.0,5,1
465308,0,0,22,0,1,1.0,2,4.0,6,2
463396,0,0,25,0,1,3.0,2,4.0,2,3
466967,1,1,49,1,0,1.0,2,1.0,5,1
465145,1,1,45,1,0,0.0,0,2.0,5,3
466611,1,0,21,0,8,7.0,2,3.0,5,2
463117,0,0,26,0,2,0.0,2,3.0,5,4
462056,0,1,52,1,0,8.0,0,4.0,5,1
465514,1,0,27,1,3,1.0,2,5.0,3,4
460310,1,0,32,0,5,12.0,2,4.0,5,4
461662,0,1,89,1,7,1.0,1,2.0,5,1
464448,1,1,39,1,0,1.0,0,2.0,5,3
461473,0,1,41,1,0,3.0,0,3.0,5,3
461587,1,0,26,1,5,0.0,2,3.0,5,2
459021,1,1,45,1,0,7.0,2,2.0,1,1
465861,0,0,40,1,3,14.0,2,1.0,5,1
465874,0,0,26,1,0,1.0,2,2.0,5,4
460325,0,0,63,1,5,3.0,2,1.0,5,2
460333,0,0,40,0,3,12.0,2,4.0,5,1
467043,1,0,53,1,3,4.0,2,1.0,5,1
467262,0,1,77,0,7,1.0,1,2.0,5,4
462180,0,1,60,1,2,4.0,0,4.0,1,2
462681,0,1,59,1,3,7.0,0,2.0,5,2
465461,1,1,72,0,3,1.0,0,3.0,5,3
459356,1,0,63,1,0,4.0,2,1.0,5,1
459216,0,0,42,1,0,1.0,2,2.0,5,1
465283,1,1,53,0,4,0.0,1,2.0,5,2
467450,1,1,81,0,4,9.0,1,2.0,5,3
465296,0,1,76,1,7,5.0,1,3.0,5,1
463870,0,0,28,0,5,1.0,2,2.0,3,1
467550,1,0,27,1,1,0.0,2,2.0,2,1
459917,1,0,43,1,0,11.0,2,1.0,2,2
463037,1,1,57,1,3,1.0,0,4.0,5,2
461209,0,0,31,0,5,9.0,2,1.0,5,4
461524,1,0,68,1,7,1.0,2,1.0,5,4
465038,1,1,46,0,4,0.0,1,4.0,5,1
461849,1,0,32,0,5,0.0,2,4.0,5,1
459654,1,1,51,1,0,5.0,0,3.0,5,2
463620,1,0,19,0,5,1.0,2,4.0,1,4
461743,1,1,62,1,1,1.0,1,2.0,5,3
466994,1,1,47,1,0,1.0,0,2.0,5,3
467210,1,1,28,1,6,13.0,0,2.0,5,2
466946,1,1,61,1,3,0.0,0,2.0,5,3
462189,0,0,25,0,8,1.0,2,4.0,3,2
466011,1,1,74,1,7,1.0,1,2.0,3,2
462162,1,1,38,0,0,1.0,2,2.0,5,2
463977,1,1,28,1,5,9.0,1,2.0,5,2
465232,1,1,56,1,4,0.0,1,4.0,5,2
461018,1,0,25,0,8,0.0,2,3.0,2,1
465607,0,0,37,1,0,7.0,2,2.0,2,2
467801,0,1,50,1,1,0.0,0,2.0,6,3
465858,0,1,48,1,0,3.0,2,1.0,5,1
467117,1,0,48,1,0,0.0,2,1.0,5,1
462762,1,1,48,1,0,0.0,1,4.0,5,2
462973,1,1,39,1,0,9.0,0,2.0,2,2
466551,1,1,36,1,0,9.0,0,2.0,5,2
461569,1,1,63,1,0,1.0,2,1.0,5,3
459253,1,1,36,1,0,1.0,0,4.0,5,3
467755,1,1,37,1,0,6.0,2,2.0,5,3
459943,1,0,42,1,3,2.0,2,3.0,5,2
465480,1,1,39,0,1,1.0,1,2.0,5,1
466029,0,0,28,0,4,0.0,2,1.0,1,1
466806,1,1,40,1,5,0.0,2,1.0,5,4
466214,0,1,88,1,7,0.0,2,2.0,5,3
462782,1,1,57,1,4,7.0,1,2.0,3,3
461479,0,1,51,1,0,1.0,0,3.0,5,3
460494,0,0,28,0,8,1.0,2,4.0,2,4
460565,0,1,42,0,6,8.0,0,4.0,2,3
465247,1,0,18,0,5,6.0,2,7.0,5,4
465993,0,0,27,0,2,0.0,2,2.0,5,4
460170,1,1,68,0,0,0.0,2,1.0,5,3
463200,1,1,42,1,3,0.0,0,2.0,3,1
458986,1,0,18,0,5,7.0,2,4.0,5,4
467390,1,1,46,1,0,0.0,2,2.0,5,3
459349,0,1,48,1,0,0.0,1,4.0,5,3
467144,1,1,35,1,3,1.0,2,2.0,5,1
460750,1,1,56,1,3,0.0,0,2.0,5,3
463386,0,1,43,1,1,6.0,2,1.0,2,2
463770,1,0,25,0,5,1.0,2,4.0,5,4
459434,0,1,78,0,7,1.0,2,1.0,5,3
467417,0,1,53,1,0,4.0,0,6.0,5,3
461048,1,1,33,1,1,10.0,0,2.0,1,4
461428,1,0,49,1,0,1.0,2,1.0,5,3
461213,0,0,31,1,5,1.0,2,4.0,5,1
461565,1,1,51,1,3,4.0,0,2.0,1,3
462213,1,0,19,0,1,1.0,2,2.0,3,4
467716,1,1,41,1,0,4.0,0,3.0,5,2
460285,0,0,57,1,1,0.0,2,2.0,5,2
461455,0,1,35,1,0,0.0,0,2.0,5,2
467920,0,0,40,0,2,8.0,2,1.0,5,1
467244,1,0,26,1,5,0.0,2,5.0,5,4
462976,0,1,50,1,2,0.0,0,2.0,5,3
467669,1,1,82,0,7,0.0,1,2.0,5,1
461589,1,1,41,1,0,1.0,0,2.0,5,2
463269,1,1,36,1,3,2.0,0,2.0,2,1
464815,1,1,22,0,1,2.0,1,9.0,3,2
463587,0,0,27,0,2,1.0,2,4.0,5,4
467200,0,0,75,1,7,0.0,2,2.0,5,3
462436,1,0,32,1,5,0.0,2,3.0,5,4
463207,0,1,51,1,0,1.0,0,2.0,5,3
463853,0,1,58,1,0,0.0,0,4.0,2,2
459443,0,1,50,1,0,8.0,0,2.0,5,2
466489,1,1,55,1,6,1.0,0,4.0,5,3
464388,0,0,30,0,2,11.0,2,1.0,3,4
466832,0,1,69,1,0,0.0,0,2.0,3,3
464496,0,1,41,0,8,1.0,1,5.0,2,1
465271,1,1,47,0,4,0.0,1,5.0,5,2
467621,1,1,76,1,7,1.0,2,1.0,5,1
464050,0,0,30,1,0,0.0,2,1.0,5,1
462339,1,0,33,1,0,3.0,2,5.0,5,1
464844,0,0,31,1,5,1.0,2,4.0,3,4
464681,0,1,25,0,2,4.0,0,5.0,3,4
464963,0,1,47,1,3,1.0,2,2.0,3,2
461422,1,1,52,1,4,1.0,0,6.0,5,2
460853,0,1,63,1,0,1.0,1,3.0,5,3
461505,0,1,39,0,0,0.0,1,3.0,5,2
466398,1,0,21,0,5,1.0,2,4.0,2,4
467109,1,0,38,0,1,0.0,2,5.0,2,4
460350,0,0,43,1,5,2.0,2,1.0,3,4
466863,0,0,28,0,6,10.0,2,1.0,5,4
459767,1,0,21,0,5,4.0,2,4.0,5,4
465640,1,1,50,1,0,7.0,0,2.0,5,3
463631,1,0,25,0,5,0.0,2,5.0,2,4
467797,1,1,58,1,0,1.0,1,2.0,5,3
467818,0,1,37,1,0,5.0,1,3.0,5,3
459120,1,0,23,0,5,5.0,2,5.0,1,4
463326,0,0,23,0,5,0.0,2,3.0,1,4
466493,1,1,77,0,7,0.0,1,2.0,5,1
464396,1,1,35,1,3,1.0,0,3.0,5,2
463946,1,0,25,0,5,4.0,2,3.0,3,4
466687,1,0,22,0,5,0.0,2,3.0,5,4
467908,0,1,42,1,2,0.0,1,4.0,5,2
461062,0,0,25,0,4,1.0,2,3.0,5,4
466526,1,0,33,0,5,1.0,2,5.0,1,2
464423,1,1,51,1,3,0.0,0,5.0,5,3
465284,0,0,31,0,8,8.0,2,4.0,5,4
463530,0,0,32,0,3,12.0,2,5.0,5,4
462415,1,0,32,0,1,0.0,2,1.0,5,1
460066,0,0,45,0,8,0.0,2,1.0,5,4
464242,1,0,37,1,2,1.0,2,3.0,5,4
460083,0,0,52,1,0,9.0,2,1.0,5,2
461669,0,1,42,0,2,0.0,0,2.0,5,1
461060,1,1,59,1,4,1.0,1,5.0,5,3
459198,0,1,66,1,0,0.0,0,3.0,5,3
465362,0,1,52,1,2,0.0,0,4.0,5,2
464678,1,1,47,1,4,1.0,1,5.0,3,3
464514,1,1,42,1,0,0.0,0,3.0,6,1
463848,1,1,48,1,0,1.0,0,4.0,0,3
462495,1,1,84,0,7,0.0,1,2.0,5,1
462144,0,0,39,1,0,3.0,2,1.0,5,1
461000,1,1,61,0,8,1.0,1,2.0,2,1
459319,0,1,46,0,0,1.0,1,2.0,5,3
467581,0,1,33,1,2,2.0,0,2.0,5,4
463669,0,1,31,1,8,7.0,1,4.0,1,1
460604,0,1,41,0,3,9.0,1,2.0,3,1
466645,1,1,66,1,7,5.0,2,2.0,5,3
459715,1,0,20,0,5,2.0,2,4.0,5,4
463828,1,1,43,0,2,0.0,0,2.0,0,3
467438,1,0,28,0,3,6.0,2,3.0,5,1
463031,0,1,38,1,0,1.0,0,4.0,5,2
465219,1,1,42,1,5,5.0,2,2.0,3,3
467497,1,1,51,1,0,1.0,2,3.0,5,4
462112,1,1,78,1,7,1.0,2,1.0,5,4
461773,1,1,69,1,3,1.0,1,3.0,5,2
465178,0,1,89,1,7,0.0,1,2.0,5,2
465599,0,1,47,1,5,0.0,0,6.0,0,3
460261,0,1,58,1,7,1.0,1,4.0,0,3
465139,1,1,40,0,4,9.0,0,2.0,5,4
465786,0,0,19,0,1,0.0,2,3.0,3,4
465847,0,0,40,1,7,1.0,2,1.0,5,1
459977,0,0,41,1,0,4.0,2,1.0,5,4
461242,1,1,52,1,5,1.0,2,2.0,5,4
464995,1,1,45,0,4,3.0,1,4.0,3,4
461508,1,0,33,1,0,8.0,2,1.0,5,1
459174,1,0,43,1,0,1.0,2,2.0,3,2
465852,1,1,39,1,1,1.0,2,2.0,3,2
466892,1,1,51,1,0,1.0,0,3.0,5,3
463693,1,1,35,1,0,9.0,1,3.0,5,3
464190,1,0,37,1,4,3.0,2,1.0,5,4
459391,0,0,40,1,2,1.0,2,4.0,5,4
462390,0,0,28,0,5,0.0,2,4.0,2,2
461343,1,1,27,1,0,6.0,0,2.0,5,2
459661,1,1,62,1,4,0.0,1,3.0,5,3
459854,0,1,57,1,0,0.0,1,2.0,5,3
458995,1,1,62,0,4,0.0,1,4.0,5,2
459751,1,0,28,0,8,0.0,2,6.0,5,2
466951,0,1,52,1,0,0.0,1,3.0,5,3
459971,0,0,40,1,5,8.0,2,1.0,5,1
465370,0,0,53,1,0,0.0,2,1.0,5,2
462178,0,1,73,1,7,7.0,2,2.0,5,1
463277,0,1,26,0,2,6.0,2,2.0,2,4
461836,1,1,53,1,0,6.0,0,3.0,5,3
466836,0,0,42,1,1,0.0,2,1.0,3,4
461443,0,1,70,1,0,1.0,0,2.0,5,3
459222,0,1,68,1,0,1.0,0,3.0,5,3
459549,1,0,22,0,5,9.0,2,5.0,3,4
462292,1,1,65,1,0,1.0,2,1.0,5,1
467505,1,1,43,1,0,0.0,2,4.0,5,4
463992,1,1,39,1,0,0.0,0,2.0,5,2
459560,1,1,89,0,7,1.0,1,2.0,5,2
464944,0,1,37,1,3,0.0,2,2.0,3,2
459333,1,0,29,1,5,1.0,2,2.0,5,4
467286,1,0,27,1,5,1.0,2,3.0,3,4
459011,1,1,88,0,7,1.0,2,1.0,5,1
467076,0,1,48,1,1,0.0,0,2.0,5,2
462577,0,1,70,0,8,0.0,1,2.0,3,4
459900,1,0,52,1,0,6.0,2,1.0,5,3
462990,0,0,25,1,5,3.0,2,5.0,3,4
464625,0,0,48,1,0,0.0,2,2.0,5,2
460012,0,1,50,1,0,1.0,1,3.0,1,3
459968,1,0,39,1,0,11.0,2,1.0,6,1
465522,0,0,29,1,5,2.0,2,8.0,4,2
461575,1,0,31,0,1,1.0,2,4.0,5,3
460001,1,1,41,1,0,4.0,0,2.0,1,1
460778,1,0,27,1,0,0.0,2,8.0,3,4
460700,1,1,56,1,3,1.0,0,3.0,5,2
460616,1,1,32,1,6,2.0,0,2.0,2,3
462665,0,1,59,1,0,4.0,0,4.0,6,3
461945,0,1,87,1,0,0.0,2,1.0,5,3
465798,0,0,41,1,5,0.0,2,3.0,5,3
465134,0,1,55,1,3,1.0,0,5.0,5,2
462893,0,1,52,0,0,1.0,0,3.0,3,3
459208,0,1,61,1,0,1.0,1,2.0,2,3
461896,1,1,46,1,0,1.0,2,1.0,5,2
459868,0,1,46,1,2,1.0,0,2.0,5,3
464568,1,1,36,1,0,8.0,0,2.0,5,2
462492,1,1,36,0,0,1.0,0,4.0,1,2
467559,1,1,58,1,4,0.0,0,4.0,5,3
464277,1,0,25,1,0,2.0,2,1.0,5,1
462798,1,1,65,1,0,7.0,1,2.0,5,3
461924,0,1,89,0,7,1.0,1,3.0,5,2
463630,1,0,39,1,3,1.0,2,2.0,5,1
462173,1,1,89,1,4,3.0,2,3.0,5,1
463569,0,1,59,0,8,1.0,0,4.0,0,4
460044,0,1,47,1,0,0.0,2,2.0,0,2
461026,0,1,41,1,0,7.0,0,2.0,5,2
467224,0,0,19,0,3,0.0,2,4.0,5,4
462879,1,1,74,1,7,1.0,1,2.0,5,1
459591,1,1,50,1,0,1.0,0,3.0,5,3
459133,1,0,23,0,3,1.0,2,3.0,3,4
465465,0,1,28,1,0,8.0,2,2.0,5,2
460231,1,1,59,1,4,11.0,1,3.0,5,3
461111,0,1,42,1,1,8.0,2,1.0,5,1
459203,1,1,35,1,2,0.0,2,2.0,5,2
463540,1,1,56,1,0,8.0,0,3.0,5,3
461971,1,1,50,1,3,1.0,0,4.0,2,2
467183,1,1,39,1,3,4.0,0,4.0,5,2
466548,0,1,45,1,0,1.0,0,2.0,5,2
460747,1,1,52,1,0,1.0,0,4.0,2,3
459721,1,1,76,1,7,0.0,2,2.0,5,1
463204,1,0,36,0,3,1.0,2,1.0,5,1
467618,1,0,26,0,1,6.0,2,2.0,5,4
467903,1,1,39,1,3,9.0,2,2.0,5,1
466249,0,0,18,0,5,8.0,2,4.0,3,4
464467,0,0,43,1,5,1.0,2,2.0,3,1
461138,1,1,63,1,3,1.0,1,2.0,6,2
463392,0,1,36,1,0,5.0,2,2.0,3,2
463017,0,1,81,0,7,0.0,1,2.0,5,1
463908,0,1,37,1,0,9.0,2,2.0,5,3
464154,0,1,47,1,0,1.0,0,4.0,5,3
461272,1,1,67,1,0,0.0,2,1.0,2,2
461765,0,0,36,1,0,1.0,2,1.0,5,1
467099,0,0,30,0,3,0.0,2,3.0,5,1
464151,1,0,40,1,1,12.0,2,1.0,1,4
461304,1,0,19,0,8,2.0,2,4.0,5,3
461457,0,1,32,0,1,1.0,2,5.0,5,1
463510,0,0,27,1,5,1.0,2,7.0,1,1
465519,0,1,73,0,7,1.0,1,2.0,5,1
461092,0,1,29,1,6,0.0,1,2.0,2,1
461180,1,0,28,0,3,0.0,2,3.0,2,4
463028,1,0,33,0,1,1.0,2,4.0,5,4
461276,1,1,67,1,8,1.0,2,2.0,6,4
460940,1,1,73,1,0,0.0,2,1.0,5,1
462955,1,1,42,1,0,1.0,2,2.0,2,2
467725,1,0,32,1,5,9.0,2,2.0,5,4
465217,1,1,53,1,4,1.0,1,5.0,2,1
463657,1,1,42,1,4,0.0,1,2.0,5,2
465851,0,1,50,0,0,9.0,1,2.0,3,1
466561,0,0,19,0,5,3.0,2,3.0,5,4
459577,1,1,82,1,7,0.0,2,1.0,5,4
466818,1,1,82,0,4,0.0,1,2.0,5,2
464543,0,0,38,1,0,7.0,2,1.0,5,1
467649,1,1,38,1,1,0.0,0,5.0,5,2
466016,0,0,48,1,6,1.0,2,1.0,2,2
462547,1,0,22,0,5,9.0,2,4.0,5,4
462963,1,1,30,1,0,0.0,0,2.0,2,3
466305,1,0,31,0,5,1.0,2,3.0,1,2
462631,0,1,35,0,2,2.0,1,4.0,3,4
460706,0,0,27,0,2,6.0,2,6.0,3,4
460282,1,1,40,0,4,0.0,2,3.0,5,4
459041,1,1,62,1,0,8.0,2,1.0,5,4
460114,1,1,30,1,5,8.0,2,2.0,5,3
460147,1,1,67,1,3,1.0,0,3.0,5,3
462123,1,0,38,1,0,0.0,2,2.0,5,3
465768,0,0,37,1,0,7.0,2,4.0,3,1
463236,0,0,26,1,5,5.0,2,2.0,5,4
462487,1,1,61,1,3,2.0,0,4.0,5,3
463954,1,1,22,0,3,1.0,0,3.0,3,4
466609,0,1,47,1,0,0.0,0,5.0,5,3
461741,1,1,67,1,7,1.0,1,2.0,5,2
464416,1,1,38,1,0,1.0,2,6.0,5,1
465428,0,0,36,1,2,0.0,2,1.0,3,1
464632,1,0,29,0,3,0.0,2,8.0,3,4
462554,1,0,28,0,5,1.0,2,8.0,3,3
464889,1,1,41,0,4,1.0,2,7.0,3,4
465490,0,1,35,1,0,0.0,0,5.0,3,3
465909,1,1,39,1,3,9.0,2,1.0,5,1
465117,0,1,73,1,0,1.0,1,2.0,5,3
459085,1,0,22,0,8,4.0,2,3.0,5,1
464709,1,1,40,0,4,8.0,1,5.0,3,4
460572,0,0,30,1,2,0.0,2,4.0,2,3
464612,1,0,32,1,1,1.0,2,2.0,5,1
465424,1,0,38,1,3,1.0,2,3.0,5,1
463248,0,1,26,0,6,8.0,0,4.0,1,4
464155,1,0,41,0,1,0.0,2,3.0,3,2
467424,1,1,56,1,3,2.0,0,2.0,5,4
465220,1,1,61,0,4,0.0,1,2.0,0,2
463004,1,1,48,1,0,0.0,0,2.0,5,3
463315,1,1,40,1,4,0.0,1,4.0,2,2
466498,1,1,83,1,7,6.0,1,3.0,5,4
463234,0,0,22,0,2,1.0,2,4.0,5,4
462453,1,0,22,0,5,9.0,2,5.0,5,4
467111,1,1,72,1,0,0.0,2,1.0,5,2
466355,1,0,27,1,5,0.0,2,2.0,5,3
463230,0,1,35,1,2,5.0,1,3.0,5,1
465018,1,0,42,1,3,0.0,2,3.0,5,1
464940,0,1,30,0,2,1.0,2,2.0,3,1
465294,1,1,73,0,7,0.0,2,2.0,5,4
461525,1,1,68,1,3,1.0,2,2.0,5,4
460058,1,1,46,1,0,0.0,2,1.0,3,2
464692,0,0,48,0,8,1.0,2,1.0,2,4
466342,0,1,49,1,0,0.0,0,5.0,5,3
459214,0,0,26,1,2,0.0,2,3.0,5,3
464243,0,0,49,1,0,1.0,2,2.0,5,3
467273,0,1,81,1,7,7.0,1,2.0,5,2
466187,0,1,56,1,0,4.0,0,2.0,2,3
466421,1,1,26,0,1,4.0,0,3.0,2,4
461541,1,0,36,1,4,9.0,2,3.0,5,4
462709,0,0,32,0,1,0.0,2,3.0,5,3
466233,0,1,56,1,6,5.0,2,1.0,5,3
461881,1,0,40,1,0,1.0,2,1.0,5,1
466371,1,0,19,0,5,1.0,2,4.0,1,4
467717,0,1,66,0,2,0.0,1,5.0,3,2
466031,0,0,30,0,3,6.0,2,1.0,5,1
467039,1,1,26,0,6,9.0,0,2.0,5,1
464334,0,0,33,1,5,1.0,2,3.0,5,4
459185,0,0,25,1,3,5.0,2,1.0,5,4
460580,0,1,27,0,2,9.0,2,2.0,2,4
464808,1,1,42,0,3,1.0,2,4.0,3,1
465583,1,0,35,1,0,2.0,2,2.0,5,1
462042,0,0,29,0,5,0.0,2,3.0,5,4
461776,1,1,72,0,2,0.0,1,4.0,3,2
467251,0,0,21,0,2,1.0,2,6.0,5,3
464937,1,1,50,1,0,0.0,2,2.0,3,4
464072,1,1,49,1,4,1.0,2,2.0,5,1
460836,0,1,33,0,0,6.0,0,2.0,5,3
467323,0,1,52,1,0,7.0,0,4.0,5,3
464245,0,1,89,1,7,2.0,2,1.0,5,1
459030,1,1,46,0,4,6.0,1,6.0,5,3
460926,1,1,50,1,0,1.0,0,4.0,3,2
463803,0,0,30,1,3,0.0,2,2.0,5,4
466540,1,0,22,0,5,2.0,2,2.0,3,4
467699,0,1,32,1,1,0.0,0,2.0,3,3
465773,1,0,29,0,3,8.0,2,4.0,5,4
464984,1,0,32,1,0,1.0,2,1.0,5,4
466215,1,1,53,1,0,3.0,0,4.0,5,3
460508,1,1,27,1,5,2.0,1,3.0,2,4
460229,0,1,68,1,7,2.0,1,2.0,5,3
459289,1,0,39,1,1,1.0,2,1.0,5,1
461853,1,0,20,0,5,6.0,2,3.0,5,4
464513,1,1,38,1,4,6.0,1,3.0,5,2
465806,0,0,26,1,8,0.0,2,2.0,2,1
463534,0,0,31,1,2,1.0,2,4.0,3,1
467053,1,0,22,0,5,6.0,2,4.0,5,4
466839,0,0,26,0,6,8.0,2,2.0,5,4
466510,1,0,51,1,0,6.0,2,1.0,5,1
464299,0,0,35,1,0,12.0,2,3.0,5,1
463773,1,1,36,1,0,9.0,0,2.0,5,3
462133,0,1,46,1,1,9.0,1,3.0,1,1
460848,1,1,53,0,3,10.0,0,3.0,5,1
459324,0,0,18,0,5,1.0,2,3.0,5,4
467214,1,0,26,0,2,0.0,2,4.0,2,4
462009,0,1,32,1,5,8.0,1,2.0,1,1
464929,1,1,69,0,1,0.0,0,3.0,3,2
463149,1,1,60,1,0,3.0,0,2.0,5,3
463447,1,1,60,0,2,0.0,0,2.0,5,2
462088,1,1,26,1,0,0.0,0,2.0,5,3
459992,1,0,48,1,0,1.0,2,1.0,5,2
462270,1,1,51,1,1,1.0,0,4.0,5,2
466711,1,1,72,0,4,1.0,1,4.0,5,2
459614,0,0,43,1,0,1.0,2,2.0,5,2
459850,1,0,35,1,0,0.0,2,1.0,5,2
460665,1,0,29,0,3,5.0,2,1.0,5,4
462841,1,0,19,0,5,8.0,2,6.0,5,4
461761,0,0,27,1,5,0.0,2,8.0,5,3
461573,0,0,40,1,2,1.0,2,5.0,5,3
463199,0,1,52,1,0,1.0,2,3.0,3,1
465317,1,0,23,0,5,0.0,2,4.0,3,4
464596,0,1,35,1,4,0.0,2,2.0,5,2
466059,1,1,25,0,3,1.0,0,2.0,3,1
463104,0,1,47,0,7,0.0,2,1.0,5,1
459990,1,1,37,1,5,1.0,0,2.0,5,1
463330,1,0,20,0,5,1.0,2,4.0,5,4
467212,0,0,28,1,1,1.0,2,3.0,5,2
462266,1,0,25,1,1,8.0,2,5.0,5,4
462838,0,1,32,1,6,0.0,2,3.0,4,2
460159,0,0,18,0,3,1.0,2,7.0,1,2
460974,1,1,79,0,7,1.0,2,1.0,5,4
459919,0,0,49,1,0,0.0,2,1.0,3,2
467381,1,1,49,1,3,0.0,2,4.0,5,2
461707,0,1,45,1,0,1.0,0,4.0,5,3
462461,1,0,28,1,1,1.0,2,3.0,5,4
459533,0,0,41,1,0,1.0,2,1.0,5,1
461091,0,1,37,1,0,3.0,0,3.0,2,2
466467,0,1,36,1,0,1.0,0,3.0,2,2
462476,1,1,45,1,0,4.0,0,2.0,5,3
464357,1,0,40,1,0,7.0,2,1.0,5,1
459915,0,0,29,1,5,1.0,2,3.0,3,4
463319,0,1,73,0,7,1.0,1,3.0,5,2
466323,1,0,28,0,1,4.0,2,1.0,2,2
459363,1,0,53,1,0,2.0,2,1.0,5,1
461794,0,0,19,0,5,5.0,2,5.0,1,4
462563,0,1,52,1,0,0.0,0,2.0,5,3
465922,0,0,31,1,5,9.0,2,3.0,5,4
464341,1,0,35,1,0,2.0,2,2.0,5,1
464294,1,1,68,0,4,1.0,1,2.0,5,3
461923,0,1,42,1,0,2.0,0,2.0,5,3
462880,1,1,25,0,4,1.0,1,3.0,5,2
464402,1,0,37,1,3,7.0,2,1.0,5,1
466841,1,0,21,0,5,1.0,2,6.0,3,4
464536,1,1,28,1,0,0.0,0,3.0,5,1
462765,0,1,50,1,0,1.0,1,8.0,5,2
461364,0,0,46,0,1,0.0,2,2.0,5,2
465836,1,0,19,0,4,13.0,2,3.0,6,4
465208,1,1,37,1,0,1.0,0,2.0,5,3
460416,1,0,28,1,5,14.0,2,1.0,5,4
459787,1,1,71,0,7,0.0,2,1.0,5,1
464276,0,1,66,0,8,0.0,1,2.0,0,3
460560,0,1,57,1,6,9.0,0,2.0,2,3
467449,0,1,86,1,7,1.0,2,2.0,5,3
467625,0,1,40,1,0,0.0,0,2.0,5,1
460559,0,0,49,1,5,8.0,2,1.0,2,4
463847,1,1,41,0,0,2.0,0,3.0,5,3
464669,0,1,42,0,2,0.0,2,4.0,3,4
461393,0,1,80,1,0,6.0,0,2.0,5,3
464149,1,1,38,1,0,1.0,0,4.0,5,3
461777,0,1,74,1,7,1.0,1,2.0,5,1
464505,0,0,30,0,1,9.0,2,5.0,5,4
463345,0,0,20,0,5,4.0,2,4.0,5,4
459609,0,0,43,1,0,1.0,2,1.0,3,1
465412,1,0,32,1,1,7.0,2,4.0,5,4
465195,1,1,53,1,4,1.0,1,3.0,5,2
462550,0,0,23,0,5,2.0,2,6.0,0,4
466896,1,1,52,0,0,7.0,2,1.0,5,3
463851,0,1,45,1,0,4.0,0,4.0,1,3
464399,1,1,63,0,3,0.0,0,5.0,5,3
464782,1,1,35,0,8,0.0,2,3.0,3,4
465624,1,0,39,1,0,8.0,2,3.0,5,3
462508,1,1,37,1,5,0.0,2,7.0,3,4
462872,0,1,47,0,2,10.0,2,2.0,2,4
467535,1,1,65,1,7,1.0,1,2.0,5,1
465793,1,0,25,0,5,1.0,2,5.0,3,3
465892,1,0,40,1,0,9.0,2,3.0,5,1
463666,1,0,27,1,4,0.0,2,6.0,5,4
459015,1,0,19,0,5,0.0,2,3.0,5,4
466189,0,1,56,1,0,0.0,0,2.0,2,3
466348,1,0,53,1,0,1.0,2,2.0,3,3
459461,0,1,39,1,0,0.0,2,1.0,0,3
460620,1,1,55,1,3,0.0,0,4.0,2,3
463318,1,1,65,1,7,0.0,2,2.0,0,1
462626,0,0,26,1,2,0.0,2,6.0,3,2
467554,0,0,28,1,5,1.0,2,3.0,5,4
466651,1,0,40,0,3,5.0,2,1.0,2,1
466885,1,1,42,0,4,1.0,0,4.0,5,2
467439,1,1,37,1,3,1.0,2,4.0,5,1
461749,0,0,22,0,5,0.0,2,5.0,5,4
467134,0,1,33,0,5,0.0,2,5.0,4,4
462753,1,1,28,0,4,0.0,0,3.0,5,4
463537,0,0,32,1,5,1.0,2,3.0,5,4
463217,0,1,33,1,5,2.0,1,1.0,4,1
466380,1,1,36,1,3,5.0,2,2.0,5,1
463101,0,0,27,0,6,8.0,2,1.0,5,4
466366,1,0,18,0,5,0.0,2,3.0,1,4
465716,0,0,59,1,0,0.0,2,2.0,5,3
463014,1,1,53,1,4,0.0,1,3.0,5,2
462443,1,0,20,0,5,1.0,2,2.0,3,4
460453,0,0,40,1,1,7.0,2,1.0,5,1
466485,1,1,37,1,4,9.0,1,2.0,2,1
467445,1,1,31,0,1,8.0,2,2.0,1,1
463500,1,1,35,1,4,0.0,1,4.0,5,1
461507,1,1,35,1,3,0.0,2,2.0,5,4
465918,0,0,39,1,0,5.0,2,3.0,5,2
467533,1,1,79,1,7,2.0,2,1.0,5,4
467029,1,1,42,1,0,8.0,0,2.0,5,3
465749,1,1,42,0,2,1.0,0,3.0,5,3
460768,0,0,32,0,2,9.0,2,4.0,4,1
460146,0,1,52,1,2,1.0,0,3.0,2,1
464998,1,1,59,1,0,1.0,1,2.0,5,3
467715,1,1,51,1,4,4.0,1,3.0,5,3
462201,0,0,32,1,5,0.0,2,1.0,3,4
467454,1,1,49,1,0,1.0,2,1.0,5,1
460645,0,0,40,0,1,1.0,2,2.0,2,3
465129,0,0,61,1,3,3.0,2,1.0,5,1
464264,0,1,86,0,7,8.0,1,2.0,5,2
465913,0,1,29,1,0,10.0,2,2.0,5,2
461068,1,0,46,0,8,1.0,2,4.0,2,4
466689,1,0,28,1,0,8.0,2,3.0,5,3
460071,0,0,53,1,2,1.0,2,1.0,5,1
460477,1,0,32,0,3,0.0,2,6.0,2,4
467766,0,0,31,0,5,6.0,2,3.0,5,3
460008,1,0,25,0,1,9.0,2,4.0,5,1
461820,0,1,38,1,1,0.0,0,2.0,5,3
459226,0,1,43,1,0,0.0,0,2.0,0,3
460961,1,0,20,0,5,1.0,2,2.0,2,4
463503,1,1,33,1,3,1.0,2,2.0,6,1
460404,1,1,38,1,0,5.0,2,7.0,5,1
461571,1,0,27,0,5,1.0,2,4.0,5,3
467624,1,1,35,0,3,0.0,0,5.0,5,4
463880,0,1,36,0,2,0.0,2,3.0,1,2
462846,0,0,20,0,8,7.0,2,2.0,5,4
459233,0,1,53,1,8,6.0,2,1.0,5,4
465939,0,0,32,1,2,0.0,2,2.0,5,4
467118,1,1,55,1,3,1.0,0,3.0,6,2
463815,1,1,37,1,3,0.0,0,2.0,5,3
459127,1,0,43,1,5,1.0,2,7.0,5,4
460165,0,0,40,1,3,0.0,2,1.0,2,1
461678,0,1,87,0,7,1.0,2,1.0,5,1
465096,1,1,86,0,7,13.0,2,1.0,5,1
464522,0,0,42,1,2,11.0,2,1.0,5,4
460886,1,0,37,1,0,0.0,2,1.0,5,2
462184,1,0,19,0,1,0.0,2,4.0,5,4
462956,1,1,42,0,0,7.0,0,5.0,5,2
466422,1,1,33,0,1,0.0,2,4.0,3,4
465324,1,1,41,1,0,8.0,2,2.0,5,2
467257,1,0,22,0,5,10.0,2,4.0,5,4
460254,0,0,32,1,0,1.0,2,2.0,5,2
463158,1,1,83,1,4,0.0,1,3.0,5,2
467866,1,1,50,1,0,1.0,0,3.0,5,3
461685,0,0,30,1,5,4.0,2,4.0,5,4
460208,1,0,27,0,0,9.0,2,8.0,5,4
462151,0,0,35,1,0,8.0,2,1.0,5,2
462853,1,0,23,0,5,1.0,2,2.0,5,4
465239,1,1,56,1,0,0.0,0,3.0,5,2
467508,0,0,25,0,1,1.0,2,3.0,5,2
466867,0,0,27,0,6,14.0,2,1.0,5,4
467738,1,1,43,1,1,3.0,0,2.0,5,2
465590,1,1,40,1,0,1.0,0,5.0,5,1
459805,0,1,45,0,0,4.0,0,4.0,5,2
465013,0,1,82,0,7,0.0,1,2.0,5,3
459240,0,0,28,1,0,1.0,2,1.0,5,1
462344,0,1,63,1,0,0.0,1,4.0,5,3
460388,0,0,35,1,0,13.0,2,2.0,5,2
464218,0,1,89,0,7,1.0,1,2.0,5,1
465955,1,0,25,1,8,8.0,2,3.0,5,1
462928,1,1,49,1,0,2.0,0,4.0,1,3
460889,0,1,47,1,0,1.0,2,2.0,5,2
459669,1,1,30,1,0,0.0,0,2.0,5,2
467849,0,1,40,1,1,0.0,2,1.0,1,1
466873,1,1,39,1,5,7.0,0,5.0,2,1
464837,1,1,61,1,0,1.0,0,5.0,3,2
462581,0,0,28,0,2,1.0,2,4.0,3,1
466237,1,0,18,0,5,0.0,2,3.0,3,4
462707,0,1,55,1,0,0.0,0,4.0,5,3
467060,1,0,39,0,2,5.0,2,2.0,5,4
460281,0,0,29,1,1,10.0,2,5.0,5,4
460164,1,1,66,0,2,1.0,2,2.0,5,1
460431,0,0,46,1,2,1.0,2,1.0,5,4
466901,0,1,52,1,0,0.0,0,3.0,6,3
463328,0,0,23,0,5,0.0,2,4.0,5,4
462246,0,1,84,0,7,1.0,1,2.0,5,2
462371,0,0,27,0,5,5.0,2,3.0,1,4
462022,0,1,37,1,0,1.0,0,3.0,2,2
460662,0,0,46,0,6,9.0,2,1.0,5,4
464022,0,0,22,0,5,0.0,2,3.0,5,4
461819,1,1,42,1,0,0.0,0,2.0,5,3
465735,0,1,35,1,0,1.0,2,2.0,2,2
462804,1,1,39,0,4,5.0,1,3.0,3,4
464138,0,0,27,1,5,0.0,2,4.0,5,2
464224,1,1,65,0,2,1.0,1,2.0,5,2
463289,0,1,39,1,0,0.0,0,3.0,2,3
462038,1,0,31,1,0,4.0,2,4.0,5,1
463341,0,1,48,0,2,1.0,0,6.0,2,1
463185,0,1,58,1,0,1.0,0,2.0,5,3
464379,0,1,40,1,2,12.0,0,3.0,5,2
464521,1,0,26,0,1,2.0,2,4.0,5,2
459575,1,0,35,1,0,0.0,2,1.0,5,1
460003,1,0,49,1,1,5.0,2,1.0,5,4
462226,1,1,26,0,0,7.0,2,4.0,3,1
466675,0,1,49,1,0,2.0,0,2.0,5,3
461124,1,0,19,0,5,1.0,2,8.0,3,4
464638,1,0,39,1,0,2.0,2,3.0,3,2
462374,1,1,37,1,4,0.0,1,4.0,5,2
463526,1,0,41,1,1,0.0,2,1.0,5,1
462912,0,0,26,1,6,8.0,2,2.0,5,4
462604,0,1,38,0,1,1.0,0,3.0,3,1
460708,1,1,35,1,0,0.0,2,3.0,5,3
467015,1,1,49,1,0,0.0,0,2.0,5,3
467245,0,0,38,0,1,0.0,2,1.0,5,3
463619,1,1,70,0,4,1.0,1,2.0,5,1
467246,1,0,21,0,1,9.0,2,3.0,6,4
462969,1,1,58,1,0,8.0,2,1.0,2,2
460959,0,0,28,0,0,5.0,2,5.0,2,3
461911,1,1,57,0,4,0.0,2,1.0,5,1
459882,1,1,37,1,0,1.0,0,2.0,5,2
459632,0,1,52,0,8,1.0,1,3.0,3,4
462613,0,1,35,0,2,0.0,0,5.0,3,4
466455,0,1,30,1,1,4.0,2,2.0,5,4
462394,1,1,35,1,0,0.0,0,2.0,5,3
462010,0,0,31,1,0,14.0,2,3.0,1,1
461371,1,1,37,1,1,0.0,0,2.0,5,1
462376,1,1,71,1,4,0.0,1,2.0,5,2
459845,1,1,66,1,5,0.0,2,1.0,3,4
462583,1,0,26,1,0,0.0,2,4.0,3,4
459858,0,0,31,0,5,8.0,2,4.0,5,4
459091,1,1,67,1,0,0.0,0,6.0,0,2
467135,0,1,51,1,0,1.0,0,5.0,5,3
460413,0,0,39,1,0,7.0,2,1.0,5,2
466206,0,1,60,1,0,2.0,0,2.0,2,3
467382,1,1,36,1,1,9.0,0,2.0,5,3
463801,0,0,30,0,2,0.0,2,1.0,5,1
460296,0,1,60,1,0,1.0,2,2.0,5,1
463524,0,1,40,1,0,6.0,0,2.0,5,3
461775,0,1,83,0,7,0.0,1,2.0,5,2
462833,1,1,33,0,1,0.0,0,5.0,5,4
465506,1,1,43,1,3,1.0,0,4.0,3,2
463366,1,1,71,0,7,0.0,2,5.0,2,4
464987,1,1,50,1,4,1.0,1,5.0,5,2
459114,1,1,57,1,0,1.0,0,2.0,5,3
467928,1,1,35,1,0,2.0,0,2.0,5,3
462881,0,1,66,1,0,0.0,1,3.0,5,2
466524,0,1,46,1,0,0.0,2,1.0,2,2
463191,1,0,26,0,5,1.0,2,1.0,3,4
460861,1,0,21,0,5,1.0,2,3.0,2,4
465610,0,0,42,1,0,8.0,2,2.0,5,3
460206,0,1,40,1,3,1.0,2,2.0,5,2
462876,1,0,27,0,1,0.0,2,4.0,0,4
465333,0,1,37,1,0,2.0,2,2.0,6,3
460379,1,0,35,1,0,9.0,2,3.0,5,1
462991,1,0,28,1,5,0.0,2,1.0,5,4
460307,1,0,27,0,3,6.0,2,2.0,5,4
464383,0,1,81,1,7,1.0,2,1.0,5,3
467931,1,0,25,1,1,0.0,2,2.0,5,4
466594,1,1,72,1,4,1.0,1,2.0,5,3
461200,0,0,33,1,1,0.0,2,5.0,5,3
465600,1,1,40,1,2,7.0,2,2.0,2,2
459688,1,0,52,1,0,3.0,2,1.0,5,2
463549,1,0,23,0,5,0.0,2,4.0,5,4
466696,0,1,48,1,0,2.0,0,4.0,5,3
462906,0,0,31,0,5,0.0,2,4.0,5,4
461527,0,0,35,1,0,1.0,2,1.0,5,2
461354,0,0,63,0,3,0.0,2,1.0,1,2
461661,0,1,37,1,0,7.0,0,2.0,1,3
463532,0,1,67,1,0,9.0,2,3.0,5,2
465627,0,0,37,1,5,1.0,2,1.0,5,2
465242,1,0,22,0,5,7.0,2,4.0,2,4
465170,0,1,46,1,3,4.0,2,3.0,5,3
467359,1,1,41,1,0,6.0,0,2.0,5,3
460415,0,0,59,1,3,1.0,2,2.0,5,1
459432,1,1,84,1,7,0.0,2,3.0,5,1
467141,1,1,50,1,0,1.0,2,3.0,5,1
465035,0,1,74,1,7,12.0,1,2.0,5,3
461415,1,0,48,1,3,0.0,2,3.0,5,1
461957,1,1,47,1,3,1.0,0,4.0,5,3
465523,0,1,45,1,2,0.0,1,5.0,5,3
465279,1,1,53,1,5,0.0,1,4.0,5,1
463782,0,0,29,1,0,8.0,2,1.0,5,1
463243,1,0,19,0,5,0.0,2,3.0,5,4
465489,0,0,50,1,2,1.0,2,5.0,5,1
467100,0,0,42,1,0,0.0,2,1.0,1,2
460154,1,0,29,1,3,8.0,2,4.0,5,3
464030,1,0,18,0,3,1.0,2,4.0,5,4
463220,1,1,46,0,2,0.0,0,3.0,5,2
467564,1,1,72,1,0,0.0,0,2.0,5,2
465113,1,1,66,1,7,1.0,1,2.0,3,3
465965,0,1,41,0,8,8.0,2,2.0,5,1
460907,1,1,82,0,7,1.0,1,3.0,5,1
467314,1,1,43,0,0,0.0,0,2.0,5,3
459951,1,1,53,1,0,0.0,2,1.0,5,1
467295,1,0,29,0,5,0.0,2,3.0,5,3
466212,0,1,53,1,0,0.0,0,3.0,5,3
463533,0,1,87,1,0,1.0,1,2.0,1,3
467890,1,1,62,1,3,0.0,0,4.0,5,2
467541,1,1,43,1,0,1.0,1,3.0,5,1
460183,1,0,36,0,3,8.0,2,2.0,5,4
463634,0,0,30,1,1,0.0,2,3.0,5,1
463100,0,0,37,0,6,8.0,2,1.0,5,4
460550,0,1,59,1,0,0.0,0,4.0,2,3
465867,0,1,35,1,0,8.0,1,5.0,5,2
462964,1,1,39,0,0,7.0,0,3.0,5,3
466685,0,0,19,0,5,0.0,2,5.0,5,4
463005,0,1,40,1,6,10.0,0,2.0,3,2
464796,1,1,43,0,8,3.0,1,4.0,3,1
460682,1,1,43,0,0,6.0,2,2.0,2,2
459744,1,1,29,1,0,9.0,0,2.0,5,2
460084,0,0,27,1,5,1.0,2,2.0,5,4
461119,0,0,23,0,5,6.0,2,3.0,2,4
463441,1,1,42,1,0,8.0,1,4.0,5,3
466971,1,0,65,1,4,9.0,2,3.0,5,4
463208,1,1,57,1,4,1.0,0,5.0,5,3
467877,0,1,46,1,0,0.0,0,2.0,5,3
464471,1,1,30,1,1,0.0,2,3.0,5,4
467360,1,1,51,1,0,0.0,0,4.0,5,2
461576,1,1,39,1,0,10.0,2,2.0,3,3
461966,0,0,41,1,0,1.0,2,1.0,5,3
463398,1,0,29,0,8,9.0,2,4.0,2,3
466096,1,1,76,1,7,0.0,2,2.0,3,2
461082,1,0,23,0,5,8.0,2,4.0,0,4
465942,0,1,33,1,8,8.0,1,2.0,5,4
464354,0,0,43,1,2,3.0,2,2.0,3,1
464252,1,1,35,1,0,1.0,0,4.0,5,3
463463,1,1,32,0,1,0.0,2,2.0,5,1
465592,1,1,65,1,3,1.0,2,1.0,5,2
462214,1,1,49,0,1,1.0,2,2.0,3,4
466707,0,1,48,1,6,1.0,2,4.0,5,2
459956,0,1,39,1,5,8.0,0,2.0,5,4
460847,1,0,27,1,0,1.0,2,3.0,5,1
462816,1,1,76,0,3,0.0,2,1.0,5,4
461979,1,1,35,1,0,9.0,0,2.0,5,3
467170,1,1,35,1,0,8.0,2,4.0,6,1
462609,0,1,48,0,1,4.0,2,1.0,3,4
466332,1,0,23,0,5,0.0,2,3.0,1,4
459594,0,1,42,1,0,5.0,2,1.0,5,1
464147,1,1,41,1,0,0.0,1,3.0,5,3
464119,1,1,36,1,0,0.0,0,2.0,5,3
463310,1,1,60,1,3,0.0,2,2.0,2,1
465706,0,1,46,1,0,1.0,0,3.0,5,3
466174,0,0,20,0,5,8.0,2,4.0,1,4
463596,0,0,31,0,5,0.0,2,4.0,5,3
465455,1,0,26,0,1,0.0,2,2.0,5,4
462867,1,1,28,0,0,1.0,2,2.0,5,1
459140,0,0,18,0,5,7.0,2,6.0,5,4
464295,0,0,30,0,5,7.0,2,6.0,3,3
460067,0,0,39,1,3,11.0,2,1.0,5,1
467222,1,1,74,1,3,1.0,0,2.0,5,1
461482,0,0,52,1,0,9.0,2,1.0,5,3
463722,1,1,55,1,4,9.0,1,2.0,5,3
462278,1,0,31,1,5,0.0,2,4.0,5,3
463799,0,0,41,1,0,0.0,2,4.0,1,2
464259,1,1,59,1,0,1.0,0,4.0,5,2
467159,0,1,39,1,6,8.0,1,2.0,5,4
462003,1,1,79,0,7,9.0,2,3.0,5,4
464298,1,0,26,0,1,1.0,2,1.0,5,1
465039,0,1,88,0,7,0.0,1,2.0,5,2
467973,0,1,66,1,2,0.0,0,3.0,5,1
461721,1,0,26,1,3,7.0,2,5.0,4,4
463166,0,0,41,1,0,1.0,2,1.0,3,1
465944,0,1,36,0,2,4.0,1,3.0,6,1
461061,0,0,38,1,2,3.0,2,1.0,1,2
463010,1,1,81,0,4,0.0,2,1.0,5,4
464756,0,0,25,0,2,5.0,2,3.0,3,2
464006,1,0,32,0,5,0.0,2,5.0,5,2
461206,1,0,28,1,5,9.0,2,1.0,5,4
466216,1,0,29,0,3,1.0,2,4.0,3,1
463690,0,0,28,0,5,7.0,2,4.0,5,4
465929,1,0,26,1,5,8.0,2,5.0,5,4
461736,1,1,47,1,3,1.0,0,4.0,5,3
460402,0,1,50,1,1,1.0,2,2.0,6,1
467367,1,1,70,1,7,1.0,2,2.0,5,2
464918,1,0,39,0,0,1.0,2,1.0,3,4
461639,1,1,60,1,0,0.0,0,2.0,5,1
464254,1,1,63,1,3,0.0,0,3.0,5,3
462579,0,1,68,0,7,1.0,2,2.0,3,2
466976,1,1,47,1,0,0.0,2,1.0,5,2
467079,1,1,40,1,0,1.0,2,2.0,5,2
467724,1,1,46,0,0,1.0,1,3.0,5,2
459792,1,1,42,1,0,6.0,2,3.0,5,1
464789,0,1,48,1,0,0.0,0,5.0,3,2
467143,0,0,53,0,7,1.0,2,3.0,5,4
464370,1,1,65,1,3,0.0,0,2.0,5,2
459415,1,0,26,0,1,0.0,2,4.0,5,1
459387,1,0,35,1,1,0.0,2,1.0,5,4
467895,0,0,27,1,5,0.0,2,4.0,5,3
459838,0,1,86,0,7,0.0,1,2.0,5,3
463695,0,0,30,1,1,1.0,2,4.0,1,1
464512,1,1,43,0,4,8.0,2,3.0,5,1
467419,0,1,38,1,0,4.0,2,1.0,5,2
462511,0,1,66,1,7,1.0,1,2.0,5,3
464124,0,1,74,1,1,1.0,2,2.0,5,2
466194,1,1,89,0,7,0.0,2,1.0,5,1
461807,1,0,30,1,1,10.0,2,4.0,5,4
460456,1,1,33,0,4,0.0,1,5.0,2,4
462932,0,1,37,1,6,3.0,1,3.0,5,1
461297,1,1,69,0,7,0.0,1,2.0,5,3
464430,0,1,51,1,2,6.0,0,2.0,5,3
459416,1,0,19,0,0,10.0,2,3.0,5,1
464743,1,1,45,1,3,0.0,0,2.0,3,2
466276,0,0,32,0,1,0.0,2,5.0,3,4
467829,0,0,22,0,1,3.0,2,4.0,1,4
463813,0,0,26,0,2,1.0,2,6.0,5,1
461733,0,1,43,1,0,0.0,1,3.0,5,2
466925,1,0,19,0,5,7.0,2,2.0,5,4
467846,1,1,48,1,0,1.0,0,3.0,5,3
459596,0,1,61,1,1,1.0,0,2.0,5,2
460597,0,0,20,0,8,1.0,2,2.0,2,4
467788,1,0,22,0,5,0.0,2,4.0,5,4
467966,0,0,31,1,3,9.0,2,3.0,6,4
464503,1,0,25,1,0,9.0,2,3.0,5,1
460242,1,1,41,1,5,8.0,2,3.0,5,3
467014,1,1,36,1,4,9.0,1,3.0,5,3
466637,1,1,48,1,0,1.0,1,5.0,1,3
462553,1,0,27,0,0,1.0,2,1.0,5,2
459287,1,0,35,1,7,1.0,2,1.0,3,4
464074,0,1,39,1,1,0.0,0,3.0,5,3
463734,1,1,38,0,4,0.0,0,3.0,5,1
466575,0,1,57,1,0,7.0,0,3.0,5,3
459193,1,0,38,1,0,1.0,2,1.0,5,1
462143,1,1,80,0,0,1.0,2,2.0,5,1
467140,1,1,61,1,3,9.0,0,2.0,5,3
463356,1,0,29,1,5,5.0,2,4.0,1,4
466797,0,0,23,0,5,1.0,2,4.0,5,4
459234,0,1,83,0,7,1.0,2,1.0,5,4
460442,1,1,37,1,3,0.0,0,3.0,5,2
463901,1,1,35,0,0,0.0,2,6.0,3,3
465494,1,1,41,1,1,9.0,0,2.0,5,2
459239,1,1,81,0,3,1.0,2,1.0,5,1
466379,0,1,58,1,6,2.0,2,1.0,5,3
464759,0,0,38,0,2,8.0,2,1.0,3,1
461994,1,1,18,0,1,10.0,2,2.0,5,4
461802,1,0,37,1,0,1.0,2,4.0,5,2
462527,1,1,43,0,0,4.0,0,2.0,5,3
461800,0,0,36,1,1,4.0,2,1.0,1,2
460933,0,1,76,1,7,0.0,1,2.0,5,1
460189,1,0,33,0,3,14.0,2,1.0,5,4
459031,1,1,43,0,4,1.0,1,5.0,3,2
464673,1,1,47,0,4,1.0,1,7.0,1,4
459101,1,1,81,0,7,8.0,2,2.0,5,2
460136,1,0,27,1,0,10.0,2,3.0,5,4
460973,1,0,29,0,3,1.0,2,5.0,5,4
460187,0,0,38,1,1,4.0,2,3.0,5,1
459700,1,1,37,1,4,0.0,0,5.0,5,2
464787,1,0,47,0,3,1.0,2,1.0,3,1
462614,1,1,51,0,3,1.0,0,5.0,3,4
460813,0,1,86,0,7,1.0,1,2.0,5,1
462698,0,1,56,1,3,1.0,0,2.0,5,1
463344,1,1,59,1,0,3.0,0,2.0,5,2
463633,1,1,33,1,1,0.0,0,2.0,5,2
462317,0,0,32,0,3,3.0,2,6.0,3,4
467353,1,1,26,0,0,3.0,2,2.0,5,1
464553,1,1,70,1,0,1.0,2,2.0,5,2
463518,1,1,30,0,4,5.0,1,4.0,5,1
459711,1,1,37,0,4,9.0,1,6.0,5,4
460788,0,0,30,1,1,0.0,2,9.0,3,1
459392,0,0,23,0,1,0.0,2,3.0,5,3
467887,0,0,42,1,0,0.0,2,2.0,0,2
467743,1,1,48,0,4,1.0,1,4.0,0,2
460368,1,0,28,1,5,0.0,2,7.0,5,3
463126,0,1,65,1,0,3.0,0,2.0,5,3
467046,0,0,28,0,1,0.0,2,5.0,2,1
462439,1,0,18,0,5,1.0,2,4.0,5,4
464182,1,1,35,1,0,4.0,0,2.0,1,3
464810,0,0,27,0,2,1.0,2,1.0,3,1
464234,1,1,68,1,3,0.0,2,3.0,1,1
464683,1,1,52,0,2,0.0,0,6.0,3,2
463349,1,0,20,0,5,5.0,2,5.0,1,4
465866,1,1,35,1,0,7.0,2,3.0,5,4
465261,0,0,21,1,5,0.0,2,4.0,0,4
459780,0,0,42,0,3,1.0,2,3.0,5,1
462031,0,1,50,1,0,0.0,0,2.0,5,3
463941,0,0,32,0,0,1.0,2,6.0,3,4
466842,1,0,19,0,5,8.0,2,5.0,1,4
459014,1,0,22,0,5,0.0,2,4.0,5,4
462420,1,0,27,1,5,1.0,2,3.0,5,3
465250,1,0,22,0,5,0.0,2,4.0,3,4
466513,0,1,55,1,0,1.0,0,3.0,5,2
461791,0,0,22,0,7,8.0,2,1.0,5,4
464586,0,0,46,1,0,1.0,2,1.0,2,2
461391,1,1,65,1,3,3.0,2,3.0,5,3
466658,0,0,18,0,5,0.0,2,4.0,5,4
459728,0,1,53,1,0,2.0,0,4.0,5,3
462219,1,1,59,0,4,0.0,2,5.0,3,2
467553,0,0,32,1,5,8.0,2,3.0,5,4
459655,1,1,39,1,0,1.0,0,3.0,5,2
462182,1,1,88,0,0,7.0,2,1.0,5,4
459119,1,1,61,1,4,9.0,1,3.0,5,3
460721,1,0,21,0,5,1.0,2,4.0,5,4
459517,1,0,31,1,5,1.0,2,4.0,5,4
461441,1,1,58,1,0,1.0,0,4.0,5,3
465390,0,0,27,1,8,3.0,2,3.0,5,4
466160,0,1,51,1,2,1.0,0,2.0,5,3
463842,0,1,48,1,2,0.0,1,4.0,5,2
465902,1,0,25,1,4,3.0,2,3.0,5,4
467034,1,1,89,0,4,0.0,1,2.0,5,1
465747,0,0,40,1,0,6.0,2,1.0,5,3
464203,1,0,56,1,0,2.0,2,1.0,5,2
462373,1,1,36,1,3,9.0,1,3.0,5,2
465364,0,0,38,1,1,5.0,2,5.0,1,1
464280,1,1,47,1,3,1.0,2,4.0,5,3
460993,1,1,61,1,0,1.0,0,4.0,5,3
464227,1,1,89,1,7,0.0,1,2.0,5,3
461141,1,1,55,0,6,2.0,2,1.0,2,1
467282,0,1,43,1,0,4.0,0,2.0,5,1
459790,1,0,28,0,1,10.0,2,3.0,5,3
464670,1,1,42,0,3,0.0,0,4.0,3,2
461136,1,0,59,1,0,1.0,2,1.0,5,2
460283,1,1,43,1,1,14.0,2,2.0,5,1
460337,0,0,42,1,8,10.0,2,3.0,5,4
463275,1,1,29,0,3,7.0,0,2.0,2,4
466861,0,0,21,0,5,8.0,2,7.0,1,4
463177,1,0,41,1,3,7.0,2,2.0,0,4
461874,1,1,48,1,1,0.0,0,3.0,2,1
462506,1,0,31,0,5,1.0,2,4.0,5,3
466868,1,0,26,1,1,4.0,2,3.0,1,1
461253,0,0,18,0,5,0.0,2,5.0,3,4
461830,1,1,42,1,4,1.0,1,3.0,5,3
464748,0,1,52,0,2,9.0,0,5.0,3,2
461904,0,1,50,1,0,4.0,0,2.0,4,3
467562,1,1,71,1,4,0.0,1,3.0,5,1
465168,0,1,59,0,3,8.0,0,2.0,5,2
459162,0,1,85,1,7,0.0,1,2.0,5,1
462831,1,1,29,0,4,1.0,1,3.0,5,4
465576,1,1,43,0,4,4.0,0,5.0,3,1
464474,0,0,52,1,0,1.0,2,1.0,5,1
465169,0,0,59,1,1,0.0,2,4.0,5,2
460235,0,0,23,0,5,1.0,2,3.0,5,4
462580,0,0,39,1,0,0.0,2,1.0,3,2
467313,1,1,39,1,3,1.0,0,2.0,5,2
460400,0,1,46,1,3,5.0,2,2.0,5,1
463406,1,0,33,0,8,0.0,2,4.0,2,3
459135,1,1,53,1,4,0.0,1,4.0,5,3
462972,0,1,62,1,0,1.0,2,1.0,5,2
466284,1,1,46,1,0,1.0,0,5.0,1,3
464410,1,1,40,1,0,0.0,0,2.0,5,3
466005,1,0,62,1,3,1.0,2,4.0,1,3
459206,0,0,25,0,0,1.0,2,3.0,5,3
461156,1,0,22,0,8,3.0,2,6.0,2,4
465515,0,1,47,1,0,1.0,1,6.0,5,2
460883,1,1,68,1,0,0.0,1,2.0,5,2
465380,1,0,25,0,3,5.0,2,2.0,5,4
461218,1,1,27,0,4,0.0,2,6.0,5,4
467186,1,1,38,1,3,2.0,0,3.0,2,2
461859,0,1,46,0,0,5.0,2,5.0,5,3
467821,0,1,37,1,0,1.0,2,2.0,5,3
462525,0,1,41,1,0,0.0,0,2.0,5,3
462787,0,0,29,0,0,1.0,2,1.0,2,1
459055,0,0,19,0,3,1.0,2,5.0,5,4
462605,1,1,82,0,4,1.0,1,2.0,3,4
461252,0,1,48,1,1,1.0,2,1.0,2,4
464340,1,1,67,1,0,1.0,1,2.0,5,2
461872,0,1,77,1,7,0.0,1,2.0,5,2
467423,1,1,61,1,0,0.0,2,1.0,5,2
463865,1,1,46,1,0,0.0,0,5.0,5,2
458984,1,1,39,1,0,0.0,0,3.0,5,3
459142,0,1,89,1,0,0.0,1,3.0,5,3
466389,0,1,47,1,2,0.0,0,2.0,5,1
460632,0,0,22,0,5,0.0,2,3.0,2,4
465626,0,0,42,1,0,7.0,2,3.0,5,3
461768,1,1,69,1,0,0.0,1,2.0,5,3
462242,0,0,30,1,3,0.0,2,5.0,0,4
466949,1,1,39,0,4,12.0,1,7.0,5,2
465479,1,0,27,0,0,1.0,2,1.0,3,4
464845,1,1,30,0,2,1.0,0,3.0,3,1
465066,1,1,47,1,4,7.0,1,4.0,5,3
466817,0,1,81,0,7,0.0,1,2.0,5,2
466436,1,1,42,0,1,0.0,0,3.0,5,2
467974,0,0,43,1,0,1.0,2,1.0,3,2
460341,0,0,31,0,3,11.0,2,5.0,6,4
467463,0,1,39,1,0,8.0,0,3.0,5,2
466235,0,1,57,1,0,0.0,0,4.0,3,3
466094,0,0,31,0,5,0.0,2,3.0,5,2
461451,0,0,28,1,2,1.0,2,6.0,1,1
460473,1,1,58,1,0,0.0,0,2.0,3,2
461786,1,1,71,1,7,0.0,1,2.0,5,3
466745,0,1,36,1,6,0.0,0,2.0,5,2
460124,0,0,43,1,0,1.0,2,3.0,5,1
459910,1,1,69,1,0,1.0,2,2.0,5,2
464082,1,1,77,1,7,0.0,2,1.0,5,1
461487,1,1,50,1,0,1.0,0,4.0,5,3
465188,0,1,50,1,0,1.0,0,4.0,5,2
467255,0,0,40,1,5,6.0,2,2.0,5,4
466993,0,1,43,1,2,9.0,0,2.0,5,3
464403,0,1,65,1,7,0.0,1,3.0,5,3
461518,0,1,46,1,0,0.0,0,4.0,2,2
464848,1,1,35,0,3,1.0,0,4.0,3,2
460715,0,1,86,0,7,0.0,1,2.0,5,1
466963,1,0,63,0,3,7.0,2,1.0,5,1
466508,0,1,40,1,0,9.0,0,5.0,5,2
460125,0,1,55,1,0,10.0,2,1.0,5,2
462325,1,0,37,1,5,1.0,2,4.0,3,2
461537,1,0,31,1,0,0.0,2,1.0,5,2
461679,1,0,28,1,5,4.0,2,4.0,5,4
463559,0,1,48,1,2,1.0,1,3.0,5,2
467018,1,1,57,1,0,1.0,0,5.0,5,3
466104,1,1,81,1,7,1.0,2,1.0,5,2
467825,0,0,21,0,8,1.0,2,8.0,5,3
466599,0,0,33,1,5,1.0,2,2.0,5,3
466724,1,0,38,1,0,0.0,2,2.0,5,2
467881,0,0,33,1,0,10.0,2,1.0,6,1
462578,1,1,38,1,0,8.0,0,2.0,3,2
459177,0,1,39,1,0,1.0,0,4.0,5,1
459232,0,1,59,1,0,0.0,1,2.0,5,3
467019,1,1,80,1,7,1.0,2,1.0,5,3
462122,1,1,42,0,3,6.0,2,3.0,5,2
459776,1,1,75,1,7,2.0,2,1.0,5,4
466074,0,0,29,0,2,9.0,2,2.0,3,1
461528,0,0,33,1,2,1.0,2,2.0,5,1
464375,0,1,63,1,0,1.0,2,2.0,5,2
460138,1,0,33,1,3,9.0,2,6.0,5,4
460232,1,0,22,0,5,8.0,2,4.0,5,4
464444,1,1,36,1,0,8.0,0,2.0,5,3
467783,0,1,53,1,0,0.0,0,3.0,5,3
460497,1,1,35,1,3,6.0,2,5.0,2,4
465124,0,1,29,1,5,6.0,0,2.0,5,1
464602,0,1,31,1,5,0.0,2,1.0,0,4
465581,1,1,38,1,0,0.0,2,4.0,2,1
462750,1,0,22,0,5,9.0,2,8.0,5,4
461258,0,1,57,1,0,1.0,0,3.0,3,3
464958,0,1,42,0,2,1.0,0,6.0,3,2
462268,0,1,77,1,7,6.0,1,2.0,5,2
460920,1,1,79,1,7,1.0,1,2.0,5,3
463816,1,1,53,1,5,3.0,1,4.0,6,2
461712,0,1,42,1,0,1.0,2,2.0,5,1
461846,0,0,72,1,0,1.0,2,2.0,1,2
464315,1,1,71,0,4,1.0,0,2.0,5,3
467607,0,0,25,0,2,9.0,2,1.0,5,4
465224,1,1,61,1,4,0.0,2,3.0,5,4
463181,1,1,48,1,1,5.0,0,3.0,4,2
467932,0,0,28,0,5,0.0,2,4.0,5,4
466876,0,1,43,1,3,0.0,0,2.0,1,3
464071,1,1,82,1,7,0.0,1,2.0,5,2
464202,1,1,40,1,0,14.0,2,1.0,5,1
467163,1,0,32,0,5,9.0,2,3.0,5,4
461932,0,0,21,0,5,3.0,2,2.0,3,4
467280,0,0,28,0,3,10.0,2,2.0,5,4
463658,1,1,43,1,0,3.0,0,3.0,5,3
460579,0,1,38,0,2,0.0,0,5.0,2,1
462310,1,1,63,1,0,5.0,0,4.0,5,3
460321,1,1,25,1,0,3.0,0,2.0,5,2
464537,1,1,41,1,0,8.0,0,3.0,5,1
467346,1,1,37,1,0,1.0,0,3.0,5,3
466126,0,1,57,0,2,0.0,2,1.0,5,2
464058,1,1,86,1,5,0.0,2,1.0,5,4
462232,1,1,56,0,4,1.0,1,8.0,3,1
463034,0,0,27,1,6,9.0,2,1.0,5,4
459543,1,1,70,0,4,1.0,1,2.0,5,1
459635,0,0,22,0,5,8.0,2,4.0,5,4
464097,1,1,35,1,1,5.0,1,2.0,5,4
466930,1,0,31,0,5,2.0,2,2.0,4,1
463866,1,1,40,1,0,1.0,0,4.0,5,3
465387,0,1,43,1,0,0.0,2,2.0,5,3
463246,0,1,38,0,2,9.0,2,2.0,5,1
462241,0,0,28,0,3,1.0,2,4.0,5,4
463283,0,0,48,1,0,1.0,2,1.0,2,2
466983,0,1,41,1,0,8.0,0,2.0,5,3
462812,0,0,29,0,5,0.0,2,3.0,5,3
462496,1,1,45,0,0,1.0,0,3.0,5,1
460405,0,0,41,1,3,5.0,2,2.0,5,4
460757,0,1,28,0,6,9.0,1,3.0,5,1
466546,0,1,69,1,7,1.0,1,2.0,5,2
459138,1,1,53,1,0,1.0,0,3.0,5,3
459194,0,1,81,1,7,1.0,1,2.0,5,3
465043,1,1,48,1,1,9.0,0,5.0,5,3
461435,0,1,45,1,0,8.0,0,2.0,5,3
467677,1,1,57,0,3,0.0,1,3.0,3,4
463279,1,0,27,0,3,0.0,2,3.0,2,1
460395,0,0,27,1,3,8.0,2,3.0,5,4
462308,1,1,30,1,5,1.0,1,2.0,3,2
461309,0,0,21,0,5,1.0,2,4.0,5,4
459310,1,0,38,1,3,1.0,2,2.0,1,4
459786,1,1,57,0,8,1.0,1,3.0,5,1
467215,0,1,78,1,7,1.0,1,2.0,5,3
460613,0,1,46,1,6,8.0,0,3.0,2,3
461682,1,1,75,0,4,1.0,1,2.0,5,3
465605,0,1,52,1,2,4.0,2,1.0,2,2
463896,0,0,25,0,6,0.0,2,3.0,1,3
463323,1,1,31,1,5,2.0,2,2.0,5,4
464033,0,0,18,0,5,1.0,2,4.0,5,4
465456,0,1,59,1,0,3.0,1,5.0,0,2
467831,1,1,39,1,0,0.0,0,2.0,5,3
464285,0,0,25,1,0,9.0,2,1.0,5,2
465697,0,1,47,0,0,7.0,2,1.0,5,3
465199,1,1,32,1,3,1.0,2,2.0,5,1
466057,0,1,38,0,1,1.0,0,2.0,3,4
467327,1,1,52,1,0,3.0,0,4.0,5,3
460495,1,0,21,0,5,0.0,2,6.0,2,4
466180,1,1,70,0,7,0.0,2,1.0,5,2
467954,1,0,31,0,5,8.0,2,4.0,5,4
467915,0,0,23,0,1,0.0,2,4.0,5,3
464786,1,0,33,0,8,1.0,2,3.0,3,4
459220,0,1,77,1,7,1.0,1,2.0,5,1
461196,0,1,42,1,2,8.0,2,2.0,2,4
465069,1,1,73,1,5,1.0,0,3.0,5,3
464959,0,1,40,1,2,1.0,0,6.0,3,2
460537,0,0,33,1,0,0.0,2,3.0,2,1
461019,1,0,18,0,5,0.0,2,3.0,2,4
461686,1,1,59,1,0,1.0,2,2.0,5,2
459263,0,0,32,0,5,8.0,2,4.0,5,4
462947,0,1,46,1,0,1.0,2,1.0,5,2
463875,1,1,53,1,3,1.0,2,3.0,1,1
459704,1,1,41,1,0,1.0,0,3.0,5,2
467741,1,0,21,0,5,1.0,2,3.0,3,4
464978,1,1,62,0,4,0.0,1,2.0,3,2
465191,0,0,58,1,2,1.0,2,1.0,5,1
459459,1,1,36,1,0,4.0,2,1.0,5,1
467458,0,0,28,1,3,0.0,2,2.0,5,4
459223,0,1,47,1,1,1.0,0,4.0,5,3
462296,0,1,46,1,0,0.0,1,4.0,5,3
466625,1,1,49,1,0,0.0,0,2.0,6,3
462043,1,0,33,0,5,0.0,2,5.0,5,3
466777,0,1,49,1,6,8.0,0,2.0,5,3
459959,1,1,25,1,0,9.0,2,4.0,5,4
462470,1,1,80,1,4,3.0,2,1.0,5,2
460805,1,0,36,1,5,8.0,2,4.0,1,1
460026,1,0,26,0,2,7.0,2,1.0,5,4
463244,0,1,45,0,1,1.0,2,1.0,5,2
462032,0,1,69,1,0,0.0,2,2.0,5,3
467291,1,1,53,1,3,1.0,0,4.0,5,4
467847,1,1,41,1,0,8.0,1,2.0,1,1
462243,1,1,43,0,4,1.0,2,4.0,5,1
466626,0,1,51,1,0,1.0,0,2.0,6,3
464372,1,1,45,1,0,1.0,0,6.0,4,3
465005,1,1,50,1,4,4.0,1,3.0,5,3
466185,1,1,57,1,1,0.0,0,4.0,5,3
462165,1,1,70,1,7,3.0,1,2.0,5,4
464740,0,1,59,0,0,1.0,2,3.0,3,3
463753,0,0,30,1,5,0.0,2,5.0,1,4
459852,1,0,40,1,0,7.0,2,1.0,5,1
460777,1,1,74,0,7,0.0,2,1.0,5,4
463202,1,0,33,0,8,0.0,2,3.0,2,4
466973,0,1,63,1,8,2.0,2,1.0,5,4
459217,0,1,60,0,7,1.0,0,3.0,5,2
462265,1,0,31,1,1,3.0,2,4.0,5,3
460455,0,1,28,1,6,9.0,0,2.0,2,2
462402,0,1,37,0,3,1.0,0,2.0,3,4
459386,1,1,70,0,7,0.0,1,2.0,5,2
461526,1,1,78,0,3,0.0,2,2.0,5,4
461538,0,0,38,1,0,8.0,2,8.0,1,2
460736,1,0,19,0,3,0.0,2,3.0,5,3
459859,0,1,28,0,1,9.0,2,1.0,6,1
466252,0,1,73,0,4,0.0,2,3.0,3,2
462240,1,1,84,0,7,1.0,1,2.0,5,1
466920,1,0,21,0,5,7.0,2,4.0,2,4
466293,1,1,79,0,7,0.0,1,2.0,5,2
461517,1,1,42,1,0,0.0,0,3.0,5,2
466763,1,1,55,1,6,0.0,2,4.0,5,2
460822,1,1,41,1,0,0.0,2,2.0,5,1
466715,1,1,72,1,4,1.0,1,4.0,5,3
460045,1,1,56,1,0,0.0,2,2.0,5,2
467723,1,1,83,0,4,0.0,2,7.0,5,4
466664,0,1,47,1,1,1.0,0,2.0,3,1
464867,0,1,47,1,1,1.0,0,2.0,3,2
459742,0,1,83,0,7,1.0,1,2.0,5,3
463768,0,1,38,0,2,1.0,2,1.0,3,1
465636,1,0,29,1,5,3.0,2,3.0,3,4
467639,1,1,50,1,3,0.0,0,4.0,5,2
464760,0,1,52,0,2,6.0,0,4.0,3,2
462024,1,0,33,1,3,1.0,2,8.0,3,3
464730,1,1,36,0,4,1.0,1,6.0,3,4
465823,1,1,65,0,3,7.0,0,4.0,3,4
465546,0,0,25,0,8,1.0,2,9.0,4,4
460460,1,1,27,0,3,4.0,2,4.0,2,2
467202,1,1,22,0,1,1.0,2,4.0,5,1
467184,1,1,51,0,2,0.0,0,3.0,5,4
465327,0,0,42,1,3,1.0,2,1.0,5,4
466072,0,0,23,0,5,1.0,2,3.0,2,4
466086,1,1,80,1,7,0.0,1,2.0,5,3
459343,0,1,40,1,3,12.0,2,6.0,5,1
459224,0,1,48,1,0,0.0,0,2.0,5,3
465473,0,0,55,1,0,3.0,2,1.0,5,1
466887,1,1,36,1,3,1.0,2,3.0,2,1
463682,1,1,41,1,0,12.0,0,2.0,5,2
460963,0,0,32,1,0,0.0,2,3.0,5,2
467033,1,1,37,1,3,8.0,0,2.0,1,4
463883,1,0,30,0,5,0.0,2,2.0,3,2
466716,0,1,79,1,7,1.0,2,1.0,5,3
464251,1,1,65,1,0,0.0,0,4.0,1,2
463843,1,1,49,1,4,0.0,1,4.0,5,1
461476,1,1,53,1,0,1.0,0,4.0,1,3
467787,1,0,20,0,5,8.0,2,5.0,5,4
463130,0,1,78,0,7,1.0,1,2.0,5,2
467722,1,0,32,1,1,6.0,2,5.0,5,4
465241,1,0,23,0,5,3.0,2,2.0,3,4
460345,0,1,40,1,0,1.0,0,2.0,5,3
463512,0,0,30,0,2,0.0,2,3.0,5,2
466255,1,1,45,1,3,0.0,2,4.0,1,3
463449,1,1,25,0,5,1.0,0,2.0,5,4
459276,0,0,20,0,5,0.0,2,4.0,5,4
463644,0,0,27,1,5,1.0,2,3.0,6,4
466253,1,0,19,0,5,0.0,2,3.0,1,4
461717,0,0,26,1,5,0.0,2,4.0,1,1
462733,1,1,55,0,0,0.0,0,2.0,5,3
466146,0,1,41,0,2,8.0,0,3.0,5,3
461866,1,0,25,0,5,0.0,2,4.0,5,4
459876,0,1,67,1,0,1.0,0,2.0,5,2
461869,1,1,87,1,7,0.0,2,1.0,5,2
461228,1,1,26,0,1,9.0,2,6.0,5,4
462962,0,1,37,1,0,4.0,2,1.0,2,1
465869,1,0,42,1,1,1.0,2,1.0,5,1
464181,0,0,31,1,5,6.0,2,4.0,1,4
459740,0,0,20,0,5,0.0,2,3.0,5,4
462774,0,1,88,1,7,0.0,2,1.0,5,4
464567,1,0,33,1,5,8.0,2,4.0,1,4
459271,0,0,55,1,0,1.0,2,1.0,5,1
460990,1,0,22,0,5,1.0,2,3.0,5,4
463802,0,0,39,1,2,1.0,2,3.0,5,2
466672,1,1,62,1,0,0.0,2,3.0,5,3
462919,0,1,37,0,6,13.0,0,3.0,5,1
463153,0,0,26,1,6,9.0,2,1.0,1,4
460464,1,0,27,1,0,9.0,2,2.0,2,4
461375,1,0,29,1,5,1.0,2,4.0,1,4
467956,0,0,31,1,3,1.0,2,1.0,5,2
467024,1,1,40,1,3,9.0,0,5.0,5,2
461146,1,1,56,1,3,0.0,2,2.0,2,3
462388,0,1,45,1,0,1.0,1,5.0,5,3
460355,0,0,40,1,3,5.0,2,1.0,2,1
461854,1,0,30,1,5,9.0,2,3.0,5,4
458985,1,0,23,0,5,1.0,2,4.0,5,4
466356,1,1,46,1,0,0.0,2,2.0,5,3
460078,0,1,39,1,5,8.0,1,2.0,0,4
464969,0,1,65,0,7,0.0,1,9.0,3,1
461769,1,0,40,1,0,0.0,2,1.0,5,2
463548,0,0,18,0,5,3.0,2,4.0,3,4
467116,1,1,73,1,4,1.0,1,2.0,5,2
461577,0,1,50,1,0,1.0,0,3.0,5,3
460740,1,1,38,1,0,4.0,0,3.0,5,2
466844,1,0,18,0,5,0.0,2,5.0,5,4
460150,1,0,19,0,5,0.0,2,4.0,3,4
463242,0,0,26,0,2,5.0,2,2.0,5,1
466833,1,1,58,1,0,7.0,2,2.0,5,2
460371,0,0,28,1,0,1.0,2,2.0,5,3
465180,0,1,53,1,0,1.0,0,2.0,6,3
461279,1,0,18,0,1,4.0,2,2.0,5,1
459109,1,1,49,1,3,7.0,0,4.0,5,3
467519,1,0,19,0,5,0.0,2,3.0,5,4
461398,1,0,20,0,1,0.0,2,4.0,5,4
467188,1,1,55,1,0,2.0,2,2.0,5,2
459318,0,0,32,1,2,0.0,2,3.0,5,4
461823,1,0,27,0,5,10.0,2,4.0,5,3
459732,1,1,72,1,4,1.0,1,5.0,5,1
461317,0,0,59,1,0,1.0,2,1.0,5,3
461459,0,1,35,1,0,0.0,2,3.0,5,1
460429,0,0,32,1,2,9.0,2,1.0,5,1
464577,0,1,28,1,5,10.0,1,2.0,5,4
466552,1,1,19,0,3,1.0,2,2.0,5,1
461231,1,1,52,1,0,2.0,1,1.0,3,4
463650,1,0,29,0,1,1.0,2,3.0,5,4
462674,0,1,51,1,6,12.0,0,4.0,2,2
465275,1,0,27,1,5,1.0,2,5.0,5,4
465684,0,0,47,1,3,0.0,2,1.0,2,1
465492,1,1,61,0,3,1.0,2,1.0,1,1
464510,0,1,75,0,7,0.0,1,2.0,5,4
463588,1,0,19,0,5,1.0,2,1.0,5,4
466341,1,1,48,1,0,0.0,0,2.0,4,3
459397,1,1,59,1,0,3.0,0,2.0,5,2
460888,1,1,42,0,6,8.0,2,1.0,5,1
460272,0,0,86,1,7,1.0,2,1.0,5,1
460612,1,0,33,1,3,9.0,2,4.0,2,3
462227,1,1,49,0,4,3.0,1,5.0,6,2
467892,1,0,23,0,1,1.0,2,5.0,5,4
461012,1,0,35,0,1,1.0,2,3.0,2,4
463003,1,1,37,1,0,2.0,0,2.0,5,3
467592,1,1,43,1,3,7.0,2,2.0,5,1
462366,1,1,50,0,2,1.0,2,2.0,5,4
465908,0,0,50,0,2,1.0,2,1.0,5,1
463400,0,0,20,0,5,8.0,2,3.0,0,4
467075,0,1,31,0,6,9.0,0,2.0,5,1
462087,0,0,31,1,5,9.0,2,3.0,1,1
462522,1,1,41,0,4,1.0,0,5.0,3,2
459615,1,1,84,0,7,1.0,2,1.0,5,1
467794,0,0,23,0,5,0.0,2,4.0,2,4
461040,0,1,69,0,7,0.0,2,1.0,2,4
466443,0,1,68,1,0,4.0,2,2.0,5,2
463975,0,0,30,0,5,8.0,2,4.0,3,2
464063,0,0,26,1,1,1.0,2,1.0,5,4
461326,0,0,36,1,0,1.0,2,1.0,5,3
467196,1,0,18,0,3,0.0,2,5.0,5,3
461633,1,0,30,1,5,8.0,2,4.0,6,4
462045,0,0,46,1,0,9.0,2,1.0,5,2
466289,1,0,19,0,5,2.0,2,5.0,1,4
463562,1,0,33,1,3,0.0,2,4.0,5,3
460089,0,1,65,1,0,13.0,2,1.0,5,2
459336,1,1,26,1,0,6.0,0,2.0,5,1
467350,0,0,30,1,6,6.0,2,1.0,5,4
463565,0,0,33,1,3,1.0,2,4.0,5,4
463905,0,1,27,1,2,0.0,0,4.0,6,1
467269,1,1,65,1,0,0.0,0,2.0,5,3
464934,1,1,77,0,7,1.0,2,2.0,3,4
463923,0,0,20,0,2,0.0,2,4.0,5,4
465445,0,0,27,1,6,6.0,2,7.0,5,2
463661,0,1,51,1,1,1.0,0,4.0,5,2
459370,1,0,18,0,5,13.0,2,4.0,5,4
466019,0,1,63,1,0,5.0,2,1.0,2,3
467107,1,1,36,1,2,1.0,0,3.0,3,2
461683,1,1,43,1,4,1.0,1,4.0,5,2
459053,1,1,46,1,4,0.0,1,4.0,5,3
466894,1,0,51,1,0,0.0,2,3.0,5,2
460005,1,0,43,1,2,0.0,2,1.0,5,1
467969,0,1,43,1,0,0.0,0,2.0,5,3
463120,0,0,37,1,3,1.0,2,1.0,5,1
466106,0,1,63,0,0,0.0,0,5.0,5,3
461976,0,1,37,1,3,5.0,0,2.0,2,2
460885,1,1,53,0,0,8.0,0,3.0,5,2
463692,0,1,26,1,5,6.0,1,7.0,1,4
467674,1,1,40,1,0,0.0,0,2.0,5,3
465982,1,1,41,1,3,0.0,0,4.0,5,2
464349,1,1,66,1,0,2.0,2,1.0,5,3
463881,0,1,37,0,2,0.0,0,5.0,1,2
462247,0,1,42,0,0,1.0,1,4.0,5,2
463886,0,0,38,1,0,1.0,2,2.0,5,3
460304,0,0,53,0,7,1.0,2,1.0,5,4
466458,1,0,33,0,4,5.0,2,2.0,5,1
462449,1,0,19,0,5,1.0,2,3.0,5,4
467558,1,1,50,1,1,0.0,0,8.0,5,3
467247,0,0,26,0,2,0.0,2,2.0,5,4
461663,1,0,20,0,5,1.0,2,3.0,5,4
459571,0,1,53,1,4,0.0,1,4.0,5,3
459385,0,1,41,1,0,0.0,0,2.0,6,3
466191,1,1,48,1,4,0.0,1,3.0,1,3
465062,1,1,56,0,4,0.0,1,4.0,5,2
467108,0,0,66,1,0,0.0,2,1.0,5,4
466957,1,1,35,0,3,8.0,0,4.0,5,1
463298,1,1,50,0,3,0.0,2,2.0,5,1
461155,0,1,51,1,0,3.0,2,2.0,2,2
466650,0,0,30,0,5,8.0,2,3.0,3,4
464633,1,0,30,0,4,1.0,2,4.0,3,4
464469,0,0,50,1,0,9.0,2,1.0,5,2
465319,1,0,19,0,5,0.0,2,5.0,5,4
462041,0,0,22,0,1,0.0,2,2.0,3,4
459539,0,0,35,1,5,9.0,2,1.0,5,4
466158,0,1,47,1,2,0.0,2,4.0,5,2
460430,1,0,32,0,1,12.0,2,4.0,5,4
461953,1,1,33,0,5,11.0,1,2.0,5,4
467546,0,0,28,0,5,1.0,2,4.0,5,2
459667,0,1,50,1,5,1.0,1,6.0,4,3
461373,1,0,53,1,0,1.0,2,1.0,5,2
464587,0,1,49,1,0,1.0,2,2.0,2,1
467811,1,1,72,1,7,1.0,2,1.0,5,4
464333,1,1,60,1,4,0.0,1,3.0,5,2
466978,1,0,48,1,0,4.0,2,1.0,5,3
461705,0,0,32,0,5,1.0,2,4.0,5,4
461161,1,0,48,1,3,1.0,2,2.0,2,1
467860,0,0,33,1,3,0.0,2,1.0,6,2
462409,0,1,26,0,2,7.0,2,2.0,5,1
461093,0,1,38,1,0,1.0,0,4.0,2,3
466350,0,1,56,1,0,0.0,2,1.0,3,3
460512,0,1,43,1,2,0.0,1,4.0,2,1
462320,0,1,51,1,0,0.0,0,2.0,1,3
465355,0,1,47,1,0,7.0,0,2.0,5,3
462877,1,0,28,1,0,1.0,2,3.0,3,4
466259,1,0,20,0,5,1.0,2,2.0,5,4
462424,0,1,38,0,0,0.0,2,3.0,5,3
459028,1,1,57,1,4,1.0,1,3.0,5,3
463708,0,1,28,0,2,1.0,0,2.0,3,1
461405,1,0,39,1,0,1.0,2,1.0,5,2
466656,1,1,89,1,8,1.0,1,2.0,5,3
464409,0,1,81,1,7,0.0,0,2.0,5,1
463754,1,0,33,1,3,1.0,2,4.0,1,4
464628,1,1,32,1,0,5.0,0,2.0,2,1
466754,0,1,41,1,0,1.0,0,3.0,5,2
465023,1,1,43,1,0,9.0,0,2.0,1,3
466954,0,1,68,0,1,8.0,0,2.0,5,3
460274,0,1,58,1,0,7.0,2,2.0,5,3
466507,1,1,51,1,3,1.0,0,5.0,5,2
462281,1,1,47,1,0,0.0,2,2.0,5,3
462930,0,1,55,1,6,13.0,0,3.0,4,2
465125,0,0,39,1,0,9.0,2,1.0,5,1
464127,0,0,33,1,5,1.0,2,5.0,1,2
462164,0,1,62,1,0,9.0,2,1.0,5,2
463949,1,1,51,0,4,0.0,1,4.0,6,2
460380,1,0,29,1,3,8.0,2,3.0,5,4
461324,0,0,48,1,0,4.0,2,1.0,5,3
463482,1,0,41,0,2,9.0,2,7.0,3,3
465723,1,0,42,1,5,9.0,2,1.0,2,4
467948,0,0,20,0,5,0.0,2,3.0,5,4
464473,0,1,60,1,0,0.0,0,4.0,5,3
467325,0,1,72,1,7,1.0,1,2.0,5,2
462017,1,0,25,1,3,9.0,2,1.0,1,1
463152,0,1,57,1,1,1.0,0,4.0,5,3
462174,0,1,40,1,2,8.0,0,4.0,3,4
461511,1,1,35,0,1,9.0,2,2.0,5,2
464095,0,1,31,1,2,1.0,2,2.0,5,1
460096,0,1,78,0,7,1.0,2,1.0,4,1
462129,0,0,41,1,0,9.0,2,1.0,5,2
464111,1,1,57,1,0,0.0,0,3.0,1,4
463699,0,1,41,1,8,9.0,2,3.0,5,2
466307,1,1,49,1,0,1.0,2,2.0,5,3
459980,1,0,40,0,2,1.0,2,2.0,5,1
467115,1,1,89,1,7,0.0,2,2.0,5,2
464261,1,1,61,1,4,0.0,1,2.0,5,3
462098,0,1,38,0,3,3.0,0,3.0,5,2
460002,0,1,58,1,1,5.0,0,3.0,1,4
467322,0,1,46,1,0,0.0,0,2.0,0,3
466633,1,1,39,1,3,6.0,0,2.0,5,3
460966,0,1,58,1,2,1.0,0,4.0,5,2
461084,0,1,38,1,0,8.0,0,2.0,5,2
461165,1,1,28,0,0,1.0,0,2.0,2,1
461454,0,1,35,1,0,7.0,1,4.0,6,2
459284,0,1,70,1,7,1.0,1,2.0,5,3
461116,1,1,30,0,4,4.0,1,4.0,2,4
462362,1,1,63,1,3,0.0,0,4.0,5,2
464325,1,1,27,1,5,4.0,1,3.0,5,2
460063,0,0,43,1,0,1.0,2,1.0,2,1
460727,1,1,69,0,4,0.0,1,4.0,2,2
463317,1,1,72,1,8,0.0,2,1.0,5,1
459320,1,1,26,1,4,0.0,2,3.0,5,4
464457,0,0,53,1,0,9.0,2,1.0,5,2
463702,1,1,49,1,0,1.0,0,4.0,5,2
463890,0,0,28,0,0,1.0,2,5.0,0,1
467420,1,1,52,1,4,1.0,1,4.0,5,3
466878,1,1,38,0,0,8.0,1,5.0,5,1
462660,0,1,27,0,6,9.0,0,2.0,5,1
466691,1,0,18,0,5,5.0,2,4.0,1,4
463182,1,1,59,1,3,1.0,2,3.0,5,2
463321,1,0,22,0,5,1.0,2,3.0,0,4
462532,1,0,32,1,1,0.0,2,4.0,1,4
464588,0,1,35,1,0,0.0,2,2.0,5,2
467436,1,1,51,1,0,5.0,0,4.0,5,3
465260,0,0,22,0,5,8.0,2,6.0,5,4
462895,1,0,32,0,3,1.0,2,3.0,6,4
463168,0,1,36,1,1,7.0,0,2.0,5,3
466853,1,0,32,1,5,1.0,2,3.0,5,2
464840,1,0,18,0,5,0.0,2,4.0,3,4
460135,0,0,31,1,5,4.0,2,3.0,5,2
464814,1,1,53,1,0,0.0,1,7.0,3,4
464856,0,0,42,1,2,8.0,2,3.0,3,1
463083,1,0,30,1,0,7.0,2,3.0,5,4
461283,1,0,19,0,5,1.0,2,4.0,5,4
466181,1,1,46,1,3,1.0,2,2.0,2,3
462465,1,1,51,1,2,1.0,2,2.0,5,2
464780,0,0,32,0,2,1.0,2,9.0,3,4
465385,0,0,46,1,0,5.0,2,1.0,1,2
464270,0,0,45,1,0,3.0,2,1.0,5,1
467807,1,1,50,1,4,1.0,0,3.0,5,2
466118,0,1,36,0,2,1.0,2,3.0,3,1
460068,0,0,40,1,0,8.0,2,1.0,5,2
460937,1,1,43,0,0,1.0,1,9.0,3,2
459550,1,0,19,0,5,8.0,2,5.0,3,4
461539,1,1,42,0,3,6.0,0,2.0,1,1
464228,1,0,29,1,5,1.0,2,1.0,1,4
461593,0,1,37,1,1,9.0,0,2.0,5,3
461949,0,0,38,0,0,14.0,2,1.0,5,1
466171,0,1,79,1,7,0.0,2,1.0,2,1
462682,1,0,25,0,3,2.0,2,7.0,5,4
463384,0,0,29,0,8,1.0,2,5.0,2,4
460584,0,0,33,1,6,1.0,2,1.0,2,1
459433,1,0,26,0,1,1.0,2,4.0,5,4
467452,0,1,38,1,0,9.0,0,2.0,5,3
462121,0,0,60,1,0,1.0,2,3.0,5,3
464890,0,0,33,0,2,0.0,2,7.0,3,1
461172,0,1,71,1,7,1.0,2,1.0,2,1
461268,0,1,60,1,0,0.0,0,2.0,3,2
465731,0,1,31,1,0,0.0,0,2.0,3,1
462861,0,0,26,1,5,8.0,2,1.0,5,4
458989,0,1,42,1,2,1.0,2,1.0,5,2
463527,0,0,35,0,0,13.0,2,1.0,5,1
463293,0,0,20,0,5,1.0,2,3.0,5,4
465166,1,0,25,1,5,4.0,2,5.0,3,4
460194,0,0,23,0,3,0.0,2,2.0,1,4
462711,1,1,53,1,0,0.0,0,5.0,5,3
467769,0,0,35,1,1,1.0,2,1.0,2,2
461898,1,1,60,1,4,5.0,1,3.0,5,3
460840,1,1,86,1,7,0.0,2,1.0,5,1
466607,1,0,18,0,8,2.0,2,2.0,2,4
462939,1,1,38,1,1,0.0,1,4.0,6,1
465698,1,0,39,1,0,8.0,2,2.0,2,1
461240,0,0,45,0,8,1.0,2,1.0,5,4
461357,1,0,28,1,5,0.0,2,4.0,5,4
459512,1,1,65,1,7,0.0,1,2.0,5,2
467775,0,0,41,1,0,0.0,2,1.0,6,3
462871,1,1,48,0,3,1.0,0,3.0,5,2
464454,0,1,52,1,2,7.0,1,4.0,5,3
459074,0,0,30,1,5,0.0,2,4.0,3,3
462539,0,1,77,0,7,1.0,2,1.0,5,1
460133,0,0,37,0,0,4.0,2,1.0,5,1
461780,0,0,65,1,7,0.0,2,5.0,5,1
466945,1,1,61,1,0,0.0,0,2.0,5,3
463922,0,0,32,0,5,2.0,2,5.0,0,3
466328,1,1,49,1,0,0.0,2,3.0,2,3
466195,1,0,19,0,5,1.0,2,4.0,5,4
462300,1,1,50,1,0,1.0,0,3.0,5,3
460412,0,0,31,0,5,0.0,2,5.0,1,4
467823,1,1,45,1,1,6.0,0,2.0,5,3
467726,1,1,82,1,7,0.0,1,2.0,5,3
460134,1,1,39,1,3,9.0,1,3.0,5,4
463237,1,0,20,0,5,1.0,2,5.0,5,4
466770,0,1,85,1,7,0.0,2,5.0,5,3
464198,1,1,49,1,3,1.0,2,2.0,5,1
459344,0,1,76,1,0,1.0,1,2.0,5,3
464152,1,1,37,1,0,0.0,1,4.0,5,2
464104,1,1,62,0,0,0.0,0,3.0,5,3
461034,0,0,23,0,8,2.0,2,6.0,2,4
460755,1,0,33,1,0,0.0,2,1.0,5,4
465019,1,1,53,1,0,0.0,2,3.0,5,1
460060,1,1,28,0,2,6.0,0,2.0,3,1
465739,0,0,87,0,7,1.0,2,2.0,5,1
461695,0,1,45,1,0,3.0,0,2.0,5,1
466297,0,0,21,0,5,1.0,2,4.0,3,4
465544,0,0,51,1,0,0.0,2,1.0,2,1
466207,0,1,37,1,1,9.0,0,4.0,1,3
462397,1,1,49,1,0,1.0,0,4.0,5,3
460014,0,0,66,0,3,2.0,2,3.0,5,4
460202,1,1,42,1,3,1.0,2,2.0,5,4
459834,1,1,45,0,1,1.0,0,3.0,5,2
460048,1,0,47,1,1,1.0,2,1.0,5,2
464546,0,1,38,1,2,8.0,2,3.0,5,1
467737,0,1,51,1,3,7.0,0,2.0,5,1
463936,1,1,32,0,3,1.0,0,2.0,5,2
467784,0,1,45,1,0,9.0,2,1.0,6,3
467067,0,0,32,0,5,0.0,2,4.0,5,3
465661,1,0,59,1,3,1.0,2,1.0,5,3
463745,1,1,62,1,0,1.0,0,3.0,2,1
466706,1,1,67,1,7,0.0,2,2.0,5,3
467816,0,0,73,1,0,0.0,2,1.0,5,3
466418,1,1,85,0,7,0.0,2,1.0,3,4
467882,0,0,40,1,0,0.0,2,1.0,5,2
465498,1,1,41,1,2,9.0,0,2.0,1,1
461070,1,1,46,1,1,0.0,2,3.0,2,4
467403,0,1,38,1,0,7.0,0,3.0,3,2
464382,0,1,55,1,0,1.0,0,4.0,5,3
465449,0,0,43,1,0,9.0,2,2.0,5,2
465190,0,1,48,1,0,1.0,1,4.0,5,3
467310,0,1,88,1,7,0.0,1,3.0,5,2
463131,1,1,66,0,3,1.0,1,2.0,5,1
467301,0,1,73,0,7,1.0,2,2.0,5,2
466202,1,1,49,1,0,9.0,0,2.0,5,3
459945,1,1,48,1,0,0.0,2,2.0,5,3
465187,0,1,39,0,1,0.0,0,4.0,3,3
460253,1,1,52,1,0,4.0,0,2.0,5,2
463216,1,0,30,1,0,8.0,2,1.0,5,1
465615,1,1,61,1,0,3.0,0,2.0,5,3
462055,1,0,33,1,5,0.0,2,7.0,3,1
465234,1,1,68,1,0,0.0,2,1.0,5,3
460720,0,1,48,1,0,1.0,0,2.0,5,2
467582,1,1,39,1,4,0.0,1,3.0,1,2
466046,0,1,36,0,3,1.0,0,2.0,3,1
467622,1,1,76,1,7,1.0,1,2.0,5,3
462664,1,1,69,0,0,2.0,2,2.0,5,1
461731,1,1,79,0,3,0.0,2,1.0,5,2
459061,0,1,39,1,5,9.0,1,3.0,5,1
461396,1,0,23,0,1,0.0,2,5.0,5,2
464900,1,1,71,0,7,1.0,2,2.0,3,4
463445,1,1,48,1,0,0.0,0,3.0,5,1
463824,0,1,37,0,0,1.0,2,3.0,5,2
459451,0,1,46,1,0,0.0,2,2.0,5,3
463674,0,0,25,1,2,0.0,2,7.0,3,3
460119,1,0,26,1,5,0.0,2,4.0,5,4
465227,1,0,23,0,5,6.0,2,3.0,5,4
467610,0,1,84,1,7,2.0,2,1.0,5,2
465159,1,1,57,0,3,0.0,2,1.0,5,1
465956,1,1,39,1,3,4.0,0,4.0,5,1
462422,1,1,71,1,7,1.0,2,2.0,5,1
466266,1,1,48,1,0,1.0,2,3.0,2,3
464573,0,1,39,1,0,7.0,0,3.0,5,2
463306,0,1,60,1,2,1.0,1,4.0,2,2
462065,0,0,43,1,6,14.0,2,1.0,5,4
463456,1,1,46,0,3,1.0,1,3.0,5,2
459779,0,1,62,1,3,1.0,2,1.0,5,1
466663,1,0,57,1,1,0.0,2,1.0,2,1
464504,1,0,29,1,5,0.0,2,4.0,5,4
465262,1,1,60,1,3,7.0,0,4.0,1,2
466205,0,1,58,1,0,6.0,2,1.0,5,3
464128,1,1,52,0,3,0.0,0,4.0,4,2
460482,0,1,30,0,6,9.0,2,3.0,2,2
466055,1,1,52,1,3,1.0,0,3.0,3,2
465511,1,1,31,1,0,0.0,0,2.0,5,1
467527,1,1,62,1,0,2.0,0,4.0,5,2
460927,1,1,38,1,5,1.0,1,4.0,2,4
464172,1,1,60,1,0,3.0,1,3.0,5,2
461442,1,1,47,1,0,1.0,0,6.0,1,3
459851,1,0,53,1,0,3.0,2,1.0,5,2
466179,1,1,71,0,7,0.0,2,1.0,5,2
459019,1,1,45,0,4,10.0,1,3.0,5,3
463274,1,1,58,1,0,7.0,2,1.0,2,2
459606,1,1,38,1,0,1.0,0,3.0,5,3
467418,1,1,49,1,0,1.0,0,4.0,5,3
461547,1,0,70,0,3,0.0,2,1.0,5,2
460811,0,1,52,0,2,1.0,1,2.0,5,1
463891,1,1,75,1,7,1.0,2,1.0,5,1
467534,1,1,48,0,3,5.0,0,2.0,1,3
462748,1,1,51,1,0,1.0,2,3.0,5,3
459380,1,1,62,1,0,1.0,2,1.0,5,1
466783,0,0,43,1,5,0.0,2,6.0,2,1
461134,1,1,32,1,1,0.0,2,3.0,5,4
465741,0,1,43,1,5,9.0,2,2.0,5,3
464785,1,1,35,0,1,5.0,2,4.0,3,1
464902,0,1,68,0,7,0.0,2,1.0,3,4
464271,0,1,36,1,0,0.0,0,3.0,1,3
467408,1,1,47,1,0,0.0,0,4.0,5,1
461822,1,1,37,1,0,9.0,1,2.0,5,3
459378,1,0,20,0,5,1.0,2,4.0,5,4
463818,0,1,40,1,0,2.0,2,1.0,5,2
460644,0,1,40,1,6,2.0,0,2.0,2,3
466743,1,0,26,0,3,1.0,2,2.0,5,1
464212,0,1,56,1,8,0.0,0,2.0,5,3
463709,1,1,35,1,0,1.0,1,2.0,5,1
466145,1,1,56,0,3,1.0,0,3.0,5,3
465679,1,1,47,1,5,1.0,2,2.0,3,4
464436,1,1,88,1,7,0.0,1,2.0,3,1
459094,0,0,31,0,5,1.0,2,5.0,5,3
466183,1,1,50,1,3,0.0,0,2.0,2,3
461102,1,1,43,0,3,0.0,0,3.0,2,1
462211,1,0,18,0,5,1.0,2,3.0,3,4
465687,1,1,88,1,7,1.0,2,1.0,5,1
465742,0,1,45,1,0,3.0,2,3.0,5,3
466324,0,0,28,0,2,0.0,2,1.0,3,1
461827,1,1,57,1,0,0.0,2,1.0,5,3
459442,1,1,85,1,4,0.0,1,2.0,5,3
460424,0,0,35,0,3,0.0,2,1.0,5,1
461170,0,0,40,0,2,0.0,2,3.0,2,1
465931,1,1,38,1,0,6.0,2,1.0,6,4
466800,0,0,18,0,5,6.0,2,3.0,5,4
462869,1,0,31,1,1,8.0,2,1.0,5,4
462678,0,1,48,1,0,4.0,0,3.0,5,3
464701,1,0,31,0,1,0.0,2,2.0,3,1
467125,1,1,46,0,3,1.0,0,4.0,2,3
461190,0,0,31,0,2,0.0,2,2.0,5,4
461691,1,0,31,1,5,3.0,2,4.0,0,4
461208,0,0,32,1,6,5.0,2,1.0,5,4
460052,0,0,81,1,7,1.0,2,1.0,2,2
464999,1,1,66,1,7,1.0,1,2.0,5,3
462191,0,0,22,0,1,3.0,2,2.0,3,2
467045,1,1,51,1,3,0.0,2,2.0,5,1
462558,0,0,33,1,2,0.0,2,6.0,5,4
460342,0,0,29,1,2,10.0,2,1.0,5,4
466647,0,1,41,1,0,7.0,1,2.0,5,3
459038,0,0,18,0,5,1.0,2,4.0,5,4
460074,0,0,48,1,7,4.0,2,1.0,5,1
465016,1,1,78,0,4,0.0,1,2.0,5,2
466230,1,1,46,1,0,0.0,0,2.0,5,2
467096,1,1,53,1,3,4.0,2,2.0,1,1
467059,1,1,47,1,0,2.0,2,1.0,5,4
463023,0,1,40,0,6,6.0,2,1.0,5,4
464557,1,0,27,0,0,8.0,2,4.0,5,4
464733,0,1,31,0,2,1.0,1,4.0,3,1
459799,1,1,47,1,0,1.0,2,2.0,5,2
466808,0,0,43,0,2,0.0,2,1.0,5,1
459321,1,1,81,1,3,1.0,2,1.0,5,2
464035,1,1,62,1,4,1.0,1,4.0,5,3
466975,1,1,51,1,0,0.0,0,2.0,5,3
460270,1,0,42,1,1,9.0,2,1.0,5,2
465529,0,0,33,0,1,0.0,2,4.0,5,1
464246,0,1,59,1,0,0.0,0,2.0,5,3
465639,1,1,36,1,5,8.0,1,2.0,5,4
464346,1,1,55,1,4,2.0,1,3.0,5,3
460953,1,1,59,0,3,1.0,2,2.0,5,4
464556,0,0,39,1,0,1.0,2,3.0,5,1
467762,0,0,39,1,2,0.0,2,4.0,5,3
467128,0,0,32,0,6,1.0,2,1.0,5,1
459503,1,1,35,1,5,5.0,1,4.0,5,3
466402,1,1,40,1,0,0.0,0,4.0,5,2
466834,1,1,60,1,3,1.0,2,3.0,5,1
467710,0,0,37,1,0,9.0,2,4.0,5,1
463227,0,1,35,1,2,1.0,0,2.0,5,1
464779,0,0,27,0,2,1.0,2,1.0,3,1
462883,0,1,28,1,0,8.0,2,4.0,5,1
459018,1,1,85,0,4,1.0,1,2.0,5,4
466774,1,1,78,1,7,0.0,2,2.0,5,3
459920,0,1,51,1,0,6.0,1,2.0,3,2
467906,0,0,33,0,5,0.0,2,5.0,0,4
460386,1,1,29,1,5,0.0,2,2.0,5,4
467069,0,0,29,0,5,0.0,2,3.0,5,4
465025,1,1,73,1,4,0.0,1,2.0,5,3
462650,0,0,33,0,3,8.0,2,5.0,3,4
459510,0,0,23,0,5,0.0,2,3.0,5,4
466229,1,1,56,1,4,0.0,1,1.0,5,2
466856,0,1,65,0,2,1.0,0,3.0,5,1
461623,0,1,41,1,0,11.0,0,2.0,5,2
461839,1,1,58,1,0,1.0,0,2.0,5,3
467883,0,1,48,1,0,0.0,0,2.0,5,3
460038,0,0,36,1,2,9.0,2,5.0,5,4
467744,1,0,36,1,0,9.0,2,1.0,5,4
462385,1,0,23,0,1,4.0,2,3.0,5,3
462916,0,1,68,0,0,6.0,0,3.0,5,3
463339,0,1,27,1,2,4.0,2,2.0,2,2
460981,0,1,42,0,8,0.0,0,2.0,5,1
458993,1,1,29,0,1,0.0,2,2.0,3,1
459966,0,0,31,1,1,1.0,2,3.0,5,2
459538,0,0,45,1,6,11.0,2,1.0,5,2
465975,1,0,42,1,0,8.0,2,1.0,5,1
464600,0,0,55,1,0,0.0,2,1.0,5,2
465760,0,0,43,1,2,8.0,2,2.0,3,1
466577,1,0,30,1,5,1.0,2,1.0,5,4
467324,1,0,32,0,1,5.0,2,1.0,6,4
464387,0,0,27,1,0,9.0,2,5.0,5,2
462481,1,0,33,1,3,1.0,2,1.0,5,1
465365,1,0,31,0,3,1.0,2,4.0,1,4
463762,1,1,31,0,4,1.0,1,3.0,5,1
460914,0,0,36,1,0,9.0,2,2.0,5,3
466123,1,1,70,1,3,0.0,2,1.0,5,1
460506,0,1,52,1,2,0.0,2,3.0,2,2
463066,0,0,28,1,5,9.0,2,3.0,5,4
465110,1,1,42,1,3,9.0,2,5.0,5,4
461445,1,1,52,1,0,3.0,0,4.0,5,3
466330,1,0,29,0,1,0.0,2,3.0,2,3
461578,0,1,61,1,0,0.0,0,4.0,5,3
465568,1,1,39,1,4,3.0,1,3.0,5,2
459130,0,1,74,0,7,0.0,1,2.0,5,1
459629,0,1,47,1,3,3.0,0,2.0,5,2
463892,1,0,38,1,0,9.0,2,1.0,5,1
461950,0,0,40,1,5,1.0,2,1.0,1,4
463499,1,1,48,1,4,0.0,2,2.0,5,1
467946,0,1,40,1,0,0.0,2,2.0,5,2
462679,1,0,63,1,1,1.0,2,1.0,5,4
459181,1,1,58,0,0,0.0,1,3.0,5,4
463612,0,1,51,1,2,1.0,1,3.0,5,3
463393,0,1,38,1,0,6.0,2,2.0,2,2
465527,0,0,26,0,3,6.0,2,8.0,3,4
462316,1,1,60,1,0,1.0,0,3.0,5,3
467510,1,1,51,1,3,3.0,2,3.0,5,2
466049,0,0,25,1,1,0.0,2,1.0,3,1
465211,1,0,43,0,0,6.0,2,2.0,5,2
460367,1,1,73,1,0,1.0,2,2.0,5,2
464585,1,1,66,1,7,1.0,1,2.0,3,3
463698,0,1,53,0,2,0.0,0,2.0,5,2
462114,1,0,21,0,5,1.0,2,4.0,5,4
461856,0,1,45,1,0,3.0,1,4.0,1,3
464593,0,0,35,1,1,1.0,2,4.0,1,2
459643,1,1,40,1,4,0.0,1,4.0,5,2
460213,1,1,40,1,3,5.0,2,1.0,5,4
461046,1,1,50,1,0,0.0,2,1.0,5,2
463409,0,1,43,0,3,7.0,0,5.0,1,2
463299,0,1,49,1,0,0.0,2,4.0,5,2
465719,0,1,37,1,0,0.0,2,2.0,5,3
463448,1,1,40,1,0,8.0,0,2.0,5,2
466248,1,0,41,1,1,1.0,2,1.0,1,2
463205,0,0,25,0,1,0.0,2,4.0,5,4
465648,0,0,32,0,3,0.0,2,2.0,1,1
467774,0,0,39,1,6,1.0,2,6.0,5,1
465525,0,1,38,1,5,3.0,0,3.0,1,4
467776,0,0,25,1,1,0.0,2,4.0,5,4
460850,0,1,61,0,2,0.0,2,1.0,5,2
463919,0,0,31,1,6,9.0,2,1.0,5,4
460809,1,1,72,1,0,2.0,2,1.0,5,2
465708,0,1,60,1,0,0.0,1,2.0,2,3
467138,0,0,26,0,6,13.0,2,1.0,5,4
459003,1,1,51,1,1,0.0,1,5.0,3,3
464479,1,1,55,1,3,1.0,2,1.0,5,2
464204,0,1,39,1,0,2.0,1,2.0,4,3
460073,0,1,42,1,2,2.0,2,1.0,5,2
460289,0,1,60,1,0,2.0,0,6.0,3,3
464052,1,0,36,1,0,0.0,2,1.0,5,1
459069,1,1,25,1,1,0.0,0,2.0,5,1
465800,1,0,25,0,5,1.0,2,3.0,5,3
461497,1,0,29,0,1,5.0,2,5.0,1,2
464005,0,0,27,0,5,0.0,2,5.0,5,3
459588,1,1,52,1,0,1.0,2,1.0,5,1
459476,1,1,41,1,0,0.0,1,4.0,5,1
464432,1,0,31,0,2,8.0,2,2.0,2,4
462264,1,1,45,1,3,0.0,0,4.0,5,3
466257,0,0,32,0,5,0.0,2,4.0,5,3
460121,1,1,55,1,2,1.0,0,3.0,5,1
463640,1,0,28,1,5,1.0,2,3.0,5,4
464462,0,1,70,1,0,5.0,1,2.0,5,3
461024,1,1,82,1,7,1.0,2,1.0,5,1
464229,0,0,26,0,2,2.0,2,7.0,5,4
466680,1,0,22,0,2,0.0,2,4.0,5,4
466063,0,1,48,1,3,0.0,2,1.0,2,2
465205,1,1,48,1,3,0.0,2,2.0,5,4
467476,1,0,32,1,5,1.0,2,4.0,5,4
463724,1,0,29,0,5,0.0,2,5.0,3,2
465868,1,0,35,1,0,6.0,2,3.0,5,4
466148,1,1,39,0,3,0.0,0,4.0,5,3
464273,0,0,26,0,0,2.0,2,2.0,5,4
466641,1,0,20,0,5,1.0,2,4.0,5,4
467044,0,0,35,1,8,0.0,2,1.0,6,4
461312,1,0,18,0,5,3.0,2,3.0,1,4
464450,0,1,56,1,0,0.0,1,2.0,5,2
467900,0,0,37,0,2,3.0,2,1.0,5,1
467651,1,0,23,0,5,0.0,2,4.0,5,4
459686,1,1,52,1,0,1.0,2,1.0,5,3
466985,0,1,45,0,2,0.0,0,7.0,6,1
465258,1,0,20,0,5,5.0,2,4.0,2,4
467718,0,0,20,0,5,2.0,2,6.0,1,4
460288,1,1,61,1,5,1.0,0,7.0,2,2
461991,1,0,23,0,1,0.0,2,4.0,5,2
460128,1,1,25,1,5,8.0,2,2.0,5,4
466614,1,0,21,0,5,1.0,2,6.0,4,4
462573,1,1,59,1,0,0.0,0,6.0,3,2
465346,0,0,37,1,8,1.0,2,3.0,5,4
465022,0,1,72,1,7,0.0,1,2.0,5,3
459931,1,1,50,1,0,0.0,2,1.0,5,1
464708,1,0,20,0,5,0.0,2,8.0,3,4
462303,0,1,32,0,0,0.0,0,4.0,5,1
464114,0,0,36,0,1,0.0,2,2.0,5,1
463638,0,1,29,0,1,0.0,0,2.0,6,2
466223,1,1,66,1,0,1.0,2,1.0,3,2
464560,1,0,39,1,3,9.0,2,2.0,5,1
459106,1,1,60,1,0,1.0,2,2.0,5,3
461492,1,1,70,1,3,8.0,0,2.0,5,3
462185,1,0,18,0,1,0.0,2,3.0,5,4
463967,0,0,33,1,2,0.0,2,2.0,5,1
462421,1,0,53,1,0,0.0,2,2.0,5,1
467587,1,1,27,1,0,9.0,0,3.0,5,3
460401,0,0,27,1,0,0.0,2,3.0,6,1
460372,1,1,37,1,0,4.0,0,2.0,5,3
464086,1,1,42,1,0,1.0,0,4.0,5,2
464705,1,0,32,0,0,3.0,2,7.0,3,1
463791,0,0,28,1,2,7.0,2,1.0,5,2
461514,1,0,31,0,5,1.0,2,4.0,5,2
459251,1,0,35,1,0,0.0,2,1.0,5,2
462923,1,1,33,0,6,9.0,0,2.0,5,1
461017,0,0,40,1,6,13.0,2,1.0,2,1
465700,1,1,25,1,3,1.0,1,2.0,2,4
460113,1,1,67,1,0,1.0,0,2.0,5,3
466073,0,1,62,0,2,8.0,1,2.0,3,1
463201,0,0,21,0,5,0.0,2,2.0,3,4
461345,1,0,27,0,1,0.0,2,3.0,5,4
461939,0,1,36,1,3,1.0,0,4.0,3,1
467552,1,1,53,0,4,0.0,0,4.0,5,3
461882,0,0,30,1,1,0.0,2,5.0,6,3
467800,0,1,53,1,0,8.0,0,3.0,5,3
465997,0,0,33,0,1,1.0,2,3.0,5,4
466981,0,1,53,0,2,0.0,2,3.0,4,1
467397,1,0,29,0,1,8.0,2,4.0,5,2
462589,0,0,28,0,2,8.0,2,8.0,3,4
467957,1,1,47,1,0,1.0,2,1.0,5,2
460264,0,1,35,1,3,0.0,2,4.0,0,1
466916,1,1,87,1,7,3.0,2,1.0,5,3
463822,1,1,56,1,0,0.0,0,4.0,5,3
461203,0,1,26,0,7,0.0,2,9.0,6,3
459124,0,1,75,1,0,1.0,1,3.0,5,2
467495,1,1,66,0,0,2.0,1,3.0,5,3
464292,1,1,55,1,0,0.0,0,2.0,5,3
461010,1,1,39,1,3,1.0,0,3.0,2,1
463109,1,1,61,1,4,9.0,1,2.0,5,3
462480,1,0,40,0,2,2.0,2,4.0,5,4
465229,1,1,43,1,4,0.0,1,3.0,5,2
462074,0,0,57,1,0,1.0,2,1.0,5,2
461645,0,0,37,1,0,0.0,2,2.0,5,3
463662,1,1,41,1,3,2.0,0,2.0,5,3
463756,1,1,68,0,4,1.0,0,2.0,5,2
466581,0,1,43,1,0,9.0,1,4.0,5,3
464680,1,0,21,0,5,1.0,2,5.0,3,4
464727,1,1,38,1,2,1.0,0,4.0,2,2
466413,1,1,62,1,0,1.0,0,5.0,5,1
462625,1,0,32,1,0,0.0,2,3.0,3,1
459048,0,0,18,0,5,0.0,2,5.0,5,4
461348,1,1,35,1,5,1.0,2,1.0,5,4
464719,0,0,28,0,1,3.0,2,4.0,5,1
465561,1,1,25,0,0,1.0,0,4.0,3,2
463976,0,0,29,0,5,5.0,2,4.0,3,1
464044,0,0,40,1,3,1.0,2,3.0,5,2
463333,0,0,18,0,5,0.0,2,3.0,5,4
462507,1,0,39,0,3,0.0,2,3.0,5,1
460589,1,1,49,0,3,1.0,0,6.0,2,2
460754,0,0,33,1,6,8.0,2,1.0,5,1
464170,1,1,38,0,0,8.0,2,1.0,5,2
463660,1,1,85,1,7,1.0,2,1.0,5,1
466200,1,1,51,1,1,8.0,0,3.0,3,2
460999,1,0,26,1,2,1.0,2,3.0,2,4
461327,0,1,35,1,0,1.0,0,3.0,5,3
461178,1,1,33,0,3,1.0,2,3.0,2,4
465150,1,0,41,1,3,0.0,2,1.0,5,1
462882,1,1,41,1,6,2.0,0,3.0,2,2
460544,1,0,77,1,7,0.0,2,1.0,2,3
459979,0,0,41,0,8,0.0,2,2.0,5,2
463157,1,1,46,1,3,5.0,2,3.0,5,1
466169,1,1,63,1,0,1.0,2,1.0,0,3
467427,0,1,37,1,0,8.0,1,2.0,5,3
465810,0,0,28,0,2,1.0,2,2.0,3,4
464112,1,0,28,1,1,1.0,2,2.0,5,4
465877,0,0,48,1,0,6.0,2,1.0,5,4
464337,1,0,36,1,0,5.0,2,1.0,5,4
465566,1,0,50,1,0,1.0,2,3.0,2,2
460394,0,0,32,1,5,9.0,2,3.0,5,4
460962,1,1,55,1,4,9.0,1,4.0,5,3
465323,0,1,43,1,0,0.0,2,1.0,5,1
460384,0,1,32,1,8,8.0,2,2.0,5,4
461760,1,1,82,1,0,0.0,1,2.0,5,3
465276,1,1,55,1,0,1.0,0,5.0,5,3
467270,0,0,33,1,1,0.0,2,4.0,5,3
464358,1,1,58,1,0,0.0,0,2.0,5,2
462181,0,0,32,1,5,8.0,2,3.0,5,3
459178,1,1,48,1,4,0.0,1,5.0,5,3
466117,1,1,62,1,0,1.0,0,2.0,2,3
463683,0,1,39,1,0,14.0,0,2.0,5,2
460223,1,0,47,0,3,1.0,2,1.0,5,1
465829,0,1,35,1,1,7.0,0,3.0,3,1
461523,1,1,78,1,7,0.0,1,5.0,5,2
461099,0,0,42,0,0,0.0,2,4.0,2,1
467405,0,0,37,1,0,1.0,2,1.0,3,3
467958,0,0,43,1,1,0.0,2,1.0,5,1
467283,1,1,48,1,0,1.0,0,3.0,1,3
463238,1,0,22,0,5,0.0,2,5.0,5,4
460228,1,0,31,0,5,2.0,2,5.0,1,1
464123,0,0,51,1,0,0.0,2,1.0,5,2
464110,1,1,58,1,1,1.0,1,2.0,5,2
460943,1,1,50,1,3,1.0,0,4.0,5,2
467603,1,1,71,1,7,1.0,1,2.0,5,3
460576,1,1,49,0,4,9.0,1,5.0,2,2
466635,1,1,53,1,0,4.0,0,2.0,5,3
461085,0,0,31,0,2,1.0,2,1.0,2,1
465850,0,0,21,0,5,9.0,2,7.0,3,4
467694,1,1,61,1,4,0.0,1,2.0,5,3
462497,1,0,35,1,0,1.0,2,2.0,5,2
465732,1,1,47,1,8,0.0,2,2.0,3,4
459759,0,1,38,1,0,0.0,0,3.0,5,3
465399,1,0,39,1,3,1.0,2,1.0,3,2
459107,1,1,55,1,0,1.0,2,2.0,5,3
461135,0,0,19,0,5,0.0,2,3.0,5,4
460769,0,1,76,0,7,1.0,1,2.0,5,2
463187,0,1,51,1,0,8.0,2,2.0,5,3
464070,1,0,39,1,0,5.0,2,2.0,5,2
462826,1,0,22,0,5,0.0,2,3.0,2,4
462844,0,1,30,0,2,0.0,0,2.0,5,4
463045,0,1,35,1,6,13.0,1,7.0,5,3
462236,1,0,35,1,3,13.0,2,2.0,3,3
460029,0,1,35,1,5,12.0,0,2.0,1,4
465393,1,1,36,1,0,7.0,0,2.0,5,3
462091,1,0,18,0,5,0.0,2,5.0,3,4
459860,1,1,75,0,4,1.0,1,2.0,5,4
461636,1,0,46,1,0,3.0,2,1.0,5,3
459431,1,1,68,0,0,0.0,2,2.0,5,1
459419,1,1,67,1,1,1.0,0,2.0,5,2
459806,0,1,50,0,2,1.0,0,4.0,5,2
463080,1,0,32,0,0,0.0,2,4.0,4,4
461044,1,0,21,0,5,1.0,2,5.0,3,4
467770,0,1,48,1,0,9.0,1,4.0,2,3
463245,1,1,37,1,3,9.0,0,2.0,5,1
459281,1,1,41,1,0,0.0,2,2.0,5,2
458983,0,1,63,1,4,0.0,1,5.0,5,3
459815,1,0,42,1,0,9.0,2,1.0,5,1
461038,0,1,49,1,2,1.0,1,5.0,2,2
465287,1,0,23,0,5,0.0,2,4.0,2,4
465313,1,0,31,0,3,0.0,2,3.0,5,2
464529,1,0,45,1,0,9.0,2,1.0,5,4
460391,1,1,21,0,3,0.0,2,3.0,5,4
464744,1,1,55,1,3,0.0,2,4.0,3,1
462741,0,0,26,1,0,2.0,2,2.0,5,1
461506,1,0,27,0,1,1.0,2,3.0,5,4
460207,1,0,41,1,3,11.0,2,4.0,5,2
459736,0,1,28,1,0,0.0,2,2.0,5,1
467187,1,1,47,0,2,1.0,0,3.0,5,3
466384,0,1,72,1,2,0.0,1,2.0,3,2
462763,1,0,23,0,5,0.0,2,4.0,5,4
465660,1,1,48,1,0,1.0,2,3.0,5,3
461493,0,1,33,1,0,8.0,0,3.0,5,1
460111,1,1,72,1,4,8.0,1,2.0,5,3
465305,1,1,66,0,4,1.0,2,2.0,5,4
461947,0,0,33,1,5,0.0,2,4.0,1,2
465008,0,1,70,1,0,0.0,1,2.0,5,3
459928,0,0,35,1,0,7.0,2,1.0,5,2
466639,1,0,38,1,0,1.0,2,1.0,5,2
459402,0,1,51,1,0,1.0,0,4.0,5,3
466470,1,1,67,1,6,1.0,0,2.0,1,2
465914,0,0,46,1,0,3.0,2,2.0,5,2
465675,0,0,47,0,3,0.0,2,1.0,3,1
461815,1,1,55,1,0,1.0,2,1.0,2,2
461335,1,1,51,0,4,9.0,1,2.0,5,3
461974,0,1,47,1,0,0.0,2,1.0,5,1
463267,1,1,31,0,6,9.0,2,1.0,3,1
464201,0,0,30,0,5,0.0,2,9.0,5,3
463942,1,0,26,0,5,0.0,2,4.0,3,4
459092,1,1,60,1,4,0.0,1,4.0,5,2
461264,1,0,19,0,1,0.0,2,3.0,3,4
462379,0,1,60,1,0,1.0,0,3.0,5,3
461554,1,0,25,1,5,0.0,2,3.0,5,2
466721,1,1,36,1,1,7.0,0,2.0,5,1
465822,0,1,52,1,2,1.0,0,5.0,3,2
461779,0,1,83,1,7,1.0,1,2.0,5,2
465537,0,1,56,1,0,0.0,1,5.0,2,1
465044,0,1,47,1,2,0.0,0,4.0,5,2
459171,1,1,40,1,0,1.0,0,2.0,5,3
466303,1,1,67,1,7,0.0,1,2.0,1,2
464547,1,0,41,1,0,0.0,2,2.0,2,2
462584,0,1,40,0,3,0.0,2,4.0,3,4
467399,1,1,29,1,1,1.0,2,3.0,5,4
462082,0,0,41,1,0,10.0,2,1.0,5,3
462575,1,1,50,0,4,1.0,1,4.0,5,2
459644,0,0,33,0,8,9.0,2,4.0,1,4
466587,0,0,48,0,5,0.0,2,4.0,5,3
460082,1,0,37,1,0,8.0,2,1.0,5,1
461380,1,1,37,1,0,1.0,0,2.0,5,2
465475,0,1,36,1,3,0.0,0,3.0,5,2
459883,1,0,63,1,0,0.0,2,1.0,1,2
466686,0,0,22,0,5,1.0,2,4.0,5,4
463750,1,1,41,1,0,3.0,0,3.0,5,3
460327,0,0,42,1,0,12.0,2,1.0,5,2
461349,1,0,26,1,1,0.0,2,5.0,5,4
465350,0,0,35,1,0,0.0,2,3.0,5,1
461665,1,1,61,1,3,4.0,0,2.0,4,2
461981,1,0,18,0,5,4.0,2,3.0,2,4
467685,1,1,50,0,8,1.0,1,6.0,3,1
465524,0,0,51,1,0,8.0,2,1.0,5,3
464220,1,1,65,1,4,1.0,1,2.0,5,1
463450,1,0,26,1,5,1.0,2,3.0,5,2
467481,1,1,50,1,0,0.0,0,2.0,5,1
464478,0,1,75,0,7,0.0,1,2.0,5,2
465549,0,0,52,1,5,0.0,2,1.0,2,4
459267,0,0,31,0,5,4.0,2,3.0,5,1
461875,1,0,33,0,1,0.0,2,3.0,5,2
463971,0,1,57,1,0,0.0,0,4.0,5,3
461789,1,1,67,1,4,1.0,1,2.0,5,3
461909,0,0,30,0,8,0.0,2,4.0,5,4
465244,1,0,23,0,5,1.0,2,4.0,3,4
466937,1,1,62,0,3,1.0,0,2.0,5,2
459296,1,1,70,1,0,1.0,0,2.0,5,3
459352,1,1,38,1,1,4.0,0,4.0,2,2
461225,0,0,32,0,8,11.0,2,6.0,5,4
463212,1,0,28,1,5,0.0,2,5.0,5,4
460925,1,1,42,1,0,1.0,0,3.0,5,3
460803,0,0,26,0,8,0.0,2,4.0,3,4
464694,0,0,30,0,2,1.0,2,3.0,3,1
467161,0,1,30,1,6,9.0,2,2.0,5,2
466640,0,0,19,0,8,1.0,2,4.0,5,4
464054,1,1,31,1,0,8.0,0,2.0,5,3
459154,1,1,88,1,7,0.0,1,2.0,5,1
465734,1,1,40,1,0,0.0,2,3.0,0,1
466612,0,0,21,0,5,8.0,2,2.0,5,4
463282,1,0,38,1,0,1.0,2,1.0,2,2
460681,0,0,36,1,6,6.0,2,1.0,2,2
466944,1,1,47,0,3,1.0,2,1.0,5,1
465376,0,0,30,1,3,1.0,2,4.0,3,1
465273,0,0,35,1,5,9.0,2,2.0,1,4
465162,1,1,58,1,0,1.0,0,3.0,5,2
459784,0,1,52,1,2,0.0,1,5.0,5,2
461057,1,1,46,1,0,0.0,1,4.0,2,2
464910,0,1,45,1,0,0.0,0,5.0,3,3
461826,1,1,35,1,0,12.0,0,2.0,5,1
461301,1,1,71,1,7,0.0,0,2.0,5,3
462995,1,1,36,1,0,0.0,0,5.0,5,3
464331,0,0,53,1,2,0.0,2,1.0,5,4
464487,1,0,53,0,2,1.0,2,3.0,3,1
465647,1,0,31,1,0,9.0,2,1.0,5,1
467132,0,1,66,1,2,0.0,2,2.0,5,2
467120,1,1,37,1,0,8.0,2,2.0,5,2
467802,0,1,47,1,0,0.0,1,5.0,5,3
464985,0,1,66,1,7,1.0,1,3.0,5,3
460224,0,0,25,0,5,1.0,2,3.0,5,2
465923,0,0,30,1,2,9.0,2,5.0,5,4
461948,0,1,45,1,0,1.0,0,4.0,5,3
461194,0,0,33,0,1,1.0,2,8.0,3,3
460590,1,1,37,1,0,0.0,0,3.0,2,2
463291,1,1,35,1,2,5.0,0,4.0,5,2
461321,1,1,50,1,0,13.0,2,1.0,5,3
466062,1,1,56,1,0,4.0,2,3.0,2,2
465252,0,0,20,0,5,8.0,2,3.0,2,4
461031,1,1,59,0,4,1.0,1,2.0,5,3
467230,1,0,21,0,5,0.0,2,4.0,5,4
465374,1,1,37,1,3,1.0,0,3.0,3,3
464159,0,1,68,1,0,1.0,2,1.0,3,2
463064,1,1,33,0,4,9.0,1,2.0,5,4
462927,0,0,26,0,6,9.0,2,2.0,5,1
459428,0,0,43,0,8,0.0,2,2.0,3,4
459921,1,0,37,1,0,8.0,2,1.0,2,1
462434,1,1,57,1,0,0.0,0,4.0,5,3
463625,1,1,35,0,0,1.0,0,3.0,3,1
465871,1,0,33,0,3,8.0,2,1.0,5,1
463151,1,1,60,1,0,1.0,2,1.0,2,1
459794,1,1,52,1,0,0.0,2,2.0,5,2
465004,1,0,35,1,3,0.0,2,3.0,6,4
464851,1,0,18,0,1,0.0,2,6.0,3,4
467383,0,1,77,1,7,0.0,1,2.0,5,2
466277,1,0,18,0,5,0.0,2,5.0,2,4
462115,1,0,18,0,5,0.0,2,3.0,5,4
463958,0,0,25,0,5,0.0,2,5.0,1,3
460023,1,1,49,1,3,0.0,2,1.0,5,1
460085,0,0,37,1,8,0.0,2,1.0,3,4
463930,1,1,49,1,0,1.0,0,2.0,5,3
463458,1,1,26,1,3,1.0,0,2.0,5,2
467147,1,0,45,1,3,0.0,2,1.0,5,1
461930,0,0,42,1,0,0.0,2,1.0,3,1
464398,1,1,48,0,8,0.0,2,5.0,5,4
461133,1,0,23,0,5,1.0,2,4.0,5,4
466382,0,1,52,1,2,4.0,1,2.0,3,2
466914,1,1,81,1,3,1.0,2,1.0,5,4
459986,1,1,60,1,0,0.0,2,1.0,5,2
465102,1,1,57,1,7,1.0,1,2.0,5,2
459209,0,0,21,0,3,1.0,2,4.0,5,3
464174,0,0,43,1,2,0.0,2,4.0,5,4
461516,1,1,32,1,3,0.0,0,3.0,5,1
463252,1,1,50,1,0,0.0,0,2.0,5,2
462795,1,0,25,0,3,13.0,2,3.0,5,1
461927,1,0,25,0,5,1.0,2,4.0,1,3
467337,1,1,56,1,0,1.0,0,4.0,5,3
465645,0,0,36,1,0,9.0,2,2.0,5,3
465844,0,0,46,1,2,0.0,2,1.0,5,4
460256,1,0,53,1,0,2.0,2,2.0,1,2
466825,0,1,41,1,0,1.0,2,2.0,5,1
464051,1,1,53,1,1,0.0,0,2.0,5,3
464643,0,1,79,0,2,0.0,1,2.0,3,1
467239,0,0,33,0,2,1.0,2,3.0,5,4
461113,0,0,23,0,5,1.0,2,4.0,2,4
466980,1,1,72,1,7,1.0,1,2.0,5,1
466077,1,1,35,1,1,9.0,1,3.0,5,1
460520,0,0,28,1,1,1.0,2,3.0,2,3
466429,1,1,36,0,5,1.0,2,2.0,2,1
460161,1,0,38,1,0,0.0,2,1.0,2,2
461579,0,1,43,1,0,4.0,1,3.0,5,3
467155,1,1,47,0,4,0.0,1,4.0,5,2
460746,1,0,22,0,8,1.0,2,3.0,5,1
464901,1,1,82,0,4,1.0,1,4.0,3,1
464238,1,1,87,1,7,0.0,1,2.0,5,1
466135,1,1,47,1,0,1.0,2,2.0,2,2
465196,0,0,33,1,0,3.0,2,2.0,3,4
463110,1,1,68,0,4,1.0,1,2.0,5,1
463820,1,1,45,1,4,8.0,1,4.0,5,3
462819,1,1,49,1,0,0.0,0,3.0,5,3
462456,1,0,18,0,5,0.0,2,8.0,5,4
467909,0,0,45,1,1,0.0,2,1.0,5,1
463391,1,1,62,1,1,5.0,2,1.0,2,2
467211,0,1,75,1,7,0.0,2,1.0,5,2
462256,0,1,59,1,6,0.0,0,4.0,5,2
459491,0,1,39,1,0,1.0,0,4.0,5,3
464664,1,1,39,0,3,1.0,0,5.0,3,2
459925,1,1,68,0,4,1.0,1,2.0,3,4
463224,1,1,50,1,4,0.0,1,4.0,5,2
459066,1,1,47,1,4,8.0,1,4.0,5,3
462052,1,1,51,1,0,1.0,2,2.0,5,3
463304,0,0,41,1,1,0.0,2,1.0,3,1
463521,1,1,45,1,4,1.0,1,4.0,5,1
464703,1,1,40,0,1,1.0,0,5.0,3,1
463542,0,1,27,0,0,6.0,1,5.0,1,1
465353,1,1,73,1,0,1.0,0,2.0,5,3
459696,1,1,43,1,2,0.0,0,2.0,5,2
460815,1,1,55,1,0,0.0,1,2.0,2,1
463413,1,1,41,0,1,1.0,0,2.0,3,1
460481,1,0,25,1,3,1.0,2,2.0,2,2
463336,0,1,62,0,2,4.0,2,1.0,3,2
462485,0,1,37,0,2,0.0,2,2.0,5,1
459357,1,1,69,0,7,0.0,2,1.0,5,4
464428,0,1,89,1,3,6.0,0,4.0,1,1
463295,1,0,28,0,3,0.0,2,3.0,5,1
461877,0,0,38,1,0,7.0,2,2.0,5,2
467793,1,0,18,0,5,3.0,2,4.0,5,4
466816,1,1,81,1,7,1.0,1,2.0,5,2
462271,1,1,45,1,4,2.0,0,4.0,1,2
463677,1,1,42,0,4,1.0,1,5.0,5,3
461400,1,0,36,0,8,0.0,2,1.0,5,4
466140,1,1,30,1,3,0.0,2,2.0,5,1
463435,0,0,33,1,5,0.0,2,3.0,5,4
463858,1,1,37,0,0,0.0,0,2.0,5,3
459777,1,1,35,0,0,9.0,2,3.0,6,1
463545,0,0,31,1,1,0.0,2,2.0,3,4
462188,0,1,53,0,2,0.0,0,4.0,3,2
465966,1,0,36,1,1,9.0,2,1.0,5,2
464869,1,1,37,1,3,0.0,2,2.0,3,1
459564,1,1,80,1,7,2.0,2,1.0,5,1
459099,1,1,30,1,1,8.0,0,2.0,5,1
465994,1,0,32,0,1,3.0,2,3.0,6,4
461243,1,1,49,1,8,0.0,2,5.0,5,4
464163,1,1,67,1,4,0.0,1,4.0,5,3
459781,1,0,47,0,3,1.0,2,1.0,5,1
462021,1,1,35,0,2,1.0,2,6.0,5,1
464004,0,1,26,0,8,0.0,2,5.0,3,4
459918,0,0,43,1,0,1.0,2,1.0,2,2
465725,1,0,29,1,1,0.0,2,2.0,2,1
462086,1,0,41,1,1,4.0,2,2.0,5,2
459627,1,0,40,1,0,14.0,2,2.0,1,1
462907,1,0,29,0,5,2.0,2,5.0,5,4
464766,0,1,51,0,2,7.0,0,5.0,3,2
467608,1,0,32,1,2,6.0,2,1.0,5,4
467763,0,0,48,1,0,1.0,2,1.0,1,2
467972,1,0,22,0,0,1.0,2,3.0,5,4
459484,0,1,35,1,3,1.0,0,2.0,5,1
459622,0,0,51,1,0,2.0,2,1.0,5,2
462023,0,1,46,0,2,8.0,2,1.0,5,1
461484,0,0,27,1,5,1.0,2,5.0,5,3
459020,0,1,56,1,0,0.0,0,4.0,5,3
466028,1,1,50,1,0,4.0,0,4.0,2,2
460362,1,1,59,1,5,0.0,2,3.0,3,4
464171,0,1,61,1,0,0.0,2,1.0,5,3
465144,1,0,32,1,1,9.0,2,1.0,5,1
461861,0,0,26,1,5,1.0,2,5.0,3,3
463606,1,0,22,0,8,0.0,2,4.0,1,3
467871,0,0,29,0,8,4.0,2,3.0,5,2
461730,1,1,46,1,0,1.0,2,3.0,5,2
463169,0,1,85,1,7,0.0,2,1.0,2,4
460102,1,1,43,1,0,9.0,1,2.0,3,2
460490,0,0,18,0,5,0.0,2,4.0,2,4
459511,1,1,87,0,0,1.0,2,1.0,5,1
466601,1,1,40,1,0,1.0,0,2.0,3,3
467616,1,1,25,1,3,1.0,2,2.0,5,1
459811,0,1,48,1,0,1.0,1,3.0,5,3
460087,0,1,56,1,3,0.0,0,2.0,5,2
466723,0,0,32,0,3,1.0,2,3.0,5,1
461580,0,0,38,1,0,7.0,2,7.0,1,3
465026,0,0,31,0,1,1.0,2,2.0,5,1
465825,0,1,36,0,4,9.0,0,5.0,3,1
467844,1,0,37,1,5,0.0,2,2.0,5,4
463348,0,1,40,1,1,1.0,2,2.0,5,1
466314,1,0,18,0,5,5.0,2,4.0,3,4
462518,0,0,26,0,5,0.0,2,6.0,4,1
461806,1,0,27,1,5,9.0,2,2.0,5,4
459584,0,0,20,0,5,1.0,2,3.0,5,4
463133,1,1,47,0,0,1.0,0,4.0,5,3
459856,1,1,50,0,3,1.0,0,3.0,5,2
465360,0,1,49,1,0,1.0,0,2.0,5,3
466869,1,1,29,1,5,1.0,2,3.0,2,4
465884,1,1,37,1,4,6.0,1,3.0,5,4
461485,1,1,59,0,2,1.0,0,3.0,5,3
466579,1,0,21,0,8,0.0,2,5.0,0,4
463125,1,0,29,0,5,0.0,2,6.0,5,2
465899,0,0,38,1,1,9.0,2,2.0,5,2
459703,1,1,37,1,0,0.0,2,3.0,5,1
464317,1,1,60,1,3,1.0,0,3.0,5,3
465093,1,1,55,1,1,0.0,2,1.0,5,3
464361,1,1,50,1,0,1.0,0,2.0,5,3
462334,1,0,47,1,0,9.0,2,2.0,5,2
459989,1,1,52,1,0,6.0,0,2.0,5,2
464757,0,1,42,0,4,0.0,0,5.0,3,1
462293,1,0,32,0,5,0.0,2,3.0,5,4
464820,0,0,25,0,0,1.0,2,1.0,3,2
465709,1,1,68,1,3,1.0,0,2.0,5,3
462277,1,1,36,1,3,4.0,0,2.0,1,2
465228,1,1,62,1,0,0.0,1,2.0,5,3
461368,1,0,32,1,1,4.0,2,5.0,5,4
460435,0,1,48,1,0,0.0,2,1.0,5,2
465080,1,1,70,1,7,8.0,0,2.0,5,3
459272,0,1,60,1,0,0.0,1,2.0,5,3
466578,1,0,45,0,0,2.0,2,1.0,5,2
466646,0,1,48,1,6,1.0,2,2.0,2,2
466408,1,1,76,1,7,1.0,2,2.0,2,1
460948,1,1,53,1,2,4.0,2,3.0,2,2
462244,1,1,83,0,4,1.0,1,3.0,5,2
459410,0,1,79,1,7,1.0,1,2.0,5,2
466668,0,1,49,1,2,0.0,2,1.0,1,2
467437,0,1,76,1,7,0.0,1,2.0,5,2
465267,1,1,37,0,2,12.0,0,5.0,3,2
463849,0,1,35,0,0,0.0,2,2.0,5,2
467191,0,1,31,0,6,12.0,0,2.0,5,2
460970,1,0,21,0,8,1.0,2,5.0,5,2
463943,1,0,71,1,3,1.0,2,2.0,5,3
463778,0,0,27,0,2,1.0,2,4.0,4,1
462894,1,1,43,1,0,2.0,0,4.0,2,3
465963,1,1,46,1,0,0.0,2,2.0,5,2
466791,1,1,88,0,7,1.0,2,1.0,5,1
460807,1,0,29,0,5,1.0,2,6.0,5,4
462328,1,0,27,0,2,0.0,2,5.0,5,4
460041,0,1,48,0,0,8.0,0,3.0,5,1
466840,1,0,20,0,5,4.0,2,5.0,1,4
461585,1,0,38,1,3,1.0,2,1.0,6,1
462570,0,0,29,0,6,1.0,2,6.0,5,4
461845,0,1,48,1,1,1.0,0,4.0,5,3
465182,0,0,65,1,7,0.0,2,1.0,5,1
463868,1,1,51,0,2,1.0,0,7.0,3,2
464028,0,0,21,0,5,0.0,2,5.0,5,4
466438,0,0,42,1,0,0.0,2,1.0,5,1
462196,1,1,56,0,8,1.0,0,3.0,3,2
463043,0,1,86,1,7,9.0,1,2.0,5,3
464316,1,1,59,1,0,0.0,0,4.0,5,3
466595,1,1,86,1,4,1.0,1,2.0,5,3
465240,1,1,59,1,0,4.0,1,2.0,6,4
467303,1,1,38,1,1,3.0,0,2.0,5,3
465388,0,0,31,1,8,0.0,2,1.0,5,4
462014,0,0,45,1,0,1.0,2,1.0,5,2
465401,0,1,48,1,0,10.0,2,2.0,5,2
461096,0,0,33,0,2,9.0,2,4.0,2,2
462801,1,1,38,1,3,9.0,0,3.0,5,2
463829,0,1,49,1,0,1.0,0,4.0,5,3
459770,0,1,48,1,0,8.0,0,2.0,5,1
463737,1,0,28,1,5,7.0,2,4.0,1,3
462433,0,1,33,1,1,0.0,0,2.0,5,2
465311,1,0,20,0,5,0.0,2,4.0,5,4
464804,1,1,27,0,3,0.0,2,1.0,3,1
464721,1,1,39,1,0,3.0,0,4.0,5,2
465131,0,1,87,0,7,0.0,2,1.0,5,3
467371,1,0,30,1,5,1.0,2,4.0,5,2
459004,0,1,51,1,0,1.0,1,5.0,5,3
465290,1,1,46,1,4,1.0,1,5.0,5,2
464165,0,0,55,0,3,3.0,2,1.0,5,1
462502,1,0,39,0,3,0.0,2,4.0,5,1
467572,1,1,63,1,0,1.0,0,4.0,5,1
464117,1,1,84,1,7,0.0,1,2.0,5,3
461688,1,1,41,1,4,7.0,1,2.0,5,3
460130,1,0,27,1,5,2.0,2,4.0,0,1
462425,1,0,35,1,1,3.0,2,1.0,5,1
460326,0,1,47,1,0,6.0,2,2.0,5,2
465903,0,0,51,1,0,0.0,2,1.0,5,2
461961,0,1,32,1,0,8.0,2,3.0,5,2
467855,1,1,31,1,2,1.0,2,2.0,5,4
459213,0,0,38,1,5,0.0,2,4.0,5,1
461120,1,0,20,0,5,1.0,2,3.0,2,4
467927,1,0,31,1,1,8.0,2,6.0,1,1
466908,1,1,55,1,3,1.0,2,2.0,5,1
466497,1,0,83,1,7,0.0,2,1.0,5,4
465027,1,1,41,1,1,0.0,2,2.0,5,2
463550,0,1,38,1,0,1.0,0,2.0,3,3
462943,1,1,61,1,4,5.0,1,2.0,5,2
462954,0,1,48,1,6,12.0,2,1.0,5,1
463567,1,1,40,1,1,1.0,0,2.0,5,2
466124,0,0,47,1,0,0.0,2,1.0,5,2
463354,1,1,53,1,4,4.0,1,4.0,5,4
465586,1,1,72,0,0,1.0,2,1.0,5,2
466178,0,1,50,1,0,1.0,0,4.0,5,3
461929,1,1,63,1,3,0.0,2,1.0,5,1
465752,1,1,42,1,0,5.0,0,2.0,5,3
462931,1,1,40,0,3,14.0,0,3.0,5,4
467853,0,1,63,1,0,1.0,0,5.0,2,3
467277,1,0,25,1,0,13.0,2,3.0,5,1
459049,1,1,49,1,4,2.0,1,4.0,1,2
464098,0,0,28,0,5,0.0,2,6.0,4,1
459438,0,1,69,1,0,0.0,1,2.0,5,3
466815,1,0,31,0,5,0.0,2,5.0,3,3
459747,0,1,36,1,0,1.0,0,5.0,5,3
461014,1,0,21,0,5,9.0,2,4.0,2,4
462007,0,1,36,1,0,1.0,0,2.0,5,3
465446,0,0,41,1,5,12.0,2,1.0,0,1
461416,0,0,31,1,0,13.0,2,2.0,5,2
463089,1,1,51,1,4,7.0,1,4.0,5,3
463373,1,1,55,1,0,1.0,2,3.0,2,1
465470,0,1,61,0,2,1.0,0,2.0,5,3
465985,1,0,31,1,0,1.0,2,3.0,5,4
462715,0,1,55,1,0,1.0,1,4.0,5,2
461925,0,0,33,1,0,0.0,2,5.0,2,3
465743,0,1,50,1,0,1.0,0,5.0,1,3
463675,1,1,71,0,3,1.0,2,2.0,5,1
464305,0,1,73,1,7,1.0,1,2.0,5,3
467178,0,1,58,0,7,0.0,1,4.0,5,3
464185,1,1,65,1,0,5.0,1,2.0,5,1
467082,0,1,75,1,0,1.0,1,2.0,5,3
459948,0,0,62,1,2,0.0,2,1.0,5,2
465991,0,0,38,1,5,0.0,2,5.0,5,4
465407,0,0,27,1,6,3.0,2,7.0,5,4
466225,1,0,19,0,5,0.0,2,3.0,1,4
461843,0,1,50,1,0,0.0,1,2.0,2,3
465935,1,0,27,1,3,9.0,2,1.0,5,1
463758,1,0,33,0,5,9.0,2,3.0,6,3
464651,0,1,26,0,1,0.0,0,3.0,3,4
467085,1,0,45,1,3,1.0,2,2.0,5,1
463965,1,0,25,1,1,7.0,2,1.0,5,1
467156,1,1,37,1,0,6.0,2,1.0,5,2
461347,0,1,37,1,0,5.0,0,3.0,5,2
462113,0,1,60,1,0,8.0,1,6.0,5,3
461299,0,1,76,1,7,1.0,1,2.0,5,3
466760,1,1,47,1,1,0.0,0,4.0,5,1
459760,0,1,42,1,0,8.0,2,1.0,5,1
463972,1,1,66,1,0,0.0,2,4.0,1,3
467431,1,1,40,1,0,9.0,0,3.0,5,3
463466,1,0,21,0,5,13.0,2,6.0,5,4
460479,0,0,42,0,1,8.0,2,1.0,2,1
461033,1,1,57,1,1,5.0,0,2.0,5,3
460839,1,0,23,0,5,4.0,2,3.0,5,4
462426,0,1,52,1,0,2.0,0,4.0,5,3
461431,1,1,42,1,1,1.0,0,2.0,0,3
461121,1,0,28,0,1,0.0,2,4.0,2,4
467149,1,1,43,1,0,9.0,0,3.0,5,1
461809,1,0,30,1,1,3.0,2,2.0,5,4
463793,1,0,26,0,5,1.0,2,6.0,3,1
460168,1,1,86,1,4,0.0,1,2.0,1,3
463931,1,1,52,1,3,0.0,0,2.0,5,3
463046,0,1,43,0,2,0.0,2,1.0,5,1
460020,1,1,53,1,0,1.0,0,3.0,5,3
461878,1,0,33,1,5,3.0,2,1.0,5,4
465802,1,1,25,1,5,9.0,2,2.0,5,3
466956,0,1,55,1,0,1.0,2,1.0,5,2
462559,0,1,47,1,2,9.0,0,4.0,1,3
467260,1,0,27,0,1,9.0,2,4.0,5,4
458994,1,1,38,1,5,8.0,0,4.0,5,3
459772,0,1,69,1,0,2.0,0,9.0,4,3
464895,1,0,19,0,1,1.0,2,5.0,3,3
460625,0,0,28,0,8,9.0,2,2.0,2,4
465263,1,1,65,1,0,1.0,1,2.0,5,3
462441,0,0,22,0,5,0.0,2,4.0,5,4
459828,0,1,25,0,6,11.0,0,3.0,5,4
460328,0,0,52,1,0,1.0,2,2.0,5,1
466448,0,0,37,1,0,0.0,2,2.0,5,2
463556,1,1,29,1,3,0.0,2,2.0,1,4
461109,1,0,31,1,5,0.0,2,3.0,2,4
460557,0,0,36,1,8,9.0,2,1.0,2,3
466066,0,0,73,1,0,0.0,2,1.0,5,3
459457,1,1,51,1,0,2.0,2,2.0,5,1
463538,1,1,60,0,4,0.0,1,2.0,5,2
466588,0,0,22,0,5,9.0,2,4.0,5,4
460112,1,1,28,1,2,9.0,0,2.0,2,3
466744,0,1,52,1,0,1.0,0,3.0,5,3
461821,0,0,28,0,1,0.0,2,4.0,5,3
463993,0,1,37,1,0,5.0,0,2.0,5,2
467779,1,1,53,1,1,2.0,0,3.0,5,3
461144,0,0,23,0,7,0.0,2,6.0,2,2
464308,0,1,75,1,7,0.0,1,2.0,5,2
464509,1,1,53,1,0,0.0,1,4.0,5,3
464061,1,1,30,1,0,12.0,0,2.0,5,2
466064,0,1,31,0,3,0.0,0,2.0,2,1
461999,1,0,27,1,1,0.0,2,5.0,5,2
466913,1,1,65,1,7,0.0,2,1.0,5,1
465765,1,1,52,0,3,0.0,0,2.0,3,2
460158,0,0,51,0,2,8.0,2,6.0,3,4
460703,0,1,30,1,2,8.0,0,5.0,3,4
465625,1,0,42,1,0,11.0,2,2.0,5,3
466857,0,0,19,0,5,9.0,2,8.0,4,4
466828,1,1,50,1,4,0.0,1,4.0,5,2
464679,1,1,41,1,0,0.0,0,4.0,3,3
464145,0,0,36,0,2,14.0,2,4.0,5,4
465543,0,1,43,1,5,0.0,0,2.0,2,1
467630,1,1,85,0,7,0.0,2,1.0,5,4
465521,0,1,47,1,0,1.0,0,2.0,6,3
460300,0,1,60,1,7,0.0,2,2.0,5,4
466367,0,0,37,1,1,5.0,2,1.0,1,2
464898,1,0,31,1,5,0.0,2,2.0,3,3
465632,1,0,37,1,0,4.0,2,7.0,6,1
460735,1,1,35,1,2,1.0,0,4.0,2,1
467812,1,0,50,1,0,1.0,2,1.0,1,2
464950,1,0,21,0,5,1.0,2,4.0,3,4
459562,1,1,59,0,3,1.0,0,2.0,6,3
464839,0,0,20,0,5,1.0,2,5.0,3,4
465959,0,0,49,1,2,9.0,2,1.0,5,1
463624,1,1,62,1,4,0.0,1,4.0,5,3
466227,1,1,61,1,0,0.0,0,5.0,5,3
465334,0,1,41,0,8,5.0,0,3.0,5,1
460595,1,1,21,0,1,1.0,2,3.0,2,4
464955,0,1,38,0,2,1.0,0,6.0,3,2
463188,0,1,48,1,0,2.0,2,2.0,5,3
459509,1,0,30,1,5,1.0,2,1.0,5,4
464838,1,0,19,0,5,0.0,2,4.0,1,4
464635,1,1,43,1,5,1.0,1,4.0,3,2
465213,1,1,38,1,3,2.0,0,2.0,5,2
460317,1,0,32,0,1,10.0,2,2.0,5,4
460196,0,0,38,1,5,8.0,2,2.0,5,4
463643,0,0,43,1,0,0.0,2,3.0,5,1
459285,1,0,76,1,7,0.0,2,2.0,5,1
464558,1,0,30,1,5,9.0,2,5.0,5,4
463950,1,0,31,0,5,1.0,2,4.0,6,4
464657,1,0,23,0,5,0.0,2,3.0,2,4
461922,1,1,70,0,7,0.0,1,3.0,0,2
465421,0,0,25,0,2,1.0,2,1.0,3,1
463617,1,0,29,0,8,1.0,2,2.0,5,4
461574,0,1,50,1,0,1.0,0,3.0,5,3
467638,1,1,71,1,0,1.0,0,2.0,5,3
460762,0,0,18,0,5,0.0,2,5.0,3,4
460408,0,0,41,1,0,2.0,2,1.0,5,1
461089,1,0,20,0,8,0.0,2,3.0,2,2
466866,1,1,27,0,3,14.0,0,2.0,5,1
467781,1,1,27,1,5,1.0,1,2.0,5,4
467867,0,0,18,0,5,0.0,2,4.0,3,4
459309,0,1,41,1,0,9.0,1,2.0,1,2
465040,1,1,67,0,7,1.0,0,2.0,5,1
462387,0,1,28,1,0,0.0,2,2.0,6,1
463646,1,1,45,0,0,1.0,0,4.0,5,2
462810,1,1,36,0,4,8.0,1,4.0,5,3
463999,0,0,33,0,2,1.0,2,3.0,5,3
461785,0,1,87,1,0,1.0,0,2.0,5,3
461238,0,1,52,1,0,3.0,2,1.0,5,1
464200,0,0,32,0,5,1.0,2,3.0,5,4
465819,0,0,42,1,2,1.0,2,7.0,3,1
462018,1,0,22,0,5,8.0,2,5.0,1,4
459275,0,0,18,0,1,2.0,2,4.0,5,4
461498,0,0,26,0,1,1.0,2,4.0,1,4
461894,0,1,66,1,0,0.0,0,2.0,5,3
461176,0,1,66,0,2,6.0,0,4.0,4,2
460759,1,1,69,0,7,1.0,2,2.0,0,2
463928,1,1,55,1,0,1.0,2,2.0,5,1
465753,0,1,49,1,0,6.0,2,2.0,5,3
467354,1,1,61,1,1,3.0,2,2.0,5,1
467326,0,0,47,1,0,0.0,2,1.0,0,3
461331,1,1,59,1,4,0.0,1,5.0,5,3
462744,1,1,38,1,0,3.0,0,4.0,5,2
461436,1,1,55,1,0,8.0,0,2.0,1,3
463057,0,0,25,0,6,1.0,2,1.0,1,4
467609,1,0,36,0,0,2.0,2,4.0,5,1
466451,1,1,41,1,3,0.0,2,1.0,5,1
463680,0,0,39,0,2,1.0,2,3.0,2,1
463589,0,0,20,0,5,1.0,2,3.0,5,4
460459,0,0,33,0,2,0.0,2,5.0,2,4
459128,0,1,78,0,7,0.0,1,3.0,5,2
464957,0,1,87,0,7,0.0,2,1.0,3,1
464835,1,0,19,0,5,1.0,2,6.0,3,4
466210,0,1,60,1,0,1.0,1,4.0,5,3
462351,1,1,77,0,7,1.0,1,2.0,5,3
460015,0,1,43,0,3,5.0,2,1.0,2,4
463355,0,1,51,1,0,6.0,0,3.0,5,3
465354,1,0,18,0,1,0.0,2,5.0,1,3
464373,0,0,46,1,0,0.0,2,2.0,5,2
459611,0,0,20,0,5,1.0,2,5.0,5,4
466487,0,0,27,1,5,0.0,2,5.0,3,1
462166,1,1,26,1,0,0.0,2,2.0,0,3
461056,0,1,57,1,0,0.0,1,3.0,2,3
461488,1,1,53,1,0,6.0,0,2.0,5,3
465745,1,1,38,1,0,2.0,2,2.0,5,3
464415,1,1,41,0,1,1.0,2,3.0,5,1
462727,0,1,81,0,7,0.0,1,2.0,5,1
463268,0,1,38,0,2,0.0,2,3.0,3,1
462085,0,0,30,1,5,0.0,2,1.0,5,4
465226,1,1,37,0,3,2.0,2,3.0,5,1
461465,1,1,28,1,0,9.0,0,2.0,5,1
461409,1,1,43,0,0,1.0,1,3.0,5,2
467791,1,0,21,0,1,0.0,2,5.0,6,4
463761,1,1,33,1,0,1.0,0,3.0,5,1
466098,1,1,78,1,7,1.0,1,2.0,5,1
465783,1,0,23,0,5,1.0,2,5.0,2,4
467796,0,0,27,0,5,9.0,2,2.0,5,1
464859,0,1,45,1,0,1.0,0,3.0,5,2
467386,1,0,31,0,1,0.0,2,1.0,5,4
461984,1,1,42,1,0,2.0,0,2.0,5,3
467205,0,0,37,1,5,1.0,2,3.0,5,3
464525,1,0,33,1,3,9.0,2,2.0,5,4
467103,1,0,32,1,5,1.0,2,3.0,5,1
461067,1,0,21,0,5,1.0,2,3.0,2,4
462569,0,0,32,0,1,7.0,2,4.0,2,4
462069,1,1,36,1,0,0.0,0,2.0,5,2
465614,1,1,43,1,0,9.0,2,2.0,5,3
460252,1,1,41,1,0,0.0,2,2.0,5,1
466603,1,1,41,1,2,1.0,0,2.0,5,3
462884,0,1,55,0,0,1.0,2,2.0,2,2
462418,1,1,61,0,2,9.0,0,4.0,5,3
465699,0,0,38,0,0,13.0,2,2.0,3,4
466488,1,1,62,1,3,0.0,0,6.0,5,3
462783,0,0,33,0,8,0.0,2,4.0,2,4
467063,1,1,53,1,3,1.0,0,2.0,5,2
461919,1,0,38,1,1,0.0,2,3.0,5,1
461844,1,1,51,0,0,2.0,0,4.0,6,3
464981,1,1,45,1,0,0.0,0,4.0,5,3
466034,0,1,71,0,2,2.0,2,1.0,5,2
461078,0,0,26,0,6,0.0,2,6.0,2,1
465664,0,1,84,1,7,1.0,2,1.0,5,1
467037,1,1,56,0,7,0.0,1,2.0,5,3
465474,1,0,27,0,8,8.0,2,4.0,3,4
459158,1,0,36,0,2,3.0,2,3.0,5,4
461545,0,1,70,1,0,1.0,2,3.0,6,2
464397,0,1,40,1,2,0.0,0,2.0,5,3
464003,1,0,22,0,5,0.0,2,4.0,1,4
466221,1,1,48,1,0,4.0,2,1.0,5,2
465172,0,1,41,1,0,9.0,0,2.0,5,3
460621,1,1,77,1,7,0.0,2,2.0,2,3
467702,1,1,72,1,0,6.0,2,1.0,5,4
461036,0,0,21,0,5,1.0,2,3.0,2,4
460376,0,0,29,1,5,3.0,2,4.0,1,3
462595,0,0,29,1,0,7.0,2,7.0,3,4
461195,1,0,18,0,5,0.0,2,2.0,3,4
466353,0,1,38,1,2,0.0,0,2.0,5,2
466464,0,1,48,1,6,3.0,0,2.0,2,2
466287,0,1,48,1,1,1.0,0,2.0,1,1
462035,0,0,37,1,0,3.0,2,1.0,5,3
463082,1,0,32,1,5,9.0,2,5.0,5,4
463600,1,0,33,0,5,3.0,2,5.0,1,2
465812,1,1,47,0,0,0.0,0,5.0,3,1
465048,1,1,63,1,0,1.0,0,3.0,3,3
460025,0,0,26,1,5,5.0,2,2.0,5,4
466764,1,1,65,1,7,11.0,1,2.0,5,3
462125,1,1,22,0,5,1.0,0,4.0,6,4
459551,0,1,42,0,2,4.0,2,1.0,5,2
467152,1,1,43,0,0,8.0,2,1.0,5,1
466420,1,0,27,1,0,5.0,2,4.0,2,2
460051,1,0,42,1,0,7.0,2,1.0,5,1
463144,1,1,45,1,4,1.0,1,3.0,5,3
465438,1,0,33,1,1,9.0,2,6.0,3,4
460438,1,1,58,0,4,0.0,1,4.0,2,2
459032,1,0,21,0,1,0.0,2,3.0,5,1
461199,0,0,85,1,6,4.0,2,1.0,5,4
462061,1,0,41,0,1,1.0,2,3.0,5,2
466119,0,1,57,0,2,0.0,2,1.0,2,2
460952,1,1,38,0,1,0.0,0,5.0,5,1
459024,1,1,50,1,0,0.0,0,5.0,5,3
464010,1,0,33,0,5,1.0,2,4.0,5,3
459189,1,0,26,0,5,1.0,2,6.0,5,3
466972,1,1,25,1,0,12.0,2,2.0,5,1
467072,1,1,63,0,4,1.0,1,3.0,5,3
460437,0,0,26,1,0,9.0,2,1.0,5,1
463830,0,0,30,1,2,3.0,2,3.0,5,4
463475,0,1,36,1,1,0.0,2,1.0,5,2
462237,0,0,22,0,5,1.0,2,9.0,3,4
460184,1,0,27,0,1,9.0,2,4.0,5,4
461287,1,1,42,1,4,1.0,1,5.0,5,2
462039,1,0,21,0,5,1.0,2,2.0,1,4
467482,1,1,38,1,4,0.0,1,3.0,5,3
459081,1,1,63,1,0,0.0,0,4.0,5,3
460711,0,0,25,1,2,8.0,2,3.0,5,4
462984,0,1,69,1,0,1.0,1,2.0,5,2
459447,1,1,53,1,0,9.0,2,1.0,5,2
466008,1,1,36,1,0,1.0,2,2.0,5,3
467567,1,0,27,1,5,1.0,2,5.0,5,4
462836,1,0,19,0,5,1.0,2,3.0,5,4
459580,0,0,51,1,7,6.0,2,1.0,5,2
460160,1,0,43,1,3,5.0,2,1.0,2,4
460808,1,0,42,1,0,1.0,2,1.0,5,2
467199,1,0,37,1,0,7.0,2,2.0,5,1
466939,1,1,66,0,7,0.0,1,2.0,5,2
461796,1,1,39,1,0,1.0,0,2.0,0,1
464686,0,0,21,0,3,5.0,2,5.0,3,4
460843,1,0,21,0,5,1.0,2,4.0,5,4
460370,0,1,28,1,4,8.0,1,2.0,5,3
465059,1,1,56,1,0,0.0,0,4.0,5,3
465925,1,0,26,1,5,1.0,2,1.0,5,4
464828,1,0,18,0,5,8.0,2,6.0,3,4
462230,1,0,23,0,5,1.0,2,8.0,3,4
466154,0,1,45,1,0,1.0,0,5.0,2,2
462197,0,1,65,0,2,1.0,0,3.0,3,1
461692,0,1,87,0,0,0.0,2,1.0,5,1
462019,0,1,56,1,0,5.0,0,4.0,5,3
460763,1,0,47,1,0,1.0,2,2.0,5,2
465740,0,0,68,1,1,1.0,2,1.0,5,1
460865,1,0,18,0,5,1.0,2,3.0,3,4
459991,1,1,40,1,0,6.0,2,1.0,5,1
463564,0,1,41,1,1,0.0,2,1.0,5,2
463749,1,0,23,0,5,1.0,2,4.0,5,4
464037,1,0,35,1,0,9.0,2,1.0,5,2
459180,1,1,66,1,4,1.0,1,2.0,5,3
460901,1,0,22,0,1,8.0,2,3.0,5,4
465312,1,0,23,0,5,0.0,2,4.0,5,4
466585,1,0,18,0,8,1.0,2,4.0,0,4
460444,1,1,60,0,0,0.0,2,1.0,5,2
462209,0,1,40,0,0,0.0,2,1.0,3,4
464132,1,0,28,0,3,1.0,2,2.0,5,4
467601,1,1,42,0,0,6.0,2,2.0,5,2
464458,1,0,46,1,0,1.0,2,2.0,5,2
466346,0,0,23,0,5,9.0,2,4.0,3,4
465471,1,1,43,1,0,0.0,2,1.0,5,2
460179,0,0,20,0,3,0.0,2,6.0,1,2
459801,0,0,27,1,2,4.0,2,2.0,5,4
461719,1,1,82,1,7,0.0,2,1.0,5,4
460831,1,0,21,0,5,0.0,2,4.0,5,4
464974,1,1,60,0,0,0.0,0,2.0,3,2
465344,0,1,71,1,7,0.0,1,2.0,5,3
460398,0,0,39,1,3,7.0,2,1.0,5,1
459725,0,1,35,1,0,1.0,2,2.0,5,2
466580,1,0,19,0,5,1.0,2,4.0,6,4
464207,1,0,53,1,0,0.0,2,1.0,5,1
461281,1,0,23,0,5,4.0,2,9.0,1,4
463360,0,1,50,1,0,4.0,2,1.0,5,2
461622,1,1,35,1,4,4.0,1,4.0,5,3
462911,1,1,32,1,1,11.0,0,2.0,5,1
463963,0,1,33,0,2,5.0,1,3.0,5,4
467297,0,1,53,1,0,1.0,0,3.0,5,3
461744,1,1,47,1,0,0.0,0,4.0,5,2
464696,0,0,37,1,2,0.0,2,1.0,3,1
460929,1,1,50,1,0,0.0,0,4.0,5,3
462840,0,0,23,0,5,9.0,2,3.0,5,4
460251,0,0,30,1,3,9.0,2,1.0,5,4
465476,0,0,28,0,5,3.0,2,2.0,5,1
461534,1,1,39,1,0,1.0,2,1.0,5,2
465097,1,1,81,0,7,1.0,1,2.0,5,1
464391,0,1,65,0,2,0.0,0,2.0,5,2
460833,1,1,30,1,5,0.0,2,2.0,5,1
464425,1,0,40,1,0,8.0,2,1.0,5,2
462231,1,0,28,1,0,4.0,2,6.0,3,2
464688,1,1,28,1,1,0.0,2,9.0,3,4
466141,0,1,60,1,6,1.0,2,4.0,5,3
464435,1,1,48,1,3,1.0,2,3.0,5,1
467824,1,1,70,1,7,3.0,2,1.0,5,4
459670,0,1,39,1,3,7.0,0,2.0,5,2
462515,1,1,42,0,1,5.0,0,5.0,5,2
461604,1,1,38,0,3,1.0,0,2.0,5,2
462472,1,0,35,1,0,0.0,2,1.0,5,3
465149,1,1,43,1,3,1.0,0,3.0,5,2
459673,0,1,83,1,7,1.0,2,1.0,5,2
465507,1,1,43,1,0,8.0,2,1.0,5,2
467393,0,1,46,1,0,0.0,0,4.0,5,3
460713,1,1,50,1,1,0.0,0,3.0,5,2
465366,0,0,38,1,0,8.0,2,1.0,5,2
465073,1,1,69,0,4,1.0,1,2.0,5,3
464626,0,1,38,1,0,1.0,0,2.0,5,3
465450,0,0,26,1,5,0.0,2,3.0,5,4
461157,1,0,37,0,5,0.0,2,5.0,2,1
465032,1,1,72,1,4,0.0,1,2.0,5,3
460965,1,1,52,1,0,1.0,0,4.0,5,2
466166,1,1,85,1,7,1.0,1,2.0,3,1
460131,0,0,29,1,5,6.0,2,3.0,5,4
465577,1,0,26,0,5,0.0,2,4.0,2,3
463334,0,0,33,1,1,0.0,2,6.0,3,3
462100,0,0,40,1,5,0.0,2,1.0,1,4
467734,1,1,79,1,7,2.0,1,2.0,5,2
465932,1,0,35,0,0,1.0,2,1.0,6,1
460377,0,1,68,1,7,0.0,2,1.0,5,3
466288,1,1,36,1,0,7.0,0,5.0,1,2
459161,1,1,51,1,4,3.0,1,5.0,5,3
466959,1,1,25,1,0,8.0,2,4.0,5,4
463747,0,1,35,1,0,0.0,0,2.0,5,3
460259,1,0,21,0,5,1.0,2,4.0,1,4
464494,0,1,55,1,0,1.0,0,4.0,2,3
466722,1,1,35,0,4,1.0,1,3.0,5,3
460561,0,0,39,0,2,6.0,2,1.0,2,3
461522,1,1,83,0,4,1.0,1,2.0,5,4
459039,1,1,45,1,0,1.0,0,2.0,5,3
459452,1,1,40,1,0,9.0,2,2.0,5,3
461713,0,0,27,1,0,1.0,2,5.0,5,3
461567,1,1,51,0,3,7.0,0,3.0,5,3
461495,1,1,35,1,0,1.0,0,3.0,5,2
461781,1,1,57,1,0,0.0,2,2.0,5,3
462126,1,1,20,0,5,1.0,0,4.0,6,4
461247,0,0,49,1,0,4.0,2,1.0,5,1
461620,1,0,52,1,3,1.0,2,2.0,5,2
463286,1,1,35,1,0,1.0,0,3.0,5,3
466553,1,1,39,1,5,1.0,2,3.0,5,4
466239,1,1,69,1,4,0.0,2,2.0,3,2
462393,0,0,26,1,3,6.0,2,2.0,5,4
465502,1,1,36,1,0,8.0,2,4.0,3,4
459337,0,1,25,1,2,6.0,0,2.0,5,1
466934,0,1,60,1,0,0.0,2,1.0,5,2
467965,0,0,37,1,5,1.0,2,2.0,5,1
465840,0,0,42,0,0,0.0,2,1.0,4,4
465689,1,0,22,0,5,9.0,2,4.0,2,4
462982,1,1,41,0,1,2.0,0,4.0,5,1
464262,1,1,75,0,4,0.0,2,1.0,5,4
461687,0,1,77,1,0,0.0,1,2.0,5,2
464499,1,1,43,1,4,1.0,1,4.0,5,2
467778,0,0,31,1,5,8.0,2,4.0,5,3
466280,1,0,33,0,1,1.0,2,2.0,2,2
463523,1,1,60,1,4,1.0,1,4.0,5,2
462937,0,1,61,1,0,1.0,2,2.0,5,3
460649,0,0,29,0,6,8.0,2,1.0,3,4
460911,1,0,25,1,5,1.0,2,4.0,5,4
462269,1,1,83,1,0,2.0,1,2.0,5,1
459279,0,0,38,1,0,7.0,2,1.0,5,3
461566,1,0,28,1,0,0.0,2,4.0,6,3
462324,1,1,65,1,3,0.0,1,2.0,5,1
463253,0,1,61,1,1,0.0,0,4.0,6,2
464667,0,1,51,0,2,4.0,2,2.0,3,4
462606,1,1,36,0,4,2.0,1,3.0,3,4
466961,0,1,55,1,0,2.0,0,2.0,5,3
459585,0,1,46,1,0,0.0,0,4.0,5,1
459304,0,1,43,1,0,8.0,0,2.0,5,2
462523,1,1,57,0,1,4.0,2,3.0,3,2
464805,1,1,35,0,1,0.0,2,1.0,3,1
465036,1,1,65,1,0,0.0,0,2.0,5,3
467953,0,1,37,1,0,0.0,2,3.0,5,1
464381,1,1,35,1,0,4.0,0,2.0,5,1
466115,1,1,37,0,4,1.0,2,2.0,5,1
467606,1,1,38,1,4,0.0,0,3.0,5,2
466340,1,0,19,0,5,1.0,2,3.0,3,4
459916,1,0,36,1,0,0.0,2,1.0,2,2
462341,1,1,61,1,0,2.0,0,2.0,5,3
467613,1,1,53,0,0,1.0,0,6.0,5,1
462706,1,1,45,1,0,0.0,2,1.0,5,3
466393,0,1,42,0,3,1.0,2,6.0,2,2
461296,0,1,83,1,7,0.0,1,2.0,5,3
463987,0,0,36,1,0,0.0,2,1.0,5,2
463073,1,1,42,1,0,1.0,0,3.0,5,3
466539,0,1,80,0,7,1.0,1,2.0,5,3
463311,0,0,18,0,5,0.0,2,5.0,2,4
461960,1,1,57,1,3,0.0,2,2.0,5,1
461848,1,0,36,0,8,0.0,2,2.0,5,4
461963,0,0,43,1,0,8.0,2,1.0,5,1
465477,1,0,31,0,5,1.0,2,3.0,1,2
466472,1,0,38,1,1,4.0,2,1.0,1,2
467727,1,1,45,1,0,7.0,1,4.0,2,1
459341,1,1,72,1,7,0.0,1,2.0,5,3
466486,0,1,43,1,1,9.0,2,2.0,3,1
460284,0,0,29,1,3,8.0,2,2.0,5,1
463704,1,0,45,1,0,1.0,2,2.0,5,1
467061,0,0,29,1,6,13.0,2,1.0,5,1
464545,1,0,43,1,0,7.0,2,3.0,5,1
464239,0,1,42,0,0,0.0,0,3.0,5,1
464996,1,1,47,0,3,9.0,0,6.0,5,3
461339,1,0,26,1,5,1.0,2,3.0,5,2
461581,0,1,60,1,7,1.0,1,3.0,5,3
460623,1,1,41,1,4,5.0,2,2.0,0,1
467407,1,0,27,1,0,7.0,2,3.0,5,4
460055,0,0,46,1,0,8.0,2,1.0,5,3
467032,0,0,25,1,0,2.0,2,2.0,5,1
467225,0,0,22,0,5,1.0,2,3.0,5,4
466509,1,1,56,0,4,1.0,0,3.0,5,2
463087,0,1,35,1,6,9.0,0,2.0,3,2
459535,1,1,50,1,0,8.0,0,2.0,5,3
463636,1,0,33,0,1,1.0,2,6.0,3,1
466717,0,1,69,0,3,1.0,2,2.0,2,2
466731,0,1,38,1,2,4.0,2,2.0,3,1
466201,1,1,42,1,1,1.0,0,5.0,3,3
467729,1,1,61,1,3,3.0,0,6.0,5,2
460234,0,0,20,0,5,4.0,2,6.0,1,4
464342,0,1,46,1,2,1.0,0,2.0,5,3
460915,1,1,40,0,3,5.0,2,4.0,2,4
466002,1,1,51,1,1,1.0,1,2.0,2,3
459641,0,1,58,1,0,4.0,0,5.0,5,3
463995,0,0,33,1,5,1.0,2,5.0,5,3
463903,1,0,26,0,3,0.0,2,2.0,5,1
466378,1,1,58,0,4,4.0,1,3.0,5,3
459270,1,1,65,1,6,0.0,1,2.0,5,1
461257,1,1,41,1,2,1.0,0,2.0,3,3
461667,1,1,42,1,1,0.0,0,2.0,5,3
465214,1,1,25,0,2,14.0,2,1.0,5,4
461212,0,0,30,0,6,10.0,2,6.0,5,4
461697,1,1,79,0,7,1.0,2,1.0,5,4
459913,0,1,51,0,5,0.0,1,3.0,3,4
461288,1,0,26,1,1,1.0,2,4.0,5,3
465669,0,1,37,0,3,2.0,0,4.0,3,1
460934,0,0,25,0,1,0.0,2,2.0,5,4
466785,1,0,41,1,8,0.0,2,2.0,5,4
465034,0,1,83,1,4,1.0,1,3.0,5,1
463947,1,1,35,1,3,0.0,0,3.0,5,3
465785,1,0,21,0,5,3.0,2,7.0,3,4
462856,0,0,28,1,2,0.0,2,3.0,5,4
459898,1,1,45,1,0,0.0,0,2.0,5,3
463790,1,1,51,0,4,0.0,2,4.0,3,2
465487,1,0,25,1,3,1.0,2,3.0,5,1
465147,1,0,29,1,5,2.0,2,3.0,5,3
463405,1,1,45,0,8,1.0,2,2.0,2,4
464771,0,1,47,0,2,8.0,0,5.0,3,2
459152,0,0,40,1,0,8.0,2,2.0,5,2
464605,0,1,65,1,7,1.0,2,1.0,5,1
466481,1,0,40,1,0,2.0,2,1.0,2,2
462097,1,1,42,1,1,8.0,0,2.0,1,2
460636,1,1,45,1,0,2.0,0,3.0,2,4
463174,0,1,58,1,2,1.0,2,1.0,2,1
463239,0,0,30,0,1,1.0,2,3.0,1,4
460081,1,1,35,1,0,10.0,1,2.0,5,2
466891,0,1,53,0,6,9.0,2,1.0,5,1
463519,0,1,58,1,0,0.0,0,2.0,5,3
467632,0,1,88,1,0,1.0,1,2.0,5,3
465339,0,0,27,0,8,0.0,2,3.0,1,3
467611,1,0,39,1,0,9.0,2,1.0,5,1
465481,0,0,28,0,0,1.0,2,4.0,3,2
459095,1,1,35,0,3,9.0,2,3.0,0,1
464896,1,1,76,0,4,1.0,1,2.0,3,1
460414,0,0,33,1,5,0.0,2,1.0,5,4
461420,0,1,59,1,1,5.0,2,2.0,5,1
463375,0,1,45,1,1,0.0,2,1.0,3,2
463796,0,0,33,0,2,1.0,2,3.0,5,4
459236,0,1,86,0,7,0.0,1,2.0,5,2
466576,0,0,20,0,5,0.0,2,4.0,5,4
462012,0,0,25,0,5,0.0,2,8.0,6,2
462533,0,0,33,1,3,0.0,2,3.0,5,1
460171,0,1,62,1,0,0.0,1,2.0,5,3
466385,0,1,55,1,0,4.0,0,4.0,6,3
465418,1,0,39,1,0,0.0,2,1.0,0,1
464411,1,0,30,1,5,3.0,2,6.0,6,4
463254,0,1,37,0,4,0.0,1,2.0,0,1
461456,0,0,40,0,8,0.0,2,1.0,5,1
461557,1,0,38,1,0,6.0,2,4.0,1,1
462946,1,1,52,0,0,1.0,2,2.0,5,1
463616,0,1,48,0,2,1.0,0,5.0,2,2
462593,0,1,60,0,2,1.0,0,5.0,3,2
464693,0,0,36,1,2,9.0,2,1.0,3,1
459618,1,1,59,1,1,0.0,0,2.0,3,3
466494,1,1,71,0,3,0.0,0,3.0,5,1
462432,1,1,37,1,4,1.0,0,2.0,5,2
464268,0,0,51,1,0,0.0,2,1.0,5,1
461305,1,0,22,0,5,1.0,2,3.0,5,4
462006,1,1,28,1,0,1.0,0,2.0,5,2
463917,0,0,22,0,5,1.0,2,8.0,3,4
463979,0,1,48,1,6,1.0,1,2.0,1,3
465780,0,0,23,0,5,1.0,2,4.0,5,4
464795,0,0,31,0,2,1.0,2,8.0,3,1
467596,1,1,37,0,0,1.0,2,5.0,2,3
459250,1,1,50,1,1,1.0,0,4.0,5,3
460468,0,0,50,1,4,1.0,2,1.0,5,1
466131,0,0,43,1,0,1.0,2,1.0,5,4
461311,1,0,20,0,8,0.0,2,4.0,5,3
464067,0,0,28,1,3,0.0,2,4.0,1,2
462299,0,0,33,0,5,7.0,2,6.0,5,3
466165,0,0,49,1,0,0.0,2,1.0,1,2
460237,0,0,40,1,5,9.0,2,1.0,3,4
459087,0,0,21,0,1,0.0,2,3.0,5,3
464971,0,1,36,0,2,1.0,2,5.0,3,1
460472,1,1,49,0,1,1.0,0,3.0,3,1
461145,0,1,36,1,3,0.0,2,2.0,2,1
465960,0,0,32,1,8,8.0,2,1.0,5,4
462561,0,1,48,1,0,4.0,0,2.0,5,3
466015,1,1,69,0,3,3.0,2,8.0,5,1
463196,0,1,67,1,2,1.0,2,1.0,5,1
463598,0,1,32,0,2,3.0,2,2.0,5,3
461988,1,1,36,0,2,0.0,0,2.0,5,2
461635,1,1,43,1,4,6.0,1,3.0,5,3
464687,1,1,36,1,0,9.0,0,5.0,3,4
459685,1,1,36,1,0,0.0,0,2.0,6,3
466617,0,0,23,0,5,4.0,2,3.0,5,4
465973,0,1,50,1,0,8.0,0,2.0,5,2
459312,1,0,22,0,5,1.0,2,4.0,3,4
467863,0,1,35,1,1,0.0,0,3.0,5,3
461659,0,1,52,1,0,0.0,0,2.0,5,3
466272,0,1,68,1,7,0.0,0,3.0,5,3
459292,1,0,46,1,0,1.0,2,2.0,5,3
463710,1,0,49,1,3,0.0,2,1.0,1,2
463856,1,1,37,1,0,0.0,0,2.0,3,3
467545,1,1,53,1,0,9.0,0,2.0,5,2
466027,0,1,70,0,2,7.0,2,1.0,2,2
460409,0,0,43,1,0,8.0,2,4.0,5,4
465342,1,1,83,1,4,0.0,1,2.0,5,1
460249,0,0,25,1,3,9.0,2,2.0,5,1
464231,1,1,45,1,0,0.0,0,4.0,5,3
461676,0,0,29,1,2,1.0,2,1.0,5,1
467597,0,1,65,1,7,0.0,2,1.0,5,1
459256,0,1,46,1,0,0.0,1,4.0,5,2
459962,1,1,59,1,0,8.0,2,1.0,5,2
463546,0,0,30,1,5,0.0,2,2.0,5,3
464197,1,1,29,0,5,5.0,2,2.0,5,4
465146,1,1,58,1,0,9.0,2,1.0,5,2
462412,1,1,71,0,0,1.0,2,5.0,5,3
464279,1,1,53,0,4,1.0,2,5.0,5,1
463381,1,1,36,1,1,8.0,0,4.0,2,3
464230,1,0,33,0,2,0.0,2,4.0,0,4
465394,1,0,32,1,2,0.0,2,3.0,3,2
461105,0,0,49,1,3,0.0,2,1.0,2,4
464328,1,1,84,0,7,1.0,1,2.0,5,2
462797,1,1,30,1,5,0.0,2,4.0,5,1
461008,1,0,26,0,5,1.0,2,4.0,2,1
461412,0,1,41,1,0,5.0,1,3.0,4,2
462283,1,0,25,0,5,4.0,2,5.0,5,4
467683,1,1,26,1,5,9.0,1,3.0,1,4
463727,0,0,27,0,1,0.0,2,5.0,2,1
459497,0,1,80,1,7,0.0,2,1.0,5,3
464407,0,1,50,1,5,1.0,2,3.0,5,4
465116,0,1,66,1,0,0.0,2,2.0,5,3
462957,1,1,58,0,4,1.0,1,5.0,5,2
465292,0,0,42,1,1,0.0,2,3.0,5,2
464359,0,0,37,1,0,0.0,2,3.0,5,2
461838,1,1,49,1,0,0.0,2,1.0,5,3
464624,1,0,39,1,3,3.0,2,2.0,0,1
466705,1,1,69,0,7,0.0,2,3.0,5,3
459849,0,1,50,1,0,1.0,1,5.0,5,3
463273,1,1,37,1,3,8.0,0,2.0,2,2
461551,1,1,61,0,3,1.0,2,2.0,5,1
464129,1,1,52,1,4,1.0,1,4.0,0,3
464031,0,0,23,0,5,1.0,2,4.0,5,4
460791,0,0,27,1,2,9.0,2,7.0,2,3
464348,1,0,43,1,0,1.0,2,2.0,5,1
460904,0,0,35,0,3,1.0,2,1.0,5,2
466484,0,1,52,0,4,1.0,2,1.0,2,1
461674,1,1,48,1,4,0.0,1,4.0,5,3
464297,1,0,26,0,0,8.0,2,5.0,4,1
462322,0,0,49,1,0,1.0,2,2.0,1,3
459974,1,0,37,1,3,0.0,2,1.0,5,1
461003,1,0,30,0,4,13.0,2,4.0,2,4
464939,1,0,43,0,3,0.0,2,1.0,3,4
461905,0,0,42,1,0,0.0,2,3.0,5,3
466952,1,1,60,1,0,0.0,0,2.0,5,3
460484,0,0,23,0,5,4.0,2,7.0,2,4
462346,1,1,81,1,7,9.0,2,1.0,5,2
465441,0,1,45,1,2,2.0,2,1.0,3,1
461689,1,0,33,1,0,1.0,2,2.0,5,3
464846,1,0,25,0,3,8.0,2,2.0,3,4
462254,1,1,38,0,4,1.0,0,5.0,1,2
462708,1,1,25,1,4,8.0,1,2.0,5,1
467806,1,1,62,1,0,1.0,1,2.0,5,2
461173,1,1,45,1,0,1.0,2,4.0,2,2
465912,0,0,63,1,0,1.0,2,2.0,5,2
461341,0,1,39,1,0,0.0,1,2.0,5,1
465135,0,0,25,0,2,1.0,2,1.0,5,2
461654,0,0,67,1,0,0.0,2,1.0,6,2
459147,1,1,81,1,3,1.0,2,1.0,5,4
464611,1,0,31,1,0,1.0,2,4.0,6,3
460356,1,0,22,0,5,1.0,2,4.0,5,4
461591,0,0,33,0,2,1.0,2,2.0,3,2
466505,0,1,42,0,0,8.0,1,5.0,5,2
464717,1,1,25,0,4,4.0,1,8.0,3,4
464620,0,1,41,1,0,1.0,1,2.0,5,2
462333,0,1,40,1,0,1.0,2,1.0,5,4
463910,0,1,50,1,0,0.0,0,2.0,5,3
459262,0,0,31,0,3,9.0,2,4.0,5,3
467808,0,1,63,1,0,0.0,0,2.0,5,3
460992,1,1,57,0,4,0.0,1,4.0,5,1
459950,0,0,40,1,0,0.0,2,1.0,5,1
467461,0,1,45,1,0,8.0,1,3.0,5,2
464177,1,0,25,1,5,1.0,2,3.0,5,4
463918,0,0,22,0,5,0.0,2,4.0,3,4
464326,0,0,38,1,0,1.0,2,3.0,5,1
465612,1,1,37,1,0,9.0,0,2.0,5,3
463872,1,1,78,0,7,1.0,1,2.0,1,1
466883,0,1,37,1,0,2.0,0,2.0,5,2
467477,1,1,43,1,5,5.0,0,2.0,5,4
461307,1,0,23,0,5,1.0,2,4.0,5,4
463509,1,0,43,0,0,0.0,2,1.0,2,4
461470,1,1,43,1,0,2.0,0,2.0,5,3
466138,1,1,71,0,7,3.0,1,2.0,5,4
460034,0,1,38,1,0,8.0,2,1.0,5,4
465088,1,1,48,1,4,9.0,1,4.0,5,2
462375,1,1,53,1,0,1.0,0,3.0,5,3
466337,0,1,41,0,2,0.0,2,2.0,3,1
465924,0,0,28,1,8,0.0,2,2.0,5,4
465788,1,0,22,0,5,1.0,2,6.0,3,4
463934,0,1,43,1,0,3.0,0,2.0,5,3
466728,1,1,28,0,1,0.0,0,2.0,5,1
461737,0,1,48,1,1,1.0,0,6.0,3,2
460972,1,1,42,1,0,14.0,2,2.0,5,1
461210,0,0,38,1,5,0.0,2,4.0,5,1
463111,0,0,42,1,2,6.0,2,3.0,5,4
465513,1,0,43,1,3,1.0,2,2.0,5,2
461732,0,1,46,1,0,1.0,0,2.0,1,3
459647,0,0,43,1,2,1.0,2,2.0,5,2
460257,0,0,28,1,5,1.0,2,6.0,5,4
464437,0,1,48,1,2,0.0,0,4.0,5,2
461544,1,1,82,0,7,1.0,1,2.0,5,1
462749,1,1,49,1,0,1.0,2,2.0,5,3
461472,0,1,41,1,0,0.0,0,2.0,5,3
467659,1,1,66,1,3,0.0,0,2.0,5,2
466859,1,0,22,0,5,0.0,2,5.0,1,4
460101,0,0,31,1,5,9.0,2,3.0,2,4
461885,0,1,49,1,0,3.0,1,5.0,5,3
460982,1,1,77,0,7,1.0,1,2.0,5,1
460503,1,0,41,1,3,0.0,2,2.0,2,2
460814,1,1,78,0,3,0.0,2,1.0,5,4
459981,1,0,41,1,0,7.0,2,1.0,5,1
463776,0,1,39,1,0,3.0,0,2.0,5,3
467746,1,1,50,1,4,0.0,1,3.0,5,2
460151,1,1,35,1,0,3.0,0,2.0,5,3
467145,0,1,52,1,1,1.0,0,3.0,5,2
461101,0,1,50,1,2,4.0,0,4.0,2,1
461424,1,1,63,0,5,0.0,0,4.0,3,2
464237,0,1,47,1,0,0.0,2,3.0,5,2
459995,0,0,38,0,0,4.0,2,2.0,5,1
465896,1,0,32,0,1,2.0,2,2.0,5,4
463639,1,0,31,0,5,0.0,2,6.0,5,4
463292,1,1,36,0,4,1.0,1,3.0,5,2
462484,1,1,67,1,0,0.0,2,1.0,5,4
465198,1,1,53,1,3,8.0,0,4.0,5,3
467820,1,1,51,1,0,0.0,2,1.0,2,2
465817,1,1,56,0,4,0.0,2,2.0,3,1
464244,1,1,72,1,4,1.0,1,4.0,5,2
465717,0,1,42,1,0,2.0,0,2.0,5,3
460461,0,1,26,0,6,9.0,0,2.0,2,1
466931,1,0,37,1,3,1.0,2,2.0,2,1
461106,1,0,18,0,5,1.0,2,4.0,2,4
463379,1,0,29,0,8,1.0,2,7.0,5,4
459331,0,0,70,1,7,0.0,2,1.0,5,4
466396,0,0,19,0,5,1.0,2,5.0,2,4
463135,1,1,46,1,0,5.0,0,2.0,2,3
463418,1,1,53,0,4,1.0,1,4.0,5,1
467300,0,1,50,1,0,0.0,2,1.0,5,2
465518,0,1,43,1,0,1.0,0,3.0,3,2
461964,0,0,23,0,5,0.0,2,4.0,6,4
463190,0,1,61,1,0,0.0,0,2.0,3,2
461771,1,1,27,1,1,9.0,0,2.0,5,1
466082,0,1,83,1,7,1.0,2,1.0,5,3
461241,1,1,32,1,5,5.0,2,2.0,5,4
460741,1,1,58,1,0,1.0,0,5.0,5,2
461752,1,1,67,1,1,1.0,0,3.0,5,3
461030,0,0,19,0,5,8.0,2,5.0,2,4
459097,1,1,88,1,7,0.0,1,2.0,5,1
464615,1,1,35,1,0,7.0,2,2.0,5,1
460928,1,1,45,1,0,0.0,0,4.0,5,2
467682,0,1,35,1,0,9.0,0,4.0,5,2
463480,0,1,27,0,5,0.0,2,2.0,5,4
462370,1,1,35,1,4,4.0,1,3.0,5,2
459148,0,0,20,0,5,2.0,2,3.0,3,4
462588,1,1,41,0,3,12.0,0,3.0,3,1
466102,0,0,33,0,5,1.0,2,6.0,2,3
464482,1,1,58,1,0,0.0,2,1.0,5,3
463078,1,1,86,0,4,0.0,1,2.0,5,1
464646,1,1,61,0,2,7.0,0,5.0,3,4
461151,1,0,32,1,0,0.0,2,3.0,2,4
466397,1,0,20,0,5,0.0,2,3.0,2,4
463743,1,0,32,0,0,0.0,2,4.0,5,4
467753,0,1,69,0,0,0.0,1,2.0,5,3
465666,0,0,35,1,3,9.0,2,4.0,5,3
463105,0,0,72,1,7,1.0,2,2.0,5,4
465280,0,1,37,1,0,0.0,2,1.0,5,3
465578,1,0,33,1,5,4.0,2,1.0,5,4
466560,1,1,40,0,4,0.0,0,4.0,3,4
459897,0,1,55,1,0,1.0,2,2.0,5,3
466440,1,1,23,0,4,1.0,1,9.0,5,1
464647,0,1,51,0,1,1.0,1,1.0,3,4
460851,1,1,69,0,1,0.0,0,3.0,5,2
467122,0,1,73,0,7,0.0,1,2.0,5,3
460462,0,0,20,0,8,1.0,2,3.0,2,2
459440,0,0,53,1,0,1.0,2,1.0,5,2
459521,0,1,46,1,0,0.0,0,4.0,0,1
465772,0,1,53,1,2,0.0,2,4.0,0,2
462218,1,1,53,0,4,0.0,0,5.0,3,2
467673,1,1,50,0,4,0.0,1,4.0,5,2
461295,0,1,66,1,0,1.0,0,3.0,5,3
466035,0,1,86,1,7,1.0,2,2.0,5,2
459830,0,0,27,1,1,8.0,2,1.0,5,1
462080,0,0,42,1,0,8.0,2,1.0,5,3
459330,1,0,33,0,8,11.0,2,9.0,5,4
467058,1,1,82,0,4,1.0,1,2.0,5,2
461122,1,1,26,0,3,8.0,2,2.0,3,4
464886,1,1,38,1,2,0.0,0,4.0,3,2
463697,0,0,32,1,0,6.0,2,7.0,3,1
460592,1,0,20,0,5,1.0,2,5.0,2,4
465995,1,0,27,0,3,0.0,2,3.0,1,4
461293,1,0,22,0,5,0.0,2,4.0,5,4
467020,1,1,80,1,7,0.0,1,3.0,5,2
467175,1,1,77,1,7,0.0,2,1.0,5,4
465154,1,0,22,0,5,1.0,2,2.0,3,4
466666,0,1,32,1,5,0.0,2,2.0,5,1
462859,1,1,49,1,3,1.0,0,2.0,5,1
467483,1,1,55,1,4,0.0,1,9.0,5,1
466950,1,0,28,1,3,1.0,2,2.0,2,4
466884,0,1,42,0,1,1.0,2,1.0,5,1
463203,0,0,20,0,5,1.0,2,3.0,6,4
464716,1,1,43,1,8,0.0,1,6.0,3,4
466162,0,1,73,1,1,0.0,2,1.0,3,2
462383,0,0,46,0,2,1.0,2,3.0,2,4
462970,1,1,28,0,1,0.0,0,2.0,5,4
463988,0,1,35,1,3,9.0,0,2.0,1,1
466500,0,1,48,1,0,3.0,1,3.0,3,2
460826,0,0,32,1,0,0.0,2,3.0,3,4
466714,1,1,66,1,4,0.0,0,2.0,5,3
467876,0,1,47,1,0,8.0,1,2.0,5,3
465204,1,1,28,1,5,1.0,2,2.0,5,3
461851,0,1,35,1,0,3.0,0,2.0,5,3
460823,0,1,75,1,7,1.0,1,2.0,5,2
459328,1,1,48,1,4,1.0,1,3.0,5,2
466541,1,0,41,1,3,1.0,2,4.0,5,1
461817,0,0,25,0,1,1.0,2,3.0,5,4
459187,0,1,52,0,1,0.0,0,3.0,3,2
464352,1,1,58,1,1,0.0,0,2.0,5,3
459814,0,0,49,1,0,0.0,2,3.0,1,2
460309,1,0,28,1,8,9.0,2,5.0,6,4
467169,1,0,53,1,0,0.0,2,1.0,5,2
461362,0,0,27,1,1,0.0,2,4.0,5,4
462942,0,0,33,1,3,0.0,2,4.0,3,1
463088,0,1,89,1,7,0.0,1,2.0,5,3
463924,0,0,40,1,0,1.0,2,1.0,4,2
462794,1,0,27,0,5,10.0,2,5.0,5,4
462399,1,1,37,1,4,1.0,2,6.0,5,4
465593,1,1,56,0,7,0.0,1,3.0,2,1
465437,1,1,48,1,4,2.0,1,5.0,5,3
465457,0,0,32,1,2,0.0,2,1.0,5,1
463167,1,1,39,1,1,1.0,0,3.0,5,1
462141,0,0,39,1,0,9.0,2,1.0,5,3
460760,1,1,60,0,0,1.0,1,4.0,2,2
461938,0,0,33,1,2,9.0,2,2.0,5,1
465041,0,1,50,0,0,0.0,0,4.0,3,3
467226,0,0,20,0,3,1.0,2,4.0,5,3
459800,0,0,37,0,2,0.0,2,1.0,5,4
466175,1,1,25,1,1,1.0,2,2.0,5,3
460212,1,1,37,1,3,11.0,2,6.0,5,4
466912,1,1,68,1,2,0.0,2,1.0,5,4
460373,1,0,20,0,5,2.0,2,3.0,5,4
463728,0,1,30,0,1,1.0,0,6.0,5,2
466596,0,1,83,1,0,0.0,1,2.0,5,3
465945,0,0,52,1,0,0.0,2,1.0,5,4
464825,0,0,19,0,5,7.0,2,1.0,3,4
462235,0,1,36,1,2,11.0,2,2.0,3,3
463477,1,0,31,0,5,1.0,2,4.0,3,3
465744,1,1,51,1,0,0.0,0,2.0,1,3
467093,0,1,53,1,0,8.0,0,2.0,5,1
464351,0,0,31,1,5,1.0,2,1.0,5,4
466955,1,1,57,0,3,0.0,2,4.0,2,1
462305,1,1,36,1,0,0.0,0,5.0,5,3
465885,0,0,41,1,8,1.0,2,2.0,5,1
461022,1,1,69,1,0,0.0,2,1.0,2,1
463146,1,1,37,0,3,11.0,0,2.0,5,2
459150,0,0,49,1,1,0.0,2,1.0,5,1
467114,1,1,59,1,8,0.0,0,3.0,5,2
466395,0,1,37,1,1,2.0,1,2.0,3,1
465028,0,1,68,1,7,3.0,1,4.0,5,3
464189,0,0,42,1,0,1.0,2,2.0,5,1
466043,0,1,46,1,0,1.0,0,4.0,5,2
460585,1,0,49,0,3,1.0,2,3.0,2,4
461217,0,0,33,1,2,1.0,2,5.0,5,4
465759,1,1,33,0,0,1.0,2,3.0,3,1
464781,1,0,32,0,8,0.0,2,3.0,3,4
459425,0,1,87,1,7,0.0,1,2.0,5,1
460716,1,1,52,1,3,0.0,0,4.0,5,2
464864,0,0,27,0,2,14.0,2,8.0,3,4
467250,1,1,63,1,3,6.0,2,2.0,5,4
460169,0,1,89,1,7,1.0,1,2.0,1,3
462401,1,1,31,0,4,1.0,0,2.0,3,4
464290,0,0,41,1,0,0.0,2,1.0,5,3
464599,0,1,50,1,0,1.0,1,7.0,1,2
464952,0,1,70,0,2,0.0,0,2.0,3,2
460502,0,1,55,1,2,1.0,0,3.0,2,2
463897,0,1,36,1,6,8.0,0,5.0,5,2
464401,0,1,66,1,7,4.0,2,1.0,5,2
462621,0,1,49,0,2,5.0,0,5.0,3,4
466092,1,1,65,1,0,1.0,0,4.0,5,2
466469,0,0,23,0,5,1.0,2,4.0,2,4
459804,1,1,45,0,0,3.0,1,4.0,5,3
460548,1,0,33,0,3,1.0,2,5.0,2,4
459733,1,1,48,1,4,1.0,1,3.0,5,1
466830,1,0,28,1,5,5.0,2,4.0,5,4
466849,0,0,27,1,0,0.0,2,8.0,3,3
461090,0,1,45,1,2,1.0,2,3.0,2,4
466531,0,1,49,1,3,2.0,0,3.0,5,1
467378,0,1,56,1,0,1.0,0,2.0,5,3
461087,0,1,29,0,0,0.0,0,2.0,2,1
465754,0,1,57,1,0,0.0,0,4.0,5,3
466708,1,1,65,0,3,1.0,2,1.0,5,1
465133,0,1,61,1,2,1.0,0,5.0,5,2
467266,0,0,32,0,5,0.0,2,4.0,2,3
464304,1,1,35,1,0,1.0,2,1.0,2,1
464393,0,1,82,1,7,1.0,1,2.0,5,1
464883,0,1,37,0,2,1.0,2,4.0,3,1
465203,1,0,32,1,5,2.0,2,3.0,5,3
461860,0,1,81,1,7,1.0,1,2.0,5,3
459934,1,0,49,1,0,0.0,2,1.0,5,2
461408,1,1,46,1,8,1.0,2,3.0,5,4
459967,1,0,27,1,3,9.0,2,3.0,5,2
464493,0,1,66,1,7,6.0,0,4.0,4,2
463020,1,1,31,1,0,0.0,0,3.0,0,4
466704,1,1,53,1,1,4.0,0,2.0,5,3
462950,0,0,29,1,1,0.0,2,5.0,2,4
465560,1,1,60,1,3,1.0,0,5.0,2,2
465114,0,0,43,0,1,4.0,2,6.0,6,2
464908,1,1,73,1,3,5.0,2,1.0,3,1
464109,1,1,47,0,3,0.0,0,3.0,5,3
463748,1,0,20,0,5,1.0,2,3.0,5,4
461808,1,1,38,1,0,0.0,2,2.0,6,2
461716,0,1,56,1,7,5.0,1,9.0,5,3
466409,1,1,51,1,0,0.0,0,5.0,5,3
464160,1,1,27,1,0,4.0,0,2.0,5,1
462459,1,0,30,1,0,2.0,2,2.0,5,1
463347,1,1,49,1,0,1.0,0,4.0,1,1
461117,0,0,30,1,5,0.0,2,6.0,2,4
467023,1,1,26,0,1,9.0,0,2.0,5,1
465068,1,1,42,1,0,3.0,0,4.0,5,2
462239,1,1,49,1,4,1.0,1,5.0,4,3
467472,1,1,59,1,4,3.0,1,4.0,5,2
466286,0,1,49,1,0,0.0,0,5.0,1,3
463767,1,1,32,1,0,9.0,0,2.0,5,3
466653,1,1,41,1,3,5.0,2,1.0,5,1
464982,1,1,71,1,4,1.0,1,4.0,5,2
465021,1,1,62,1,3,0.0,0,3.0,5,3
460079,0,0,41,0,1,0.0,2,1.0,5,1
460092,1,0,41,1,1,2.0,2,2.0,5,3
466172,1,1,53,1,0,3.0,0,3.0,5,3
463370,1,1,46,1,1,2.0,2,4.0,2,1
463030,1,1,50,1,4,1.0,1,3.0,5,3
465359,0,1,40,0,0,1.0,2,1.0,5,3
462504,0,0,49,0,0,9.0,2,1.0,0,2
465937,0,0,30,1,5,9.0,2,3.0,5,4
460534,1,1,36,1,0,0.0,0,4.0,5,2
461032,0,1,66,1,7,0.0,1,3.0,5,3
463785,0,0,27,0,5,0.0,2,4.0,3,3
461358,1,0,42,0,3,1.0,2,3.0,5,1
464803,1,0,28,0,1,1.0,2,1.0,3,1
460960,1,1,48,1,3,6.0,2,2.0,6,2
461461,1,1,36,0,3,9.0,0,2.0,5,2
466960,1,1,40,1,0,1.0,2,2.0,5,2
466674,0,1,57,1,0,0.0,1,2.0,5,3
460037,0,0,42,1,3,5.0,2,7.0,5,1
460166,0,0,21,0,5,1.0,2,7.0,1,4
461403,0,0,27,1,5,0.0,2,4.0,5,4
464453,0,1,46,1,0,4.0,1,5.0,5,3
463926,0,0,27,0,2,0.0,2,6.0,5,4
462718,0,0,25,0,8,8.0,2,5.0,5,4
464440,1,1,87,1,7,0.0,1,2.0,5,1
467197,1,0,27,1,5,1.0,2,3.0,5,4
465070,0,1,48,1,8,6.0,2,1.0,5,3
466127,1,1,51,1,1,1.0,0,4.0,5,1
467918,1,1,48,1,0,7.0,0,2.0,5,3
462696,1,1,52,0,0,0.0,1,2.0,5,1
464135,0,1,68,1,7,0.0,1,2.0,5,2
467586,1,1,35,1,0,3.0,0,3.0,5,2
460794,0,1,39,1,6,9.0,2,1.0,5,4
460155,0,1,53,1,0,2.0,1,2.0,1,3
464606,1,1,41,1,0,1.0,0,2.0,5,3
465856,1,1,41,1,0,11.0,1,2.0,5,1
463214,0,0,25,0,2,1.0,2,1.0,5,1
462848,0,1,23,0,5,7.0,1,2.0,5,2
461666,0,1,35,1,0,0.0,1,2.0,6,3
459773,1,1,51,1,4,1.0,2,3.0,5,3
463647,0,0,38,1,2,1.0,2,1.0,5,1
464156,1,1,62,1,0,10.0,2,1.0,5,2
463139,1,1,60,1,4,1.0,1,6.0,1,2
464355,1,1,47,1,4,1.0,1,4.0,5,3
462183,1,0,22,0,8,0.0,2,4.0,5,4
466697,0,0,31,0,8,0.0,2,3.0,5,4
466730,0,1,38,1,2,3.0,2,2.0,5,1
466394,0,1,42,0,3,6.0,0,5.0,5,1
459009,0,1,50,1,0,1.0,0,3.0,5,3
460554,1,1,38,0,0,5.0,0,3.0,2,2
462498,0,1,55,1,1,0.0,0,3.0,5,2
459926,0,1,71,1,0,1.0,0,2.0,5,3
465910,1,1,38,0,0,10.0,0,4.0,6,1
459166,1,1,77,1,0,1.0,2,1.0,5,1
462545,1,0,33,0,2,1.0,2,3.0,3,4
459406,1,1,72,0,4,0.0,1,2.0,5,2
464772,0,1,43,0,2,9.0,0,4.0,3,1
465491,0,0,35,1,0,0.0,2,3.0,5,2
463123,0,0,33,1,1,1.0,2,3.0,5,1
462015,1,1,27,1,3,0.0,0,2.0,5,1
461107,1,0,21,0,5,0.0,2,6.0,2,4
459265,0,1,41,1,0,0.0,0,2.0,5,3
460295,1,0,29,1,0,9.0,2,3.0,5,1
463871,0,1,46,0,0,8.0,2,1.0,5,2
464594,1,1,46,1,0,1.0,2,1.0,1,4
460694,0,1,53,0,2,3.0,2,1.0,5,1
464369,1,1,36,1,4,1.0,1,4.0,5,2
463983,0,1,36,0,2,0.0,0,2.0,3,1
465721,1,1,25,1,3,1.0,1,2.0,2,4
461325,1,0,61,1,3,1.0,2,3.0,1,3
465335,1,1,61,0,3,1.0,0,2.0,6,2
461871,1,1,53,1,0,0.0,0,2.0,5,3
466296,1,1,69,0,4,1.0,1,4.0,5,3
462252,1,0,47,1,3,4.0,2,1.0,5,1
460209,0,1,26,1,3,5.0,2,7.0,5,4
465890,0,0,39,1,0,9.0,2,1.0,5,2
459745,1,1,47,0,0,0.0,2,4.0,0,1
465715,0,1,69,1,0,7.0,2,1.0,5,1
467168,1,1,46,1,0,8.0,0,2.0,0,2
461417,0,0,37,1,1,1.0,2,3.0,5,4
462938,0,0,50,1,0,6.0,2,1.0,5,2
463869,0,1,52,1,1,0.0,0,4.0,5,3
459071,1,0,28,1,5,5.0,2,4.0,5,3
460193,1,0,42,1,3,3.0,2,2.0,1,1
467961,1,1,45,1,4,1.0,1,5.0,3,2
464442,1,1,57,1,7,1.0,1,2.0,5,2
465834,1,0,48,1,3,0.0,2,3.0,1,1
462857,1,0,18,0,5,1.0,2,3.0,5,4
463474,1,1,51,0,0,3.0,0,2.0,5,3
463607,0,0,29,1,2,1.0,2,5.0,0,2
464874,0,1,47,1,0,0.0,0,4.0,3,3
465186,0,1,38,0,0,4.0,0,4.0,0,3
463861,1,1,37,1,0,1.0,2,1.0,2,1
464027,1,0,22,0,5,9.0,2,4.0,5,4
460985,0,1,61,1,2,0.0,0,2.0,5,3
466870,1,1,42,1,0,0.0,0,2.0,5,3
466060,1,1,60,1,0,1.0,0,2.0,2,2
461273,1,1,73,1,3,1.0,1,4.0,5,2
461648,0,1,49,1,0,1.0,2,1.0,5,3
467631,1,1,72,1,7,3.0,1,2.0,5,3
467804,0,1,43,1,0,1.0,0,2.0,5,3
466000,1,1,38,1,1,5.0,2,2.0,0,1
459445,0,1,35,1,0,0.0,0,3.0,5,3
466292,0,1,82,0,7,1.0,1,2.0,5,2
463804,1,1,63,1,0,9.0,2,1.0,5,1
464081,1,1,73,1,4,11.0,1,2.0,5,3
462543,0,1,38,1,0,4.0,2,1.0,2,2
463051,0,0,42,1,6,10.0,2,1.0,5,1
465893,0,1,43,1,2,0.0,0,2.0,5,2
466812,1,0,31,0,6,14.0,2,1.0,5,4
467091,0,0,42,1,3,1.0,2,3.0,5,4
460268,1,1,32,1,0,9.0,0,2.0,5,2
465757,1,1,39,1,0,3.0,0,4.0,3,1
460021,0,1,48,1,0,0.0,0,4.0,5,2
463859,1,1,39,1,0,6.0,0,2.0,5,3
460053,1,1,55,1,0,9.0,0,2.0,0,3
466659,1,1,60,1,1,1.0,1,2.0,2,2
466533,0,0,51,1,3,1.0,2,1.0,5,1
465307,0,1,61,1,0,0.0,0,3.0,3,2
464592,0,0,43,1,0,1.0,2,1.0,5,1
461647,0,1,55,1,0,2.0,0,3.0,5,3
467462,0,1,43,1,0,1.0,0,5.0,5,3
467594,1,1,45,0,4,0.0,0,3.0,3,2
464255,0,1,50,1,0,1.0,0,5.0,3,3
461701,1,1,40,0,0,1.0,0,2.0,4,3
466516,1,0,19,0,5,0.0,2,3.0,5,4
464036,0,0,25,1,1,3.0,2,1.0,5,1
461887,0,0,89,1,7,2.0,2,1.0,5,4
466177,0,1,49,1,0,0.0,0,3.0,5,3
467486,0,1,46,1,2,1.0,0,5.0,5,2
466775,0,1,83,1,7,0.0,2,2.0,5,3
467412,1,1,35,1,4,6.0,0,4.0,5,2
460546,0,1,71,1,7,1.0,2,2.0,2,3
466204,1,1,50,1,0,0.0,0,3.0,5,3
459000,1,1,58,0,4,12.0,1,2.0,5,3
466781,1,1,35,1,0,1.0,0,4.0,2,1
464992,1,1,67,1,4,0.0,1,2.0,5,3
464921,1,1,35,0,1,0.0,0,5.0,3,3
458982,1,1,61,1,4,1.0,1,3.0,5,3
461045,0,0,29,0,3,0.0,2,2.0,2,2
459346,1,1,47,1,4,0.0,0,5.0,1,2
464183,0,0,37,0,0,4.0,2,2.0,5,3
466642,1,0,18,0,5,9.0,2,3.0,5,4
460519,0,0,23,0,3,0.0,2,2.0,2,3
462687,1,0,29,0,6,11.0,2,3.0,2,4
467921,0,0,43,1,0,1.0,2,4.0,5,1
460863,1,1,66,1,0,0.0,2,5.0,5,1
464168,1,1,45,1,4,1.0,1,3.0,5,3
464819,0,1,67,1,7,1.0,2,1.0,3,1
465718,0,1,49,1,8,9.0,2,2.0,5,3
461025,1,1,38,0,4,1.0,1,4.0,5,4
466243,0,1,38,0,2,1.0,2,2.0,3,1
463059,0,0,32,1,6,10.0,2,1.0,5,4
466962,1,1,48,1,0,8.0,0,2.0,5,3
463067,0,0,42,1,6,7.0,2,1.0,5,1
465755,0,0,50,1,0,8.0,2,3.0,5,3
466301,1,1,50,1,0,0.0,0,3.0,1,3
467884,0,1,30,1,2,8.0,1,6.0,3,4
459315,0,1,27,1,1,1.0,2,2.0,3,4
465343,0,1,43,1,2,1.0,0,4.0,5,2
467772,0,0,25,0,8,1.0,2,2.0,5,4
460292,0,0,27,1,8,12.0,2,3.0,5,1
466566,1,0,43,1,0,1.0,2,1.0,5,2
459500,1,1,37,1,3,1.0,0,4.0,5,2
460267,0,0,27,1,5,1.0,2,9.0,5,3
467298,1,1,61,1,5,1.0,2,2.0,5,1
467095,1,1,41,0,2,0.0,0,2.0,6,3
465919,0,0,50,1,0,0.0,2,1.0,5,2
461835,0,1,60,1,0,1.0,0,2.0,5,3
461302,1,0,20,0,5,0.0,2,4.0,5,4
461275,1,1,66,1,8,1.0,1,2.0,5,2
463115,1,1,36,1,6,5.0,2,1.0,5,4
466362,1,1,65,1,7,1.0,1,2.0,5,2
463490,1,0,20,0,5,1.0,2,4.0,5,4
463836,0,1,38,1,0,0.0,2,1.0,5,2
459923,1,0,31,1,8,0.0,2,2.0,2,4
464164,0,1,81,1,7,0.0,1,2.0,5,3
460298,0,0,52,1,7,4.0,2,1.0,5,1
467819,1,1,57,1,0,0.0,2,1.0,2,2
460722,1,1,30,0,3,1.0,0,3.0,2,1
466407,1,1,55,0,3,1.0,2,3.0,3,1
462411,1,0,38,1,0,8.0,2,1.0,5,1
466198,1,1,70,0,7,0.0,1,2.0,2,3
462153,1,1,59,0,0,0.0,2,1.0,5,2
467180,1,1,39,1,5,1.0,2,3.0,2,4
461481,0,1,58,1,0,9.0,0,3.0,5,3
464589,1,1,30,0,3,11.0,2,2.0,4,4
461471,0,1,73,1,0,1.0,0,2.0,5,3
464146,1,0,38,1,3,1.0,2,2.0,5,1
459589,1,0,25,0,5,1.0,2,5.0,5,4
459829,1,1,53,1,0,3.0,1,3.0,6,4
463314,0,0,27,0,5,0.0,2,4.0,2,1
459723,1,1,49,1,0,6.0,0,2.0,5,3
459122,0,1,51,1,0,6.0,0,5.0,5,3
462221,1,0,33,0,5,0.0,2,7.0,3,4
462694,1,1,61,1,3,6.0,0,2.0,5,1
466757,0,1,47,0,2,0.0,2,1.0,5,1
464413,0,1,36,1,2,0.0,2,1.0,2,2
466425,1,1,32,1,3,1.0,0,2.0,2,1
460474,0,1,40,0,6,9.0,0,5.0,3,1
467261,0,1,77,1,7,0.0,1,2.0,5,3
463322,0,1,72,1,7,1.0,1,4.0,1,2
466193,1,1,84,0,7,0.0,2,1.0,5,1
459738,1,1,32,1,0,1.0,2,2.0,5,4
459008,0,1,52,1,0,1.0,0,3.0,5,2
461250,0,1,47,1,7,2.0,1,4.0,5,4
461926,0,1,63,1,0,4.0,0,4.0,5,3
459578,1,1,35,1,4,2.0,0,5.0,5,2
466003,0,1,27,1,8,9.0,2,1.0,2,3
465460,1,0,49,1,0,0.0,2,1.0,5,2
462862,0,0,31,0,6,8.0,2,1.0,5,4
465084,1,1,61,1,4,5.0,1,2.0,5,3
465777,0,0,30,1,0,9.0,2,5.0,5,1
466688,1,0,23,0,5,1.0,2,3.0,3,4
461029,1,1,42,0,3,8.0,2,2.0,3,1
464812,0,1,48,1,2,0.0,1,5.0,3,1
465099,1,1,39,0,3,0.0,0,2.0,5,3
465730,1,1,43,1,4,6.0,1,3.0,3,1
462138,0,1,56,1,0,1.0,2,2.0,5,2
460332,1,0,28,1,5,0.0,2,5.0,5,4
462342,0,1,71,1,7,8.0,1,2.0,5,3
459007,0,1,42,1,0,1.0,0,3.0,5,3
465130,0,1,50,1,0,0.0,0,9.0,5,3
459702,0,1,62,1,7,1.0,2,3.0,5,1
461401,1,1,43,1,0,1.0,0,3.0,5,1
463916,0,0,32,0,2,9.0,2,4.0,4,1
459938,1,0,61,1,0,1.0,2,1.0,5,2
460199,0,1,39,1,3,5.0,2,2.0,5,2
466684,0,1,46,1,0,0.0,0,2.0,0,3
465978,1,1,50,1,0,1.0,0,3.0,5,2
465682,1,1,39,1,0,0.0,2,4.0,3,1
462693,0,0,35,1,0,1.0,2,1.0,5,1
459952,0,0,35,1,3,7.0,2,2.0,5,1
466450,0,0,33,1,5,1.0,2,1.0,5,4
466556,1,0,21,0,5,1.0,2,3.0,5,4
459932,0,0,46,1,0,9.0,2,1.0,5,2
460420,0,0,37,1,0,1.0,2,1.0,5,1
460123,0,1,33,1,2,9.0,2,2.0,5,4
462357,1,0,25,1,0,1.0,2,3.0,5,1
464094,1,1,53,1,4,1.0,1,4.0,5,2
467852,0,0,41,1,0,10.0,2,1.0,5,2
462526,0,1,46,1,0,3.0,0,5.0,5,3
463180,1,1,36,1,0,0.0,2,3.0,2,3
461572,0,1,57,1,0,0.0,0,3.0,1,3
464607,0,1,49,1,0,0.0,0,4.0,1,3
467751,1,1,48,1,0,1.0,0,3.0,5,3
465563,1,1,59,1,3,1.0,0,5.0,2,2
465589,1,1,40,1,0,0.0,0,3.0,5,1
459215,0,1,58,1,0,0.0,2,3.0,2,3
466826,1,1,43,1,3,0.0,2,2.0,5,1
461164,0,0,39,1,1,9.0,2,1.0,2,2
459305,1,1,29,0,5,13.0,1,2.0,5,2
460181,0,1,37,1,8,9.0,2,1.0,5,1
466447,0,1,49,1,0,0.0,0,4.0,6,2
467735,1,0,26,1,1,1.0,2,2.0,5,1
463755,0,1,63,0,0,0.0,1,2.0,5,2
460930,1,0,26,1,0,10.0,2,5.0,5,4
465246,1,0,21,0,5,1.0,2,5.0,3,4
459683,0,1,56,1,2,1.0,0,3.0,5,2
463491,1,1,27,1,1,9.0,0,3.0,5,4
459985,0,0,39,1,1,8.0,2,2.0,5,2
462815,1,1,84,0,7,1.0,2,1.0,5,1
464187,0,0,41,0,2,9.0,2,1.0,5,1
467137,0,1,59,1,2,0.0,2,1.0,5,4
462477,1,0,25,1,3,7.0,2,3.0,5,1
463906,0,1,40,1,2,0.0,0,4.0,5,2
465855,1,0,42,1,0,1.0,2,1.0,1,1
467334,1,1,73,0,4,0.0,1,2.0,5,3
461600,1,0,30,1,8,1.0,2,5.0,5,3
465828,0,0,29,0,3,9.0,2,4.0,3,4
460279,0,1,27,0,3,6.0,1,2.0,5,2
463136,1,1,35,1,0,1.0,1,3.0,5,2
459869,0,0,23,0,5,1.0,2,3.0,5,4
467916,0,1,48,1,0,6.0,2,1.0,5,3
461890,0,1,45,1,0,0.0,0,2.0,5,3
466582,0,0,23,0,5,1.0,2,3.0,5,4
461076,1,0,42,1,3,1.0,2,8.0,2,1
466713,0,1,69,1,0,1.0,1,4.0,5,3
460753,0,0,33,0,5,1.0,2,6.0,5,1
460262,1,0,28,0,4,9.0,2,4.0,5,4
465249,0,0,19,0,5,1.0,2,4.0,5,4
466083,0,0,21,0,8,2.0,2,2.0,2,4
459137,1,1,42,1,0,7.0,0,2.0,5,3
467416,0,0,38,1,1,8.0,2,1.0,3,2
463137,0,0,31,1,6,8.0,2,1.0,5,4
459839,1,1,45,0,2,1.0,0,5.0,5,2
465665,0,1,83,1,7,1.0,2,1.0,5,1
464747,0,1,69,0,2,0.0,0,4.0,3,1
464920,1,0,36,1,0,2.0,2,1.0,3,2
461638,1,1,70,1,3,0.0,1,2.0,5,1
467790,1,0,21,0,5,1.0,2,6.0,5,4
463402,1,0,19,0,5,7.0,2,4.0,3,4
462900,1,1,39,1,0,0.0,0,3.0,5,2
460688,1,1,28,0,1,5.0,2,2.0,2,4
466033,0,1,40,1,0,0.0,0,4.0,5,2
461440,0,1,42,1,0,1.0,0,2.0,5,3
465670,0,0,48,0,2,12.0,2,1.0,3,4
463985,0,1,29,1,0,4.0,2,2.0,0,4
466347,1,1,71,0,4,5.0,2,3.0,3,2
459077,0,1,82,0,7,0.0,1,2.0,5,1
460339,0,1,50,1,3,4.0,2,2.0,5,1
459970,1,0,40,1,0,1.0,2,2.0,5,1
463464,1,0,18,0,5,6.0,2,4.0,5,4
459313,1,1,42,0,3,0.0,0,4.0,5,3
466990,1,1,39,1,3,9.0,0,2.0,5,2
464108,0,1,60,1,2,1.0,0,3.0,6,3
462261,1,1,60,0,2,0.0,0,3.0,5,3
463312,1,1,40,0,2,3.0,2,1.0,2,1
462667,0,1,40,0,6,2.0,0,2.0,5,1
462917,1,1,65,0,1,1.0,2,1.0,0,4
463898,0,0,38,1,5,0.0,2,2.0,5,3
459157,1,0,37,1,2,1.0,2,1.0,5,4
460287,1,1,53,1,0,0.0,2,1.0,5,2
460684,1,1,62,0,3,8.0,2,2.0,2,2
462319,1,1,47,1,0,1.0,0,2.0,1,3
465128,0,1,62,0,0,1.0,0,3.0,5,2
465222,1,1,69,0,1,8.0,2,2.0,5,1
467850,0,0,19,0,5,0.0,2,2.0,3,4
465488,1,0,18,0,5,0.0,2,4.0,5,4
467672,0,1,36,1,0,7.0,0,2.0,5,3
466606,0,1,35,1,2,0.0,2,3.0,2,2
461840,1,1,47,1,4,8.0,1,4.0,5,3
461284,1,0,23,0,0,1.0,2,4.0,5,4
467878,0,1,42,1,1,0.0,0,4.0,5,1
465553,0,1,47,1,0,8.0,0,4.0,2,3
463346,1,1,40,1,5,1.0,2,3.0,5,4
466232,1,1,59,0,4,0.0,1,3.0,5,3
465183,0,1,38,1,0,3.0,2,2.0,6,3
462382,1,1,73,1,7,1.0,1,2.0,5,2
461363,1,0,45,1,0,0.0,2,1.0,5,1
465658,1,1,71,1,0,0.0,0,4.0,5,3
460748,0,1,60,0,2,0.0,2,2.0,2,1
466217,1,0,27,1,1,0.0,2,2.0,5,3
465484,0,1,57,1,0,0.0,2,2.0,5,2
462326,0,1,42,1,0,4.0,0,2.0,5,3
459870,1,1,49,0,4,11.0,1,4.0,5,1
467676,1,1,40,1,3,8.0,2,2.0,5,4
464488,0,0,40,1,0,5.0,2,9.0,5,3
466076,1,0,19,0,5,8.0,2,3.0,5,4
462275,1,1,42,1,0,1.0,0,2.0,5,3
459396,0,0,50,1,2,0.0,2,1.0,5,2
464417,1,1,72,0,3,2.0,0,2.0,5,3
467311,1,1,67,1,7,1.0,1,3.0,5,2
464034,1,1,37,1,3,3.0,2,1.0,5,1
459886,1,1,26,0,0,1.0,2,4.0,5,1
466435,1,1,32,0,4,1.0,1,5.0,5,4
463885,1,1,51,1,0,1.0,2,1.0,3,1
462915,1,1,61,0,2,5.0,0,3.0,5,2
462824,1,1,38,0,2,0.0,0,3.0,3,2
460696,1,1,73,0,7,1.0,2,1.0,5,4
461658,0,1,62,1,0,0.0,0,2.0,4,3
467142,1,1,40,1,4,0.0,2,4.0,5,2
460127,1,0,42,1,5,8.0,2,3.0,5,4
467542,1,0,30,1,5,9.0,2,1.0,5,4
462901,0,1,46,0,6,9.0,2,1.0,2,1
464797,0,1,38,0,2,9.0,0,4.0,3,1
460867,1,1,40,1,1,0.0,0,5.0,5,2
464438,1,1,50,0,3,0.0,0,3.0,5,3
460779,0,0,28,0,3,1.0,2,2.0,2,1
460276,0,1,37,1,0,3.0,2,2.0,5,3
466478,0,1,51,1,0,0.0,0,4.0,2,3
463834,0,1,41,1,2,1.0,0,4.0,5,3
465796,0,1,65,1,0,0.0,0,4.0,3,3
460654,0,1,48,0,8,0.0,0,2.0,3,4
465641,0,1,47,1,0,0.0,0,2.0,5,3
467854,1,0,28,1,0,9.0,2,2.0,5,1
459291,0,0,38,1,3,0.0,2,1.0,5,1
460749,1,0,36,1,3,1.0,2,2.0,5,1
459229,0,1,65,1,7,0.0,0,4.0,5,2
466038,0,0,27,0,6,9.0,2,1.0,3,1
467538,1,1,50,1,0,0.0,2,3.0,5,2
459266,1,0,26,1,5,5.0,2,5.0,5,4
467642,1,1,46,1,0,2.0,0,4.0,1,3
459579,0,1,40,1,0,4.0,0,5.0,3,2
464143,1,0,33,1,5,9.0,2,5.0,5,4
467678,1,0,56,0,8,1.0,2,2.0,5,4
466053,0,0,25,0,1,2.0,2,1.0,3,4
467038,1,1,61,1,7,1.0,1,2.0,5,3
466822,0,1,42,1,3,0.0,0,4.0,2,2
464371,1,1,49,1,0,1.0,2,4.0,2,3
462788,1,1,48,0,3,1.0,0,3.0,2,3
459334,1,1,36,1,5,3.0,2,3.0,5,4
465236,1,1,47,1,0,0.0,2,1.0,5,3
461433,1,1,70,1,1,1.0,1,3.0,5,3
466345,1,0,21,0,5,1.0,2,4.0,1,4
459942,1,0,51,1,0,5.0,2,1.0,5,2
462739,1,1,46,1,0,0.0,2,2.0,5,1
467243,1,0,26,1,5,1.0,2,3.0,5,4
463215,0,1,37,1,2,0.0,1,2.0,5,1
460887,1,1,47,1,3,2.0,0,3.0,2,2
467950,0,0,38,1,3,0.0,2,2.0,5,4
460407,0,0,36,1,0,8.0,2,1.0,5,2
466565,1,1,29,0,0,6.0,0,2.0,5,2
461590,1,1,41,0,4,1.0,1,4.0,5,2
461128,1,0,20,0,5,7.0,2,3.0,5,4
460145,0,0,36,1,0,0.0,2,1.0,1,2
462192,0,0,23,0,5,0.0,2,6.0,3,4
467470,1,1,53,1,2,1.0,0,3.0,5,2
467937,1,0,28,1,1,0.0,2,3.0,5,3
466648,1,1,36,1,4,6.0,1,2.0,5,3
460866,1,0,28,1,1,1.0,2,9.0,3,2
463097,0,1,45,1,0,1.0,0,3.0,6,3
466196,0,1,78,1,7,6.0,2,1.0,3,1
466372,0,1,60,1,0,1.0,0,5.0,5,3
459367,0,0,22,0,1,11.0,2,4.0,0,4
463390,0,1,50,1,0,0.0,0,2.0,2,3
465478,1,1,51,0,3,1.0,2,3.0,5,1
461262,0,0,27,0,2,1.0,2,7.0,3,1
463376,0,1,45,1,4,7.0,1,2.0,5,3
459536,1,1,32,1,5,6.0,2,2.0,5,4
466351,0,0,22,0,5,2.0,2,3.0,3,4
465916,1,0,42,1,0,3.0,2,1.0,5,2
461867,1,0,30,1,0,0.0,2,4.0,5,1
461236,0,0,30,1,5,9.0,2,1.0,5,4
461330,1,1,60,0,4,0.0,1,2.0,5,3
466271,1,0,33,0,3,1.0,2,3.0,1,2
463511,0,0,27,1,0,1.0,2,1.0,2,2
462567,0,0,36,0,2,0.0,2,1.0,5,1
460278,1,1,29,1,0,0.0,2,5.0,3,1
467841,0,0,18,0,5,2.0,2,5.0,5,4
465167,0,1,42,1,0,9.0,0,3.0,2,3
464161,1,1,83,0,7,1.0,2,1.0,5,1
463462,0,1,41,0,2,0.0,0,4.0,5,1
459963,0,0,40,1,2,9.0,2,1.0,6,1
459172,1,0,21,0,5,3.0,2,3.0,1,4
467475,0,1,66,1,0,0.0,0,3.0,5,3
464303,1,1,43,0,0,0.0,0,2.0,2,2
461308,1,0,18,0,5,0.0,2,2.0,5,4
460149,1,1,50,1,0,1.0,2,2.0,5,3
459955,1,0,47,1,2,1.0,2,2.0,5,4
463668,0,0,29,0,2,0.0,2,6.0,3,3
463424,0,1,62,1,0,5.0,0,5.0,5,3
462767,1,0,21,0,5,2.0,2,4.0,5,4
465736,0,0,36,1,0,8.0,2,2.0,2,2
461449,0,1,38,1,0,5.0,1,3.0,3,2
464531,1,1,38,0,2,0.0,1,6.0,3,1
467007,0,1,35,0,2,0.0,1,1.0,5,1
460190,0,0,30,1,3,9.0,2,3.0,5,4
466149,0,0,30,0,1,3.0,2,4.0,5,1
464214,1,0,28,1,5,1.0,2,3.0,5,4
461211,0,0,53,1,3,0.0,2,1.0,5,1
467430,1,1,48,1,0,4.0,0,2.0,5,3
462624,1,1,31,0,3,1.0,2,6.0,3,4
461542,1,0,26,1,0,5.0,2,1.0,0,2
465302,0,1,57,1,0,1.0,1,3.0,1,2
460291,0,1,37,1,0,6.0,2,2.0,5,2
460742,1,0,52,1,0,0.0,2,3.0,5,2
464350,0,1,86,1,7,0.0,1,2.0,5,3
466325,0,0,25,0,8,1.0,2,2.0,2,1
464353,0,0,51,1,0,0.0,2,1.0,5,1
463172,1,1,32,0,3,2.0,2,2.0,2,1
467136,1,1,41,0,3,0.0,0,4.0,3,1
466693,1,0,23,0,5,0.0,2,2.0,5,4
461727,0,0,52,1,0,1.0,2,3.0,5,3
461160,1,1,49,1,0,1.0,2,2.0,2,1
461360,0,1,30,1,5,0.0,0,4.0,5,4
466900,0,1,46,1,0,9.0,0,4.0,5,3
467166,0,1,25,0,6,8.0,0,2.0,5,4
460541,0,1,36,1,6,1.0,0,3.0,2,4
466622,0,0,47,1,3,1.0,2,1.0,5,1
465971,1,1,57,1,0,0.0,2,1.0,5,4
466909,1,1,61,1,0,0.0,2,2.0,5,2
462288,1,1,39,1,0,0.0,0,2.0,3,3
464627,1,1,37,1,0,0.0,2,4.0,2,1
460205,1,1,55,1,0,4.0,2,2.0,5,2
460854,0,0,22,0,8,1.0,2,2.0,0,4
463725,1,1,46,1,0,1.0,2,2.0,5,3
461694,1,0,32,1,1,0.0,2,4.0,3,4
465917,1,0,36,1,0,13.0,2,1.0,5,2
463604,1,0,23,0,5,2.0,2,3.0,1,4
467473,1,0,18,0,5,2.0,2,3.0,5,4
465089,1,1,71,0,4,0.0,1,4.0,5,3
467491,1,1,47,1,0,1.0,0,4.0,5,3
461418,1,0,45,1,0,0.0,2,4.0,5,1
464540,0,1,42,1,2,1.0,0,4.0,3,1
462985,1,1,32,1,1,9.0,0,3.0,5,1
465921,0,0,25,1,0,8.0,2,1.0,5,2
459672,1,1,47,0,0,3.0,0,3.0,5,3
465815,1,1,41,0,1,0.0,0,2.0,3,1
459379,0,0,19,0,5,3.0,2,3.0,5,4
458988,0,0,29,0,8,2.0,2,3.0,5,4
466583,0,1,38,1,1,0.0,0,2.0,5,1
467951,1,0,31,1,3,1.0,2,3.0,5,1
461742,1,1,87,1,4,1.0,1,2.0,5,3
466321,1,1,41,1,3,2.0,2,2.0,3,3
464102,0,1,63,1,0,7.0,0,3.0,5,3
467657,1,0,23,0,5,0.0,2,4.0,2,4
467203,0,1,36,1,0,5.0,0,2.0,5,3
460329,1,0,45,1,3,6.0,2,2.0,5,1
465926,1,1,26,1,5,6.0,2,2.0,5,4
467635,0,0,41,1,0,9.0,2,1.0,5,2
461127,1,0,23,0,5,1.0,2,5.0,3,4
462486,1,1,51,1,4,1.0,0,5.0,5,3
463011,0,1,81,1,6,0.0,1,2.0,5,2
464715,1,1,61,0,8,1.0,0,4.0,3,4
462725,1,1,77,1,7,0.0,1,2.0,5,2
465325,0,1,50,1,0,4.0,2,2.0,5,2
464699,1,0,29,0,1,1.0,2,5.0,3,4
465270,0,1,43,1,0,0.0,0,4.0,5,3
463189,0,1,69,1,2,1.0,2,1.0,3,1
460162,0,0,21,0,5,1.0,2,4.0,1,4
466244,0,0,30,0,5,3.0,2,3.0,3,2
466403,0,1,49,0,2,1.0,0,4.0,5,1
459156,0,1,81,1,7,1.0,1,2.0,5,1
463944,1,0,29,0,0,0.0,2,5.0,3,1
466888,1,1,50,1,3,1.0,2,1.0,5,1
461430,1,1,57,1,0,1.0,0,2.0,2,3
464489,1,1,45,1,0,0.0,0,3.0,5,3
464738,0,1,66,0,2,0.0,0,2.0,3,1
459953,1,1,53,1,0,9.0,2,2.0,5,2
465318,1,0,21,0,1,6.0,2,6.0,6,3
461959,0,1,62,1,0,0.0,2,2.0,5,3
467237,1,1,82,1,7,0.0,1,2.0,5,4
461756,0,1,35,1,2,0.0,0,2.0,3,3
463433,0,1,50,1,1,0.0,2,3.0,5,3
465724,1,0,35,1,0,9.0,2,2.0,2,1
466904,1,1,55,1,0,0.0,0,2.0,5,3
462463,1,1,61,0,0,1.0,0,2.0,5,3
461515,1,1,26,0,0,0.0,2,2.0,5,1
464192,0,1,61,0,7,0.0,1,3.0,5,4
467904,0,0,25,1,0,13.0,2,1.0,5,1
460921,1,1,45,0,4,1.0,1,3.0,5,3
464842,1,0,35,1,0,0.0,2,2.0,3,1
467733,1,1,62,0,4,9.0,1,3.0,5,2
460142,0,1,53,1,0,0.0,0,3.0,5,2
461504,0,1,49,1,0,9.0,2,2.0,5,2
460174,0,0,43,1,0,8.0,2,4.0,5,3
461965,1,0,19,0,5,0.0,2,6.0,5,4
463998,0,0,27,0,2,0.0,2,3.0,5,2
462821,1,0,18,0,5,0.0,2,3.0,0,4
463787,0,1,43,1,0,1.0,2,2.0,4,3
460203,0,1,36,1,3,8.0,2,1.0,5,1
460104,1,0,53,1,3,1.0,2,3.0,3,1
465434,0,0,26,1,5,1.0,2,7.0,1,2
461259,1,0,59,1,3,0.0,2,1.0,3,1
465797,1,1,36,1,0,1.0,0,2.0,1,3
466373,1,1,63,1,4,1.0,1,1.0,5,2
464495,0,0,33,0,8,1.0,2,9.0,5,3
462329,1,1,42,0,4,2.0,1,4.0,5,3
463508,0,1,31,0,0,0.0,2,3.0,5,1
462062,1,0,22,0,5,0.0,2,3.0,6,4
466150,1,1,51,1,0,1.0,2,2.0,5,2
466220,1,0,42,1,1,8.0,2,1.0,1,2
464648,1,1,28,0,4,0.0,1,4.0,3,1
464167,1,1,53,1,4,4.0,1,3.0,5,3
465012,1,1,62,0,4,0.0,1,4.0,5,2
464584,0,0,27,1,5,9.0,2,1.0,5,4
463258,0,1,53,1,0,1.0,0,3.0,5,1
467765,1,1,28,0,3,9.0,1,4.0,5,4
463687,0,0,31,0,5,0.0,2,5.0,1,4
461477,0,0,31,1,5,0.0,2,3.0,1,3
465017,1,1,52,1,4,1.0,1,4.0,5,3
462430,1,1,42,1,4,1.0,1,3.0,5,3
462897,1,0,33,1,5,3.0,2,2.0,1,4
466136,0,0,19,1,0,0.0,2,2.0,5,1
466989,0,1,40,1,0,9.0,0,2.0,1,2
462428,1,1,67,1,3,2.0,0,3.0,5,3
462446,1,0,22,0,5,0.0,2,4.0,5,4
467254,0,1,45,1,0,9.0,2,2.0,5,2
464077,0,1,60,1,0,4.0,1,2.0,5,3
465808,1,1,41,1,0,0.0,0,3.0,2,4
464660,1,0,29,1,3,0.0,2,5.0,3,3
465430,1,0,28,0,5,4.0,2,5.0,6,3
460493,1,0,42,1,3,2.0,2,1.0,2,2
459170,0,0,36,1,0,0.0,2,1.0,5,2
461219,0,0,28,1,5,8.0,2,3.0,5,4
467054,1,0,23,0,5,1.0,2,3.0,5,4
465107,1,1,81,0,4,0.0,2,1.0,5,4
459274,0,1,82,1,7,0.0,1,2.0,5,2
459540,0,1,70,1,7,0.0,2,1.0,5,2
467536,1,1,82,0,4,1.0,2,1.0,5,4
461611,0,1,38,1,0,5.0,0,2.0,5,3
466164,0,0,43,1,2,9.0,2,1.0,5,1
466638,0,0,42,1,0,8.0,2,2.0,5,2
460518,0,1,38,1,2,9.0,0,3.0,2,3
464115,0,0,38,1,2,0.0,2,3.0,5,4
460383,0,0,36,1,2,7.0,2,3.0,5,4
466943,1,0,53,1,0,0.0,2,1.0,5,2
465988,0,1,58,1,6,0.0,1,2.0,4,2
462503,1,1,52,1,4,0.0,1,4.0,5,3
461215,0,0,36,1,0,13.0,2,1.0,5,4
460608,1,0,19,0,5,6.0,2,8.0,6,4
461698,0,1,67,1,0,0.0,1,2.0,5,3
465911,0,0,28,1,0,9.0,2,1.0,5,1
462315,1,1,65,1,0,1.0,0,3.0,5,2
461563,0,1,60,1,0,1.0,1,2.0,5,3
465007,1,1,74,1,7,1.0,2,1.0,5,4
464777,0,1,52,0,2,8.0,0,4.0,1,2
461480,0,1,63,1,0,1.0,1,3.0,5,3
460486,0,0,18,0,5,12.0,2,3.0,2,4
459994,1,0,25,0,3,0.0,2,3.0,5,1
459042,0,1,41,1,2,1.0,0,3.0,5,3
461280,1,0,20,0,5,7.0,2,4.0,1,4
463070,1,1,68,0,3,1.0,2,1.0,5,4
464447,1,1,69,1,0,0.0,2,1.0,5,4
459617,1,0,31,1,3,0.0,2,5.0,5,4
464714,0,0,43,1,1,1.0,2,6.0,6,3
465160,1,1,62,1,4,1.0,1,3.0,5,3
460239,1,1,42,1,0,5.0,0,2.0,5,3
465952,1,0,25,1,5,8.0,2,3.0,5,4
461005,1,0,23,0,5,0.0,2,5.0,2,4
465782,0,0,21,0,5,5.0,2,5.0,2,4
466886,0,0,40,0,8,1.0,2,1.0,5,4
464013,1,0,27,0,5,0.0,2,1.0,5,4
466535,1,0,26,1,0,8.0,2,1.0,5,4
466786,1,0,32,0,4,0.0,2,2.0,2,4
460314,0,0,39,0,5,4.0,2,3.0,5,4
461088,1,1,49,1,0,9.0,2,1.0,2,2
464653,0,1,59,0,0,3.0,0,4.0,3,1
463358,0,1,62,1,1,4.0,0,3.0,5,2
466970,0,1,36,1,6,9.0,2,2.0,3,1
461491,0,1,70,1,0,8.0,0,2.0,5,3
464344,0,1,58,1,0,1.0,2,1.0,5,2
463655,1,1,39,1,0,13.0,2,2.0,5,2
463427,0,1,29,1,2,1.0,2,2.0,5,4
463016,1,1,58,1,0,1.0,2,2.0,5,2
464099,0,1,43,1,0,5.0,0,2.0,3,1
461446,0,1,66,1,7,1.0,1,2.0,5,3
460241,1,1,40,1,0,8.0,0,2.0,5,3
465567,1,1,35,1,3,1.0,2,2.0,2,1
460536,1,0,33,0,2,2.0,2,4.0,2,4
464366,1,1,55,1,3,2.0,0,2.0,5,3
459339,1,1,28,1,5,8.0,1,2.0,5,1
467466,0,0,19,0,1,6.0,2,2.0,2,1
465340,0,0,28,1,0,3.0,2,4.0,1,4
460319,0,1,40,0,1,2.0,0,2.0,6,4
466542,0,1,73,1,7,1.0,1,2.0,5,2
459482,1,1,66,0,8,1.0,2,4.0,5,4
467838,1,1,60,1,0,1.0,0,2.0,5,3
465784,0,0,19,0,5,0.0,2,4.0,2,4
464301,0,1,51,1,1,0.0,0,3.0,5,2
462885,1,1,28,0,4,1.0,1,3.0,5,4
466831,1,1,85,1,0,1.0,2,1.0,5,1
466114,1,1,52,1,3,1.0,0,5.0,5,3
463313,0,1,55,1,2,1.0,2,1.0,2,1
461237,1,0,30,1,1,0.0,2,5.0,1,1
463184,0,1,60,1,0,1.0,0,2.0,5,3
467591,0,1,41,1,0,1.0,1,5.0,6,2
462350,1,1,35,1,0,1.0,0,2.0,5,3
466564,0,0,23,0,8,0.0,2,4.0,5,4
465221,1,1,88,1,0,0.0,1,2.0,5,3
464157,1,1,88,1,8,0.0,1,2.0,5,3
460725,1,1,41,1,0,0.0,1,2.0,1,2
462294,1,1,30,0,5,1.0,0,4.0,5,4
462336,1,1,46,0,0,1.0,2,4.0,5,2
464137,0,1,74,0,0,5.0,1,2.0,6,3
467229,0,0,29,1,5,0.0,2,4.0,5,3
459524,0,0,35,1,0,1.0,2,1.0,5,3
461655,0,1,35,1,6,9.0,0,2.0,5,1
463145,0,0,38,1,6,0.0,2,4.0,5,2
467577,0,1,48,1,0,1.0,0,7.0,5,3
467836,1,1,63,0,4,1.0,1,3.0,5,3
463018,0,0,40,1,6,9.0,2,1.0,5,4
467272,1,1,76,1,7,8.0,1,2.0,5,1
467181,0,1,50,1,0,9.0,2,2.0,5,2
460939,0,1,87,1,7,0.0,2,2.0,5,2
465440,1,1,62,0,2,1.0,2,5.0,5,4
466190,1,1,53,1,4,0.0,2,2.0,1,3
465570,1,1,46,1,0,1.0,0,4.0,2,3
463075,1,1,52,1,0,0.0,2,4.0,5,3
460932,0,0,32,1,1,8.0,2,1.0,5,4
459139,0,1,53,1,0,1.0,0,2.0,3,3
460277,0,0,20,0,3,1.0,2,5.0,1,2
460244,0,0,51,1,1,0.0,2,3.0,5,2
465265,0,1,56,1,0,2.0,0,2.0,5,2
462207,1,0,26,0,1,0.0,2,6.0,3,4
466327,1,1,31,1,3,5.0,0,3.0,2,1
465330,1,0,28,1,2,0.0,2,3.0,3,3
464675,0,1,41,0,1,0.0,0,9.0,3,4
461386,0,1,82,0,7,0.0,1,2.0,5,2
462751,1,0,31,0,5,3.0,2,9.0,5,4
459016,0,0,18,0,5,0.0,2,6.0,5,4
461803,0,0,33,0,1,0.0,2,4.0,5,4
459277,1,1,38,0,3,0.0,2,2.0,5,2
461748,1,0,27,1,5,1.0,2,5.0,5,4
464768,0,1,43,0,2,9.0,0,4.0,3,1
460238,0,0,36,1,0,9.0,2,3.0,3,1
459455,0,1,79,1,7,1.0,2,1.0,5,4
464327,0,1,50,1,0,9.0,2,2.0,5,3
463696,0,0,48,1,8,0.0,2,1.0,6,1
460856,1,1,42,1,0,0.0,0,3.0,2,3
462601,0,1,67,0,7,1.0,1,4.0,3,4
464515,1,0,27,0,5,0.0,2,4.0,5,4
461901,1,0,30,1,0,5.0,2,4.0,5,3
466677,0,1,47,1,3,3.0,0,3.0,5,1
467809,1,1,46,1,1,1.0,0,2.0,5,3
462313,1,1,55,1,0,1.0,0,2.0,3,3
461402,0,0,32,1,3,1.0,2,5.0,5,4
460810,0,1,89,0,7,1.0,1,2.0,5,4
459242,1,1,65,1,4,0.0,2,4.0,5,2
460801,0,1,30,0,3,3.0,1,2.0,5,1
462306,1,1,79,0,7,8.0,1,2.0,5,1
463913,1,0,36,1,1,1.0,2,1.0,5,1
465403,0,0,27,0,5,9.0,2,5.0,6,1
463759,1,1,53,1,4,9.0,1,4.0,5,3
463685,0,0,27,1,5,1.0,2,5.0,3,2
461224,0,1,33,1,1,8.0,1,2.0,5,4
459504,1,1,77,1,7,1.0,1,2.0,5,1
461805,0,0,31,1,5,1.0,2,3.0,5,4
462212,1,0,23,0,2,0.0,2,4.0,3,4
465381,0,0,25,0,8,0.0,2,4.0,5,3
465389,1,1,46,1,0,1.0,2,2.0,5,2
463162,1,1,38,1,4,0.0,1,6.0,5,1
464718,1,0,25,0,5,0.0,2,2.0,2,2
462519,1,0,22,0,5,1.0,2,5.0,3,4
459530,0,1,37,1,7,1.0,1,2.0,5,3
459444,1,1,68,1,0,1.0,1,2.0,5,3
465843,0,0,37,1,0,0.0,2,1.0,1,2
460869,1,1,35,1,0,1.0,0,2.0,5,2
462029,1,0,60,0,3,0.0,2,1.0,5,1
459865,1,1,47,1,0,0.0,0,3.0,5,3
464968,1,0,43,0,4,0.0,2,5.0,5,1
462272,1,1,56,0,0,0.0,0,2.0,5,1
464879,0,1,28,1,1,1.0,0,2.0,3,1
462684,0,0,32,0,5,7.0,2,4.0,5,4
462194,1,1,61,0,2,0.0,2,3.0,3,1
465415,1,0,31,0,0,0.0,2,7.0,1,3
465251,1,0,19,0,5,3.0,2,5.0,5,4
460733,1,0,50,1,8,3.0,2,4.0,5,4
459418,1,1,66,0,4,1.0,1,2.0,5,4
464265,1,1,56,1,3,1.0,2,2.0,5,3
463421,1,1,53,1,3,0.0,0,2.0,3,2
459013,1,1,47,1,0,3.0,0,4.0,5,3
466875,0,0,36,1,8,0.0,2,2.0,2,4
463817,0,0,33,1,5,1.0,2,5.0,5,4
466139,0,1,51,0,1,0.0,0,3.0,5,3
460227,1,0,33,0,5,1.0,2,3.0,5,3
464250,1,1,53,1,4,6.0,1,3.0,5,3
462118,1,0,30,1,0,1.0,2,3.0,5,3
467235,0,0,31,1,0,0.0,2,2.0,4,4
467648,1,1,41,0,3,2.0,0,5.0,5,1
466306,1,0,18,0,5,1.0,2,4.0,5,4
464739,1,1,67,1,0,1.0,2,1.0,3,2
466121,0,1,57,1,0,1.0,0,6.0,2,3
464441,1,1,35,1,0,0.0,2,2.0,1,1
466660,1,0,22,0,5,1.0,2,4.0,5,4
458992,0,0,27,1,8,0.0,2,1.0,5,4
464623,1,1,35,1,3,9.0,1,2.0,1,1
465530,0,1,56,1,0,1.0,0,4.0,5,3
462891,1,0,27,0,5,1.0,2,3.0,5,3
459088,0,0,20,0,5,1.0,2,5.0,5,4
459911,1,0,19,0,5,4.0,2,6.0,1,4
466199,0,1,38,1,0,1.0,2,2.0,2,3
460018,0,1,33,1,0,1.0,0,2.0,5,3
465580,1,1,39,0,4,6.0,0,2.0,3,4
466070,0,1,61,1,0,1.0,0,5.0,5,3
462471,1,0,30,1,0,1.0,2,1.0,5,1
461759,1,1,49,1,0,1.0,2,2.0,5,3
462048,0,0,19,0,5,0.0,2,4.0,5,4
463050,1,1,49,1,0,0.0,0,4.0,5,2
465597,0,0,43,1,3,14.0,2,1.0,5,1
463940,0,0,26,0,5,1.0,2,8.0,3,3
459718,1,1,65,1,4,1.0,2,1.0,5,2
461899,0,0,20,0,1,1.0,2,6.0,5,4
466273,0,0,82,0,7,0.0,2,3.0,5,4
461813,1,0,29,1,5,1.0,2,2.0,2,4
462851,1,0,19,0,5,0.0,2,3.0,5,4
466860,1,0,21,0,8,0.0,2,5.0,0,3
464617,0,0,39,1,0,1.0,2,1.0,5,1
462228,0,0,29,0,6,0.0,2,4.0,3,1
460903,1,0,30,0,1,7.0,2,3.0,5,4
464518,1,1,30,0,4,0.0,1,4.0,5,4
462800,0,1,62,1,7,9.0,0,2.0,3,2
467489,1,0,30,1,5,0.0,2,1.0,5,4
467278,0,1,84,1,0,0.0,1,2.0,5,2
464601,0,0,25,1,5,9.0,2,2.0,5,4
461980,1,1,52,1,0,2.0,2,3.0,2,1
461489,0,1,70,1,7,1.0,1,2.0,5,3
466778,1,1,37,1,3,1.0,2,2.0,2,1
465621,1,0,42,1,1,8.0,2,1.0,5,3
460935,1,1,87,1,7,0.0,2,1.0,5,4
465895,0,1,31,0,0,7.0,0,2.0,5,2
462655,1,0,38,1,3,0.0,2,2.0,3,4
465100,1,1,56,1,0,1.0,1,2.0,5,3
464274,0,1,56,1,0,1.0,0,5.0,5,3
459399,0,0,20,0,1,1.0,2,2.0,5,4
466852,0,0,23,0,8,4.0,2,4.0,5,3
464101,1,1,62,1,3,9.0,0,2.0,5,3
465501,1,1,40,1,0,13.0,1,1.0,3,4
466405,0,1,43,1,3,0.0,0,2.0,2,1
465594,1,1,29,0,4,4.0,2,6.0,2,4
465685,1,0,38,1,5,6.0,2,2.0,2,4
461774,0,1,81,1,7,1.0,1,3.0,5,2
467341,1,0,35,1,0,3.0,2,1.0,5,2
461612,0,0,31,1,5,8.0,2,5.0,5,3
466629,1,0,28,0,5,1.0,2,5.0,5,3
467036,1,1,66,0,7,0.0,2,1.0,5,2
465306,1,1,69,0,4,0.0,0,4.0,1,4
465789,1,0,18,0,5,4.0,2,4.0,3,4
465422,0,1,40,1,0,1.0,0,2.0,5,3
462049,1,1,39,1,0,14.0,0,2.0,5,2
465838,0,1,52,0,1,3.0,0,2.0,5,1
467379,1,1,59,1,3,0.0,0,2.0,5,2
465285,0,1,32,0,2,9.0,2,4.0,5,4
466004,1,1,52,1,0,0.0,0,6.0,3,3
464853,1,1,39,0,4,8.0,0,4.0,3,1
467455,0,0,37,1,0,8.0,2,2.0,5,3
465667,1,0,23,0,5,1.0,2,3.0,1,4
463437,1,1,49,1,0,1.0,0,3.0,5,2
461291,1,0,18,0,5,0.0,2,2.0,5,4
459889,1,1,63,1,6,8.0,0,3.0,5,2
466460,1,1,85,0,7,1.0,2,1.0,5,4
460674,0,0,31,1,3,0.0,2,3.0,2,1
460132,1,0,39,1,5,3.0,2,2.0,5,4
463613,0,1,48,1,0,0.0,0,6.0,5,1
465231,1,1,65,0,0,0.0,0,2.0,5,3
463002,1,1,41,1,0,0.0,1,5.0,5,2
464685,1,0,35,0,4,3.0,2,4.0,3,4
465406,0,0,33,1,5,1.0,2,1.0,5,4
467299,0,0,27,1,5,1.0,2,4.0,5,2
461879,1,1,37,1,4,0.0,0,3.0,3,2
