PC1,PC2,Cluster
-710.8424989902996,-21.460751790477232,0
2795.1608374284697,23.340424250610525,2
-1784.8390524816932,23.74950476306177,1
-2200.8399326347862,12.751220374116178,1
-3363.841746604303,-11.195544905628566,1
827.1583055150113,-10.535120972003693,0
1495.1604212244274,17.421533355832487,0
1656.1599434575764,11.37107472728213,2
521.1577736861655,-17.469751613345146,0
1422.1571526157786,-24.74035368055757,0
-2670.8397735043545,14.758112860082184,1
-2956.841054043849,-2.2971009341561697,1
3345.1579447645345,-12.147022364117632,2
-1875.841807650344,-12.377669697362991,1
3252.16019577533,14.27716695808602,2
771.1617689969717,35.50304880824948,0
2564.159117907752,4.939738436104042,2
-3844.84287472954,-25.26556050676885,1
2082.157832744706,-11.0971695798041,2
-4351.841637644044,-7.2751364493171184,1
1563.1600188760203,12.396074204167933,2
4084.1578851928352,-13.223328599521912,2
-3802.840489320341,5.826599390897355,1
2362.158452375268,-8.560085640729353,2
-1523.8417194457145,-8.565508145126373,1
-188.8407808616757,1.56714454612416,0
-1303.8410130740376,-1.3559051288970512,0
-1065.8427182808518,-24.43182416006713,0
-3658.8378937118105,39.78676659795123,1
4397.157789915509,-16.979189739965904,2
2052.1580432115006,-11.795376785419432,2
-2926.8420126794954,-15.29676465848072,1
2371.1576339376625,-15.865832477463458,2
-1475.8407874240656,3.5522474443454684,1
2166.15751127369,-21.56019122974123,2
1070.1573305653874,-17.049308671585234,0
2632.158551081491,-3.874985444331593,2
2209.15894441586,-2.620563270540943,2
-1077.8426930325804,-24.35783683773168,0
671.1591925977264,1.5390921004955072,0
-1441.8395768470364,17.600602820968305,1
4353.158499000187,-7.751842119671656,2
-2249.8411684244056,-3.2664893492215974,1
-559.839842000627,13.647333443024255,0
1441.16158722213,32.44329755329192,0
-1409.842271988222,-11.811009178170648,0
2249.1573974653147,-18.97891829938029,2
1749.1592010257882,1.3626528649328211,2
-1628.8405377808376,4.727922458700149,1
3415.1596449238714,10.892757093114891,2
571.1614562979084,30.499444247719097,0
1015.1600786787458,12.52856874913116,0
-411.8399212189252,15.39100136491677,0
-2163.8422469249927,-18.189344268049908,1
1050.1581960677868,-12.411875152429555,0
1060.15756857238,-16.839151857237177,0
1713.1601394371246,13.42010391091674,2
-3565.8423936997424,-16.426850498622787,1
-3300.8405777744483,7.576495431910445,1
-2642.8405911619197,3.737076291991089,1
-3328.8419421016006,-10.531928007322673,1
222.1600637878873,12.520382817077875,0
171.15836903167656,-10.4144064844254,0
-269.8414642313146,-7.412415562120834,0
432.159538127773,7.343715590730119,0
-1961.8408218225231,1.689237299980357,1
1859.158128349576,-13.58577805381832,2
294.1575961300987,-17.706079376568127,0
3418.160256540694,19.02198501767108,2
-2848.8417631438933,-8.549965594473077,1
-1315.84268399555,-24.31945695041751,0
-1848.841978933604,-11.62888053743116,1
-4135.840224369138,8.887455811860045,1
-3614.841640026076,-7.330578260261506,1
1214.1587433925597,-1.8698931014581583,0
605.1588704955648,-3.491406289624836,0
3914.158801146085,-4.7943800761151465,2
-2563.840629129205,3.664070684237832,1
1659.1603791934904,17.39865165767592,2
-181.84176368825135,-11.475173555604114,0
3546.159958682605,11.325282718522567,2
-3543.841314179648,-5.144248709634526,1
-2185.839416501404,19.731230688045137,1
1588.1601714615244,14.429782952384178,2
-919.841982218728,-13.484355716522597,0
624.1603627300356,16.48284933662945,0
3391.160960907233,24.155741152538845,2
-713.8402289091609,8.591288848601062,0
-93.8412425260758,-5.41844318155567,0
545.1581257166108,-8.80537386009059,0
-540.8428497999557,-25.408367457985197,0
-685.841957273311,-13.518925804293383,0
-2755.837687653373,42.70803488021379,1
-3334.842583560734,-18.53168327513113,1
886.1587627158733,-4.438438688327072,0
-1460.8406767374836,3.656979896419946,1
4385.159088699787,-0.7583522232796351,2
-2342.8416729778983,-7.614151104899523,1
-2754.8381319302134,36.734863707438485,1
1866.15854401869,-7.624370871618325,2
-1187.841405044368,-6.296539999487303,0
961.1593326405272,2.5150446760118523,0
-2508.839992329653,11.66421639778689,1
1229.1590704885894,3.085138268282469,0
-2425.842045313388,-15.321324874044972,1
-1415.8415406958666,-4.714911782608817,0
1004.157902414503,-16.43846888351396,0
-1732.8387348725228,28.69572107658093,1
4337.157950859168,-15.682546127295916,2
-3366.8417994847987,-8.546256886072985,1
1695.1584950779798,-4.971987073373155,2
3226.1610717262374,25.345353299284767,2
1337.1570010022842,-25.81282881264358,0
-2796.8403991854284,6.756662176838079,1
-3666.842035982874,-13.3638105924369,1
-3109.841344598215,-4.378456508903382,1
303.1577694211737,-14.786711207405697,0
-1511.8415164379403,-6.504329561339196,1
-3769.8411784630152,-4.050469458168722,1
-3639.840524861531,4.818002108009393,1
-4258.841740180622,-11.110038499958986,1
1875.1591171537293,-0.6207855738764465,2
-1888.8422111786203,-14.628229538820795,1
1384.157641411759,-15.827016508998264,0
-1779.8381256588036,36.69879536269129,1
3572.157693195739,-16.00540395042713,2
653.1609545499668,27.24628006283418,0
1452.160978703003,23.29781938401166,0
4439.1578093214775,-17.743801511252734,2
4168.159381118836,3.2956862714089645,2
-3476.8409788399003,-0.1874972425173107,1
3070.157894839649,-16.667110531119853,2
-2328.841015054146,1.4124477320229651,1
2142.1615303580184,32.36455818400375,2
-4288.841012756166,-0.2334710420498726,1
2975.1617162153125,34.324973441296244,2
-4327.841615683399,-8.19036015995585,1
2190.1594585026032,5.372920625656482,2
-3261.842272748356,-18.260223895141078,1
-706.841308028088,-6.3554398512251815,0
4248.160350296996,16.262723874215162,2
1771.159034572076,1.2437347219725172,2
-523.8407595962635,5.28599976643385,0
-22.84176115237642,-11.507965891865092,0
1781.1588551248424,-3.603941611338032,2
1182.1602119019954,15.376616731641311,0
-4507.8406397844665,4.736680056847543,1
1533.162030556763,38.43697780052282,2
-4099.838827537256,26.90710977494828,1
646.1579699826543,-12.649509750993063,0
-4532.83867441467,28.935514983207284,1
4225.15948319895,6.102357740239009,2
1346.157150537998,-20.97780252865683,0
-2438.842683744675,-23.3885851707449,1
4376.157353269809,-21.91713609802792,2
471.15787298663054,-12.704471618030457,0
3100.1582731466624,-7.897734458144989,2
-2822.8412803360843,-3.380591653903526,1
4414.158786432003,-3.751076445499609,2
4390.1573734481935,-22.756360210507403,2
3815.158774314914,-2.851484411938281,2
-3256.841141301265,-3.146647673573668,1
-4179.8401814834215,9.86459025376774,1
2102.158789573936,-1.7791676088839852,2
-4124.841271299811,-1.4219776620219946,1
3054.159987579158,15.039322791092657,2
3024.1589305209345,-2.629326875174347,2
90.15818962513003,-12.344590553203162,0
2019.1594939396016,5.328656406469497,2
-3696.839110482601,23.84017194881193,1
4094.1583193845,-8.842076096673642,2
-4446.842156380473,-17.06273662452493,1
1343.1575359997223,-18.9016247032516,0
-3497.8413224971737,-4.244159759179945,1
-3590.8393813179573,19.873363125729497,1
3093.157280992309,-20.98108483365556,2
-2370.842380431539,-20.284024977346,1
2548.1597255543456,9.315288337902578,2
-2006.8416695596532,-10.241966649468957,1
2716.161038595368,25.327985844811536,2
-3855.841451360728,-6.167127700947289,1
-1552.8427058603847,-23.39712763986777,1
-1809.8404859883008,5.6527013824400445,1
-777.8427602786687,-25.397204598797224,0
-3991.84022177133,8.90755099265685,1
3995.157968353189,-15.62705140917417,2
-90.84232118487124,-15.679580508541015,0
504.1573757773149,-23.49224081222006,0
-2828.842384710908,-16.520399435520517,1
3751.1590770350304,1.1225217694334813,2
2114.157725791156,-18.64375392069379,2
1281.1588595766807,-3.5483255487218965,0
-1483.8390551283371,23.725768443690697,1
-3071.84163079242,-5.540272175582162,1
944.1579984796116,-15.571052493939456,0
-1109.8417449140688,-11.397967690051882,0
-3763.839893085591,12.789994642752529,1
269.15977611677954,9.504363344911472,0
3427.160121051944,13.207785418072405,2
630.1602822953137,15.509495511640994,0
2173.1577437704545,-18.6019911286658,2
-1849.8396957378136,15.622142693625142,1
3248.1585343153565,-7.707515904080685,2
-1969.8416088909728,-6.489797881272104,1
-1081.8425266462143,-21.458455039356323,0
-2815.8409560183645,-0.2258334277754468,1
1364.158892910229,-2.556765734346291,0
3530.157446182508,-22.785787647606654,2
2656.1583947349573,-5.963440844451885,2
4253.161109950335,26.199132110868614,2
1905.158144059882,-12.63332123591885,2
-1201.8379140098696,38.70191289068912,0
-3322.841578139458,-5.546897869839443,1
-4144.842733496334,-25.04813373858635,1
342.1593784840079,6.305293235316352,0
-798.8387266225764,28.5597154206474,0
2289.157745547185,-18.737540235808986,2
3395.1614243203658,31.137073410040852,2
3823.1611874839873,28.22556516707182,2
2748.16125935904,28.29585680300871,2
1348.1583657677402,-7.83603165935541,0
518.158812430047,-3.460790252050419,0
-3343.8420233295183,-15.1881919265048,1
-1358.842057298927,-15.341565825445224,0
1373.1590754690114,-0.5362377540218475,0
923.1584425421316,-8.47128844987858,0
4099.160737251572,21.261163311468664,2
2454.159521161404,8.052645360211645,2
-1444.8411980433157,-3.3174073528913537,1
-4025.839278786967,25.494052208788816,1
3401.1573952671024,-21.802010198706437,2
24.159383898600936,3.533139411730481,0
-2352.8419156068703,-14.206273830065514,1
3844.159269963333,2.2009206180226766,2
-1111.8417887737742,-11.33922253000816,0
2704.1587280139797,-5.638024067637474,2
1631.1602639484918,15.472670194674588,2
3696.157744817785,-17.702739211998967,2
-2933.84217779676,-17.204977894997327,1
-2322.841985773877,-15.226145322513082,1
-743.8401848219801,9.596021425224253,0
568.157825835573,-16.53458400189968,0
1175.1578075980651,-17.588913341791987,0
-1188.8418173068785,-12.329318073220303,0
3003.158779741265,-4.698551018369114,2
1817.1590500221355,-0.5732494315935615,2
-2685.842270508874,-18.26489481113213,1
3304.158736476442,-3.766943243226963,2
-1912.8413639259525,-3.531102910907067,1
3479.157846666756,-16.727861150573517,2
3077.15724419622,-24.665385373808142,2
555.1623643702478,42.537550613737146,0
-1356.8422584419604,-16.463880098988398,0
375.1611222868669,26.551010676585143,0
1247.1595594643732,9.11404749016548,0
218.1591280842549,-0.4246677432996977,0
2447.1583272633143,-7.831295731366695,2
-1259.8385420537088,30.66743889808796,0
3714.1581223921385,-13.738779127443657,2
3053.1584102200577,-6.844839712880462,2
-290.8424418490613,-21.311677976881207,0
-3751.842683195602,-24.152717336727008,1
-978.8390259479638,26.49277121006748,0
4194.162073414656,44.75722049792604,2
-4045.842492215219,-18.378441122456312,1
-3426.8409116973635,1.6769143526846602,1
4345.158342825831,-8.847488056524002,2
2238.158354486397,-6.87676202856627,2
664.1586477542878,-4.574890247081487,0
-901.8417472063448,-11.482381372760017,0
706.1604305104702,18.417973735210573,0
1912.1602376282096,14.384530028407204,2
3107.157752000377,-18.6992193191376,2
3860.1600488653057,12.240669020200231,2
2322.15817708557,-7.9558701778780785,2
1102.1578306012088,-13.793418927238788,0
-1436.8427263543126,-24.396712363460686,1
-2609.842078203801,-16.14706245703085,1
-3264.8418264307547,-5.677323712017726,1
-3410.8409887197777,2.545287852865906,1
786.1578923100606,-14.550151968089892,0
3315.1596677631023,7.291569512351813,2
1672.159971605695,11.484803267376202,2
-139.83898280392168,25.533876163315227,0
-1128.8421902003463,-17.480471335273197,0
3566.16213042679,39.28698483438047,2
-3213.841543807881,-4.505704789189103,1
-2767.8418620597804,-8.496953088867697,1
3744.15726121614,-24.770413301404425,2
2738.1580123219173,-14.65066533540038,2
199.1577814227785,-17.412757995348574,0
-3487.8417353836703,-7.408504922619348,1
1655.1575291247573,-21.56744254285164,2
3090.1573387945537,-24.639207340339773,2
-4483.842582572484,-23.04586857035264,1
527.1589823893155,-0.6088721696113844,0
-3522.840919954469,-0.18497166234296,1
-137.84052891778992,6.43501544068878,0
-2552.842283904436,-18.199839277554503,1
1574.160389274417,17.414400481315162,2
-2290.841984756524,-15.128379569820682,1
2922.158625162381,-5.679936026989216,2
1007.157294886827,-18.94416197500479,0
40.15689277090132,-25.86106789067836,0
-3508.8409039486432,-0.2356426920154746,1
3687.157537835767,-16.97165686094076,2
1657.1603096650215,16.37067051313761,2
4011.161427042796,31.191073946093,2
-677.842641311523,-20.718872586895245,0
-1395.841759949573,-7.580397781623182,0
2745.1580543663003,-13.68278342810926,2
-3730.839965416759,12.828250177867504,1
703.1596610044362,8.432411070074783,0
-3239.8412069902406,-4.134607747068941,1
-3188.841712566733,-8.328013859135966,1
-2025.84163780004,-10.196512647195323,1
-3484.842253837269,-18.21010268693404,1
292.1578909191303,-16.398563019403603,0
2049.158442388114,-8.581633458067259,2
2813.1588801916805,-2.642081116529112,2
-796.8409916464007,2.352705550999051,0
-1115.8425519818556,-17.626116678966184,0
-1720.841405189189,-0.7738310962409995,1
-3586.84218639764,-13.464307828016814,1
197.1610754034482,26.457881019179567,0
-1370.8375320864145,45.54662167778304,0
-750.8411646176828,-1.5956684432276829,0
2012.158440283325,-6.7824363392027625,2
-690.8419729626039,-14.378754831120274,0
-4309.839073111303,24.844807958609067,1
1139.1576813712018,-18.54722165128157,0
4239.159432831395,4.25424351914439,2
-2044.840317463328,7.619944820914771,1
-805.8411377706798,-3.4869672824941835,0
3370.159385581559,3.2722829439779293,2
3959.158468159847,-8.748620414188647,2
3279.157208810735,-24.74729457196183,2
-2646.840640657057,2.786770449130076,1
3256.162344856886,42.34277950752067,2
-4057.8391782700783,22.885575431181337,1
2207.1590214529424,-1.7270232162625456,2
-1171.8386440550676,29.651455744890256,0
-2578.8387575073866,28.75351560666176,1
-1890.8401661901732,9.700725087271218,1
-3612.8415152526,-4.428145002852602,1
3626.157540401444,-17.011781425169218,2
-4323.842415901076,-20.1598444971118,1
1924.158113530313,-13.579874339443595,2
666.1585842375061,-4.635377957557425,0
2892.157764658914,-17.632693337005378,2
-4039.840622678981,6.620499583109133,1
4360.159174921631,1.2325537543125389,2
-3303.83954376576,18.773737315309734,1
4421.157826009265,-16.776299268612256,2
-947.841873674537,-13.459197890313046,0
3923.158026882564,-12.042368912958452,2
-3818.840724875336,3.698910172668583,1
-2380.8418763655936,-11.474500015426209,1
-2404.8418887840817,-11.480525180212483,1
-4492.839116655639,23.84479202538125,1
3820.1616703829495,33.28639519972336,2
-2662.841825949261,-12.211959002539746,1
780.1590123424539,-1.4993863803036307,0
-232.840406605741,6.466184059659433,0
-2127.838797220378,27.64945745603635,1
-1973.838711561228,28.682846083540845,1
-1389.841109670233,1.3515986116513492,0
1164.1585337333963,-3.953941957402001,0
-1243.8415915361256,-7.4199475341473855,0
-1102.842020424956,-13.535673568403368,0
2943.1579832126736,-14.755023794721469,2
1216.1579592259368,-15.614299394309182,0
335.15881420241203,-3.4503224234407126,0
-3175.840770955081,8.274560998063622,1
-3380.842419681954,-17.53030989409245,1
606.1599116490688,11.465152979529408,0
-2233.842802595929,-23.45565733505276,1
-1898.8375575258976,43.70835189679055,1
-3356.841989663372,-15.12802723963388,1
-1561.8413599666092,-5.406378076350416,1
1355.1589895243524,-1.5635772675855169,0
1271.159098868549,-1.5624963692041192,0
1059.157984903548,-14.596613556037092,0
11.15826147660846,-11.431481368674124,0
1966.1602300535887,15.371263775375018,2
-2637.842456783401,-21.2351433796845,1
-2221.83832974016,34.6678985583152,1
-1924.841694481496,-11.264110531399735,1
-4259.841350967123,-6.089296772211423,1
-747.84135719802,-6.383729623088629,0
-4376.840594360023,3.882508995406509,1
1012.1610168238984,24.54839712970993,0
-3463.841944513668,-13.39086791217792,1
3241.159406059945,4.245648758176424,2
1949.1588167052832,-0.8002215492932168,2
-1633.8419885861222,-10.62543155629666,1
2160.158229628578,-12.63632049902112,2
-4203.841746953083,-11.103937588510751,1
2089.1574225519435,-22.70391508485289,2
3489.157984024496,-14.84462350030376,2
-1753.841547790158,-8.308189673422754,1
1418.159312616277,2.4377903275954083,0
-1485.8416209377465,-5.687315221507122,1
529.1582375350408,-11.494819462699256,0
4405.157847964205,-16.026252839382153,2
191.16089349624235,24.50214341707024,0
326.1590560655459,1.418458952431612,0
-1455.839787840319,14.686534108914964,1
-270.8420690273051,-15.37239498470134,0
697.1578286595759,-11.927039125808376,0
-141.84193118399708,-13.438370280661935,0
-484.8410550745903,-1.512298338326298,0
1789.156985069334,-25.804039688739078,2
-831.8422385873273,-14.710755473538551,0
-4264.841619255138,-10.05688026569199,1
3972.1600791647215,13.26556196884404,2
-2730.841456617753,-7.255414470368003,1
3787.160109991557,13.239515247716373,2
506.1571800883394,-25.46584580495712,0
-1026.8402629126213,8.530395446866985,0
-3067.841307631985,-6.184544138166216,1
-4197.8413748778985,-6.997109820605331,1
546.1577254181611,-14.811648561785276,0
-2405.840778381622,1.6559458939217198,1
1645.1604077491793,17.451387251817927,2
1006.1597594353952,8.475267980143302,0
-2853.840953251871,5.318139073952159,1
576.1581804801244,-12.585501324901376,0
1371.1589992627269,-1.5751157210702358,0
-3412.840316138463,7.752594091389936,1
4188.158688444528,-2.023488600193845,2
-1646.842008208274,-14.371146719705422,1
1661.1580526116304,-10.811382203865096,2
3800.157454668079,-22.794829192898103,2
-4051.841838932713,-8.444958731939293,1
3796.1589857614017,-1.6609749108299718,2
2662.158817513788,-2.6902276806822805,2
237.15876814979129,-4.455934323746623,0
-1205.8425828578183,-15.825712488533192,0
3132.16039558698,17.321443266340196,2
-1855.8394779362131,18.66973905945442,1
585.1607177579426,21.5064209537232,0
3270.1592136946856,1.3099501209024158,2
324.1574636879959,-17.750146154714507,0
-606.842433892889,-18.59766685270278,0
2021.159186818812,1.37452011262676,2
-4370.840861063043,-0.088418907339137,1
988.15951944649,5.46761639129995,0
-4520.840039815696,11.897710829230356,1
-3572.8414923516684,-6.229818018182239,1
1980.1607052778709,21.3851054214642,2
2818.1587907018256,-4.663972971003433,2
1602.1587711309548,-3.587847310904813,2
1710.1612431241665,28.382325326652968,2
2849.1585520920344,-5.836530062816529,2
419.1578562700306,-17.493341287188606,0
-2694.8419305576244,-13.31152450285959,1
-48.83984428079566,13.545598707647864,0
3895.158136481885,-12.71495700592921,2
2359.158758836391,-4.550783892808756,2
441.1581272670883,-13.492648088806952,0
-885.8408910662984,-0.3524836790151342,0
102.15760144009256,-16.72734046275029,0
3104.159315524739,2.2641072127788355,2
4265.159020132327,-0.7761954100999979,2
-2941.8423175709904,-15.50383773327184,1
-3321.841258320259,-0.5148877143519126,1
61.157932806701865,-15.46799133591035,0
1054.160067050485,14.304148292417237,0
-1207.841583795729,-5.66563409247945,0
4451.158103565802,-12.86438967638794,2
1226.1581460927846,-11.73339653774664,0
-4221.840899663337,1.7183533994852225,1
2894.160760193714,22.287342875365454,2
-2746.8403445339645,7.741599620921889,1
1643.158888760663,1.958359233547398,2
-1297.8426395051647,-23.464533929579897,0
-4177.837810668279,40.84067250742935,1
-2752.840099340887,13.38801209034345,1
799.1583230394172,-10.423197802808868,0
-691.8423332722159,-18.48999220931112,0
1635.1616304334602,33.42608884317132,2
-1815.8418878611992,-13.23646567994154,1
1306.1573804105865,-20.84490073484508,0
-842.8410020483425,-0.4871809850750193,0
1486.1585953004542,-4.668363967169879,0
-36.84198648488382,-14.417149845204856,0
-4517.840832484653,1.8330902097710575,1
2470.1594098560745,4.259586510429827,2
2524.157916830445,-16.56617460385845,2
-2356.8399419692,16.300845367219353,1
3586.1591161533725,1.119573548180922,2
-2263.841694830393,-10.367106042554155,1
-824.8406140409643,7.263233276194901,0
2688.160821340105,23.31171421876952,2
-1391.841635399498,-5.636529065310641,0
3809.1588234449737,-3.690160144696545,2
-1910.8409496218665,1.5680241463573346,1
950.159460267867,4.477931799089488,0
-814.8389038597816,25.662453964504337,0
1735.1571049031918,-22.96605919640501,2
2498.161247121461,28.28706763499409,2
-4404.842532972456,-22.185314446310446,1
-2256.840573339665,4.734710453946297,1
-3153.842035603535,-15.309476063241767,1
586.1599640634377,11.526008480115374,0
2176.160026469268,12.376531151522071,2
-1892.840431271237,6.681586205529129,1
4443.157398456999,-22.825029489194087,2
-1082.8427605832694,-25.40793766472273,0
4023.1610012573656,24.302305554511317,2
1686.1588571178145,2.94842077420315,2
-479.8384926511208,31.588485384277405,0
-1851.8404774708324,6.5097061948555375,1
-1564.8417921781074,-12.333382653301834,1
3619.15808425087,-13.68517534894577,2
-4153.841050870251,-2.1165512657873773,1
-1352.8415555562242,-8.302441508804279,0
3232.158635860367,-6.616301336436978,2
3382.1596061985474,6.319815792990088,2
-3985.841430372908,-7.071185198063626,1
-120.84223523241236,-17.51821528964885,0
1358.157531808829,-21.5791276716562,0
4079.157282688713,-24.7279921479497,2
2706.1592307210085,1.3215272209939055,2
56.15816877927864,-12.488397025476544,0
1391.160064206575,12.427383751520312,0
389.1577183424379,-18.45659317784729,0
2579.16133102955,29.375493380539616,2
907.1604946547304,18.37905818880545,0
431.1593477615388,2.5886478404981084,0
1769.157722337579,-18.49449859955108,2
699.1579092485481,-16.46820845059458,0
3578.1623670591507,43.241445860365104,2
3931.159379932331,3.2579364116678384,2
1617.1600953508168,13.371365065755368,2
-1230.8396056569763,16.612572074062818,0
4127.157880977728,-15.819577380859949,2
-3716.841368540423,-4.324025687458861,1
2452.1590614951565,3.0633966304028384,2
616.1610469966545,25.52601137118686,0
-4233.841011220415,-1.098016111138639,1
60.15925822179997,2.5538434309205087,0
3116.157502754824,-20.748927288451718,2
-2455.84080821526,1.632336472987447,1
-1922.8413057012367,-5.304446954701975,1
-4529.83878800238,27.847590319703947,1
-2168.8422060979065,-17.257190656894903,1
900.1600380069576,16.176204512555778,0
-1459.840728562849,2.6773252105647334,1
2187.158779395395,-4.669206265326556,2
213.1571833950584,-25.47009630972728,0
440.15778013149975,-17.382344029227998,0
-1124.840215896489,9.610480981113245,0
-2504.8411357748555,-3.2588039064660563,1
2747.157847667695,-17.592449262568287,2
536.1607295044232,21.532740619148683,0
2378.1581498588203,-7.059636393214266,2
1841.1577656204463,-18.620135129288965,2
-2125.842545068532,-22.383458592939988,1
2749.1577589554363,-18.720904694677955,2
2693.157443641918,-20.841220759265752,2
2030.1580998087884,-13.74472557942876,2
-68.84190586605109,-13.477134288208635,0
357.15905986807775,-1.454464091044441,0
356.1595282208291,5.472535601789431,0
1928.1583035707008,-11.595615005325438,2
-4194.842496252095,-17.46800856266662,1
3713.160816791118,23.20846106706545,2
1744.1624835536932,44.44686979442411,2
-1708.841407549975,-3.7195400605269295,1
1848.1569696746883,-25.910391030645123,2
4173.1601836596965,16.919101244375753,2
-2020.8422256833876,-18.19778762412089,1
2416.158229249879,-8.858394964438656,2
-3771.8406515161614,2.897000457420699,1
2856.159798144654,9.296645543435591,2
-3304.840876498376,4.492298348425175,1
-1443.8385107110953,31.62377630358462,1
2236.157561505621,-20.66240769022877,2
53.15797417249996,-14.472347945537027,0
-64.84070021251682,2.5912663382806667,0
-2678.8395608718274,17.756230057665512,1
439.1585719101131,-6.4640909836049545,0
-1727.842601480137,-20.64221864887951,1
-728.8419090122916,-10.705739122242733,0
-417.8410675515188,-2.404554948824935,0
-860.8425379475229,-18.566499880994066,0
-111.8417003969662,-10.49283880015512,0
-1448.8409059727564,-0.2760691097126049,1
1286.15770936606,-18.555651476414056,0
144.1578081472544,-17.35552563362527,0
4275.157477948349,-21.839895779775222,2
-4378.842033598165,-15.050600238582843,1
2380.1582883356023,-7.813235769421109,2
3745.1579359703455,-15.771410824710465,2
970.1622053875471,41.39134968882499,0
-3108.84112985112,-0.3867466774931065,1
2971.161995085189,38.29491731618448,2
1728.1571179751772,-25.72579106163268,2
-211.8401789155323,9.540752971907258,0
-41.84037984331371,6.566446871673968,0
1876.158462744672,-5.03479410970228,2
-1565.8415355952457,-8.479591759500613,1
280.1583003095002,-10.46298368255214,0
-3625.8415155057446,-8.164255762731031,1
-3741.840491137409,4.870744800128195,1
1142.1595671931282,6.401240657975819,0
-2641.840574118484,3.7650845210893062,1
-1332.840568663436,6.520487550223569,0
-1611.842562279955,-17.654349984500584,1
-1568.8425410158816,-22.32352104441242,1
1832.160420285771,17.365303017617926,2
738.1625161074917,44.51297811318993,0
695.1612603809335,28.446380110849333,0
4041.16037065076,17.21803956724792,2
1145.1596822706051,7.381484104432035,0
-2849.84121667844,-1.484194225892539,1
-2033.839986144274,15.40175717118233,1
-3993.8408801674377,1.7930615513482575,1
2972.1622864025994,41.36958755863333,2
-4030.840695565217,2.84450924637628,1
-3838.841726844956,-11.06064369648414,1
-548.8388925725594,26.61648292092744,0
-2298.8418649699306,-13.274909294753597,1
570.1582954744808,-10.459150002648403,0
-3697.8413633612217,-6.148749153210591,1
-979.8419387032628,-11.591613699618094,0
3891.159741014184,8.299254485824994,2
477.1590396029642,-1.42459934001001,0
583.1592697740416,3.45468044839353,0
2231.1593865097966,8.032856624795144,2
-3722.839149110136,22.849464115447752,1
1052.1593802876305,3.510327858668461,0
-1167.8402423641528,8.652344161065601,0
-3006.842149184551,-16.348036471155464,1
-291.8399260634324,12.548853109792349,0
1245.1596114474232,9.118145303311364,0
200.1592122776783,1.485866610050392,0
-2720.841356695106,-6.292487638674713,1
-2628.841491258296,-7.360049094275904,1
-3208.842313002562,-18.33675082288269,1
3207.1591851922567,1.336767212581142,2
1618.1584683028632,-8.606720972507022,2
2841.161266076786,28.345297204986394,2
-365.8418701554765,-12.485208840656918,0
-552.8407331843628,3.4853480645757298,0
-2611.842884925718,-23.498103621978625,1
4040.161329422961,29.23734248064367,2
-238.84235133964103,-18.511138424540235,0
-1053.8402055472834,8.633489009668414,0
224.1578322601272,-16.56983515503193,0
689.1597739529097,8.414946061964985,0
-991.840485022869,5.674203746834488,0
-3458.840707005642,1.8397222676789229,1
2668.160114978848,15.202378419152302,2
4394.156906676886,-26.12531787051674,2
-761.8427730684052,-25.354323458948866,0
2184.1599192535505,11.37365729455488,2
-3122.8397335367044,15.812396676279237,1
3156.1575091710547,-21.63548605315139,2
1504.159785042459,8.437267736829993,0
-1889.8403461473065,7.67650707635751,1
1808.158525161154,-8.559321051946272,2
-2299.8424838267965,-17.578772230514694,1
415.1586905419245,-5.435337047567565,0
-3005.8409205882926,-0.286048629083778,1
2742.1589110312634,-2.6769072607449216,2
-2629.8405889366404,3.710115178092821,1
2895.1611797726364,27.3222347509015,2
-1127.841761181131,-11.347594515132313,0
-3813.839637817291,16.826154640600393,1
3926.158272602013,-7.090109500261322,2
-2991.840833585011,4.457075005971381,1
-4307.839065770444,24.85896120855561,1
-1155.8403108756174,7.656273950042076,0
1029.1597410310642,8.419063021913042,0
1035.1577464194852,-13.038288896523175,0
-1492.8412463336715,-4.291404711314142,1
3603.1594741899753,6.1594654988847495,2
4306.157219591958,-25.821321730135654,2
-1682.8413784364238,-6.278133175386237,1
3808.159570710617,6.261924246924998,2
505.1572702695848,-24.57176022670115,0
-3134.8417864024523,-12.212949737603504,1
-968.8406879654505,9.125714455370591,0
-1472.842647106212,-17.716109180432262,1
-3561.8416452521924,-6.486838637804929,1
-2460.840526802349,4.753463906030722,1
-2292.8425383524736,-22.26798382723689,1
2726.1573099478846,-24.70844866337961,2
3528.16077999142,21.31857262815901,2
3842.161304817535,29.25494364269123,2
-3673.840410199948,6.830151005369164,1
-3168.838827161875,26.87818816345476,1
-4004.839785611373,14.886557117958748,1
-2690.8428103505867,-25.2134210484748,1
3039.1582681900472,-11.695410910061776,2
3716.1587267841096,-3.794343361695641,2
-1703.8403941515137,5.684850639794179,1
3889.1581455029664,-8.98412999590174,2
2779.158868798928,-3.6577027174578634,2
1045.157687494182,-13.998808871759095,0
2386.158264724305,-8.748479253294247,2
-2569.8420139922528,-15.364022836791946,1
-3870.8412077447865,-4.112587210020887,1
-2442.8411974963383,-4.432299046742234,1
1122.1575986017124,-17.867387071235928,0
221.1585505704279,-7.43428530480994,0
1733.157400414697,-22.57636639156253,2
-3583.840853058733,1.7979675020820522,1
-521.8411102037644,1.2182305537066185,0
659.1605826096493,19.500574437278864,0
2135.1591703420854,1.4153724077710077,2
-531.8424374625902,-16.686260231678528,0
413.1594402309274,3.4317274379222926,0
-1408.8416627797997,-7.563030984388773,0
-772.842540107551,-18.68068881339322,0
-1240.841704760678,-11.44533472523075,0
-136.84124656411586,-2.6394227866612257,0
-3776.840707307798,6.505062847385888,1
-1757.839419615222,19.69775234300929,1
601.1604699734598,18.51709414378489,0
1531.160602662247,19.425361500911087,2
-3379.841634861543,-7.332836704533841,1
2677.157873626624,-12.951038312738437,2
-3086.8410480479943,1.5174638957813862,1
-566.8407933879644,1.5741079627994488,0
-984.8422435565736,-17.41378100755074,0
1215.1584445325425,-5.867876739148468,0
935.161423298996,30.48815604016115,0
-1844.8395648065489,17.70296099733364,1
2784.161133050511,26.294206559980445,2
3521.1600868071546,13.224664438190391,2
1338.1573394933948,-23.58850074281344,0
-1479.8428666317486,-24.587484970524265,1
-2719.84027028369,8.664686865265965,1
-1438.8424363647937,-21.321366855285326,1
354.1577244513319,-18.55498542545285,0
5.158874026441481,-3.403598652751845,0
2133.1597813176923,9.392914300644843,2
2385.157885770313,-11.904719186067968,2
2143.1610840930957,26.371392872046307,2
1705.1594710338975,4.436923147621872,2
1481.1614919059211,31.42947768416512,0
3385.160482811625,18.33310046010144,2
2053.158907828096,-2.6788708113033346,2
3488.159972899768,11.297605048529446,2
-122.8427719027386,-23.59808031691452,0
2718.157372827234,-23.65402421703945,2
-1269.839934620075,12.623419341922366,0
-908.8412048969768,-4.526802915572118,0
2181.158447940717,-8.59654690315024,2
2722.1584446873167,-8.638088659554873,2
2788.158340511669,-10.602717955497486,2
519.1589562785812,-1.4810759796815507,0
-3547.841708138585,-8.318721156135082,1
-1718.842077052861,-16.24932277605356,1
-803.8418889491004,-10.632966491756388,0
3698.1578628529096,-12.052742339798248,2
-3132.84166337637,-8.348231589520413,1
2921.157536412182,-21.80001422246384,2
-1462.8412341978983,-3.488689432523892,1
3471.159553541744,7.210680594628165,2
-1805.8379582072373,38.70143709048691,1
-54.84113976312801,-0.6367663019116385,0
4420.157750926912,-15.154363248784705,2
-1549.8416551514529,-5.628682722818653,1
-3642.841352761374,-6.125249717894347,1
-2735.84170947253,-11.282686376888226,1
-3382.842369938735,-17.39864699639623,1
1681.158831725479,-4.558520545686243,2
1851.1590595868763,-0.5191592589271901,2
409.15926595719066,7.128594033695045,0
-1521.840237753524,8.713018092984848,1
-2691.8403322250238,7.786188622341875,1
-1846.8416246895797,-10.347299471210713,1
-853.8405553284101,4.639859754138923,0
-932.8382587209926,34.58815950555356,0
-3936.840724317765,2.896982209190016,1
-4026.8421270559193,-17.174274639580986,1
4429.157482100942,-21.855035348878125,2
-1113.8423452359857,-16.584663762137644,0
3307.1586596460547,-6.7343918348984335,2
121.15834971878212,-10.447004189455235,0
3774.160123384965,13.31521580408426,2
-2644.841477604117,-8.239376329990574,1
-4336.84220833797,-17.1673291798951,1
1021.1581367091858,-12.495459448249338,0
-560.8400036773528,12.56416727910249,0
-3597.839210709848,21.842756842152944,1
4415.15731453948,-21.042159193798447,2
-2137.839037593396,24.710260710438817,1
-998.84206705814,-11.66537357812263,0
-223.84254373499425,-22.45342066759906,0
-3814.8422582070334,-18.0575585963604,1
-3535.8413984655053,-7.099535374929102,1
2531.157635925804,-18.675300620124027,2
63.1598688889062,14.1662184510522,0
2580.160791320668,22.360344541939263,2
-2092.841035651858,-1.2813593796709473,1
673.1580513795489,-7.960706829284549,0
4315.159839243046,13.872179147517429,2
-519.8414383576601,-7.3213322415613,0
-1062.842087932513,-15.438956010818671,0
-3093.840909149265,1.6767977822274975,1
2504.1581225998234,-9.00259130312841,2
3511.159850720782,14.84546189587227,2
3920.1595358094783,5.346719912906437,2
857.1596893903916,7.560823191588861,0
2350.158645690361,-3.7795206797213066,2
-3424.838577807066,30.81861112902554,1
-222.84225871413943,-16.538809959790058,0
-1729.838892442291,26.68453254097717,1
3890.160536198528,18.29183085155681,2
2384.158262839482,-6.912366172398249,2
-4126.841404466541,-3.5004624709040257,1
2251.159748826234,8.363997306432504,2
-1506.8398300818517,13.72568569503946,1
2100.1582977728103,-6.933940875696766,2
-3679.8396798189497,16.838062081997286,1
-2059.841144406062,-0.5147706225555417,1
2797.158479006728,-6.724153649697281,2
-1557.8397151927347,15.67054171252042,1
2551.1602733323816,16.237543289570098,2
-2723.8389446366346,25.714510793313472,1
3492.159514002968,5.249458146771291,2
-3162.842419583816,-20.2710093823766,1
-3337.8409755831235,-0.2242390248634596,1
-3028.842476454389,-21.37652817451577,1
3110.158048642217,-14.680066712729328,2
2811.157853055338,-17.618652339418645,2
392.1585378240561,-7.520980847636761,0
-1791.840038854105,11.716993696278491,1
-241.8397010997287,15.58300837945013,0
-1773.8402347740484,9.623925832124064,1
2054.1604842611705,18.32721155305984,2
-1349.838616758352,29.671467125086664,0
-2893.8410993435537,1.3832578738082972,1
3158.1579267210327,-15.730990985038831,2
1410.1577927892213,-18.471549129121957,0
1927.1597402732584,8.364047477154243,2
4029.1600363887264,16.85104159805531,2
198.1578187905834,-16.531450362592846,0
4106.157888382499,-12.973325720640617,2
-4461.841155341012,-3.1919078542202968,1
-1536.842164997477,-16.340098005339055,1
-2312.8398847978096,16.51401956699104,1
4065.15865685232,-3.8916989188599738,2
1084.158091855992,-11.671618763251995,0
-990.8410225067056,-1.353382009236208,0
-3044.84171911882,-11.190839383334913,1
33.15751817479031,-16.757129729973343,0
-2607.841987864056,-14.335045494158535,1
-1804.840868072526,-0.3840661378336678,1
-3952.840559206903,4.871568058350867,1
-1179.8394777635112,18.5510991033021,0
-1685.841279670189,-1.5861247088591304,1
-3842.8425583115313,-18.370649063517497,1
4391.160407016228,17.136041478475647,2
-538.8424809713033,-17.650280121945826,0
-464.8421497901436,-16.472752804953842,0
-1635.8411488038255,-3.2716396927675437,1
4314.157602987718,-20.83760580739848,2
-500.8407272892655,1.618556052113414,0
3476.15825728298,-6.9967792027995,2
-4040.8388479615096,26.877186723114995,1
2045.1585841352933,-6.575825240581972,2
-3996.842755984049,-24.197741207147644,1
-1150.8394125620252,19.55751152859909,0
-466.8390799005283,24.564322463843965,0
-1380.8421102222055,-16.424825445964693,0
-2597.84192253172,-13.278141691618965,1
186.1583125435864,-10.468451666206718,0
2183.1576773079,-18.623198626709083,2
-723.8414072110318,-6.377709742398398,0
-3961.841879103391,-13.133176044395151,1
-3803.839469838538,22.55272281471982,1
-2920.8418104075245,-12.22019651125838,1
2255.157817462343,-12.981117904515845,2
1872.1589191568785,1.048517686225818,2
1263.159038070531,-1.5264964064050923,0
-4080.840706862684,2.909915419105115,1
836.1615738736582,32.49240195898757,0
-3638.842542463739,-18.48692175367289,1
-1747.8410678752116,-2.320510839650157,1
-2968.840428145253,5.796347641355853,1
-1271.8400198250893,11.668786772556428,0
1491.16071379598,22.345981369851454,0
4378.160922221781,24.23046869255537,2
940.1577755944454,-17.505990917949077,0
-2122.842614083085,-23.279350204702105,1
782.15956714598,6.4654319325353296,0
1938.1621176457847,40.37028118746685,2
3756.158596206456,-1.2845130599034933,2
-2390.839371068112,19.74135223412774,1
3886.158264531812,-7.057760426494328,2
-379.84196359018097,-12.57552055822718,0
-2539.842208235292,-17.327189289911946,1
1146.158880984236,-2.608021415597901,0
716.1604637968121,18.485082125278943,0
3378.1592584408936,1.3210023705886886,2
-783.8422547968221,-15.564994351928428,0
4432.162569394452,45.21935982329833,2
-2120.8426140904194,-23.27950362242911,1
2800.1585081816884,-4.00978152591805,2
1622.1575974557782,-20.57164728650797,2
-3185.8412241964834,-2.2901205329774434,1
-2774.838252863556,34.775277976675,1
-3707.84089036216,-0.125425251825904,1
1677.160124653019,13.392143672221676,2
-1451.840020945936,11.644741242264264,1
72.15745277295355,-16.803940675043947,0
3832.1596629626574,7.220028874520283,2
1510.1581625369145,-8.897745134400806,0
-1424.840439487249,5.619334729519412,0
-3271.8419136368902,-10.43662063463064,1
766.1603147216374,16.483133469787,0
728.159435756912,8.163052505183332,0
-4352.841035152436,-1.1542364526789497,1
-809.8420770945959,-15.424385798370816,0
-788.8411075400072,-0.5550808578246453,0
955.1577539490536,-18.50087607469565,0
-3411.840999520966,-1.2504861783068346,1
4422.158891434956,-2.8907821551021256,2
-255.8387726022047,27.59479863566532,0
-1430.8409906799789,-1.2778680717493431,1
4236.160003074736,12.224297182212151,2
-2196.841251255304,-2.430898706024564,1
-3956.838972897909,28.604028103951592,1
4082.1580573229,-13.824469621455451,2
-957.8422329121386,-18.47716669635499,0
-1931.84159833804,-10.350263193106604,1
-2625.841432800109,-5.37373162556417,1
-4368.839921755192,16.582119887326485,1
2897.1618036046275,35.31178497178455,2
3317.158397913794,-6.0808299507347225,2
3398.160002389457,12.314658460146278,2
613.1613011847949,29.48948786074073,0
2581.1575285874424,-21.722421659691356,2
769.1590351650957,-1.470986539405529,0
-1583.8386754950625,28.71852911498109,1
-4218.84163148253,-10.091945150714414,1
-1235.8401548056863,9.635515942412946,0
-229.84226964437403,-18.46845541184421,0
-1106.8406861434923,2.665149440292982,0
3294.1572120105848,-25.665454609313457,2
-2523.839669070032,16.759064979432623,1
-3805.8425622131326,-21.241334655366288,1
1309.157190062746,-21.96446100432617,0
3954.1571018872783,-25.8892452320843,2
2614.15877551795,-4.617163044882245,2
-3023.842938248301,-24.561092423188697,1
-1524.842171035416,-13.527956276166602,1
3278.157441489864,-20.886095444414494,2
-2433.842401998641,-20.42319712617273,1
-4213.840708275442,4.7448340446334605,1
1399.1584315189975,-4.852701094844543,0
-1721.839950900874,12.733157829074012,1
3467.160380198329,19.10304184344058,2
-4190.838796838361,27.77015790755147,1
1654.161086493055,26.416863051508905,2
-2540.8378142093425,40.759055909280455,1
1752.1588152981712,-4.612150880665364,2
-3056.8411959933583,-1.4878450930282954,1
-3273.8408442492946,2.683272571497349,1
-96.83937110105762,19.590630741442823,0
3472.159958922712,11.262385583675425,2
-1989.8410112631973,-1.2603347644899916,1
1581.162449221476,44.39540060906125,2
1477.1588892433792,-0.6878702730706205,0
-1264.8386697395472,29.600262356846777,0
-903.8418552597868,-13.445084507374911,0
-2551.842273371236,-13.628873029771269,1
1715.1592998912674,2.422580393803038,2
-1701.840991398727,-0.3394236138842377,1
-348.84143498860067,-7.434174810870585,0
-1885.839429768792,19.728319006370818,1
-1369.8417986718125,-8.581138092850516,0
-2016.8421754020965,-12.607220028571508,1
-356.84225000964943,-17.503191287745935,0
-1161.841496605426,-6.420765471837427,0
-2872.842212376476,-17.227453933384833,1
1368.1586696941522,-6.578338691060794,0
-1867.84019755706,9.670824271243244,1
3542.159928949317,11.246593261857685,2
3637.15868977044,-2.0943113271473903,2
-1010.8406918041292,2.683217688259189,0
1979.16056276008,19.4381863713986,2
1393.159784183721,8.412129278934218,0
2449.1574597547296,-16.076908189003454,2
1402.157383665326,-23.605880804766294,0
-497.8397641607444,16.44218606761178,0
1184.1590654667234,-1.5150660233879163,0
-1174.8406900484115,2.5438645771325987,0
-2080.841400686186,-6.259324469772226,1
-1920.841314955207,-1.5665854943730304,1
2185.159265564347,2.345562902460806,2
-2476.840408579156,5.608472337109843,1
4031.1625790986,45.25870169634731,2
533.1585631013149,-5.559992383381594,0
-4237.840528182976,4.92805588357718,1
-1870.8404294769864,7.554808694664434,1
869.1613018763601,29.38099775045194,0
773.1580917343381,-13.5356204655959,0
1800.1607515179785,21.45117670487665,2
187.1585403859499,-7.417454290486826,0
1916.1577553790407,-18.54809568222958,2
1558.159114925715,-0.5360392391771702,2
-2951.8416050392552,-10.170288126057065,1
-3883.842424673436,-13.65168743880642,1
-3390.8425596694,-18.424256461523758,1
1853.159378409211,5.24565053638927,2
446.1578117690515,-12.770074709057884,0
-2601.8426407089573,-16.923857295424824,1
2434.1579167155437,-11.025853190326144,2
1633.158447498572,-8.509336652857487,2
2982.157270120108,-24.77979731294095,2
-2700.842186703056,-18.251220681850832,1
1473.1600092406152,13.262749515454148,0
-416.8407564606168,1.5788978979798287,0
2782.159309374867,3.2720320179086944,2
768.1579790271935,-10.802725375155836,0
-3279.8408907190897,1.736052823084103,1
-4331.842116369575,-16.12010659897383,1
1891.1586932981736,-5.547585533325279,2
2075.158706271788,-5.636840433392549,2
2501.1623861998087,43.350406671405,2
-1688.8418983061565,-13.303185069042213,1
-963.839815891115,13.533871696517831,0
3801.160206891888,18.89400828646523,2
-4192.840736513317,6.4694438633852975,1
-1893.839008309471,24.7232968863666,1
-182.8416720314417,-10.430113511575698,0
4095.15861926158,-6.684758704578394,2
77.15774007077562,-18.51064453933856,0
264.15805658110185,-14.503475740956286,0
-4006.841826367309,-11.201458322348117,1
2284.160969540302,24.39745907227857,2
1583.1623297464105,42.43477423475765,2
487.1595246407669,5.525007927183751,0
-459.8421689977404,-11.815449230443448,0
-2160.8420515970797,-15.291412952742242,1
1494.1620958416606,39.45120977437954,0
-4419.839959014847,19.34794469514427,1
563.1607848409913,21.549785951702376,0
1032.1586736831814,-5.555925147403688,0
-3301.8395928573445,17.792982599798115,1
-3222.8409996181726,2.517374438374148,1
3651.158038331429,-13.727712858688037,2
503.1575259914389,-21.495512362016846,0
4409.158949425619,-1.766182592008641,2
-2470.8398459112504,13.653967543547704,1
1529.1593101361068,5.248500581177497,2
-2768.8423220731784,-18.28161417546845,1
-1829.8418027773728,-12.234692118299698,1
564.1577254031436,-18.58965722975222,0
2124.1583542586304,-10.63002102109013,2
-4049.8422714050976,-14.554584186139705,1
-819.841278244101,-5.353784080559665,0
1547.1602211165591,18.146708403781343,2
727.1602923730388,15.562014542622531,0
-4054.8421948953182,-16.24643241900674,1
374.1596993696294,7.483714706452829,0
2569.16028918064,15.341638374933622,2
3707.158149688912,-7.164908876932167,2
-4465.84166526841,-6.442681224772425,1
89.1581225063419,-13.364082110640084,0
2740.1591019544867,-0.5659529058031323,2
763.1586515285308,-3.65778371334344,0
2126.158600535535,-3.819087741811341,2
-2416.8419107049704,-13.401835407817616,1
858.1585110235028,-3.797351079656969,0
-858.8395710805198,18.52371643891786,0
-3253.8424446395948,-21.3002577400189,1
-536.83916609874,22.63023266052808,0
-4497.839508825564,23.49454193306746,1
-288.8404150840943,6.586906592522089,0
2343.1576994037605,-16.8092454311288,2
37.15791878150776,-15.441034788892171,0
4116.159185793542,1.2576266267426863,2
19.16025841998635,15.529118555817892,0
-3886.842728645657,-24.13053789692244,1
-1215.8395188814611,18.5380597782668,0
3947.157288481656,-24.743298876829837,2
1351.1577396839857,-15.777906850561656,0
-1261.8423138746875,-18.416937773349865,0
4293.15857032442,-7.715613716650271,2
-4451.841699156328,-10.09712597271157,1
-818.8396735328715,15.620922849613878,0
3016.157221857051,-23.864301738310097,2
2148.1576077759964,-20.66748105347237,2
-3179.841076926503,2.432313820973052,1
3300.1614228277467,30.315321196763257,2
-597.8425086590578,-17.71776062060016,0
610.1588846066734,-2.51246160724945,0
-784.8418648723164,-13.372264962932686,0
892.1611073690583,26.445768525228356,0
948.1595536106032,6.431868115721551,0
-3346.8411831808626,-3.2225729736923423,1
-428.8415008494631,-4.656434498249553,0
3693.1624646263663,44.25315518400029,2
-1715.8409272910212,-0.2455387428151292,1
3129.1572620431543,-24.738915015237065,2
-2986.840994309692,1.6162756598355958,1
-1627.8414873944712,-8.316467021606526,1
136.15984081703937,9.566713317881783,0
-669.842582733545,-22.432817070107745,0
-2812.841316920006,-5.238113481204206,1
-397.8417457296164,-7.696904695525349,0
4068.160575376125,19.21364162273772,2
-967.8418644087506,-12.348594477022315,0
2528.1576275018742,-18.680779451812217,2
4325.15971293475,8.212680150170051,2
-3709.842721760622,-24.19627386640101,1
3052.1581163925,-13.69370681808395,2
572.1602900448488,15.46178612508542,0
3505.157671716297,-18.75146766852336,2
2590.161677388824,33.42470291323504,2
-1166.8398199427756,14.640468919875586,0
-3615.84152068611,-5.426343068103904,1
-1508.8419386547175,-14.377269387770104,1
-1152.8399673033273,12.627370135956388,0
-3299.8413825455355,-6.269389984774929,1
-2090.84048341529,5.674903524541074,1
-851.8411635300727,-2.40490459568517,0
-1820.842061596224,-15.25332087841161,1
1365.1584534474532,-8.560073982101848,0
-2530.842408226861,-20.34084501957857,1
-1363.8410567323444,-0.4901292062261824,0
-3012.841919176164,-13.33509968167277,1
-644.8426616988145,-23.40698141204581,0
-1811.837773393374,40.71592918389785,1
-1382.8420835308498,-15.279949702080458,0
-3889.838619139628,29.890672193670163,1
2377.158643210365,-1.9039860483540467,2
2108.159461091971,5.303029424717137,2
-1198.8412178911967,-1.5141137237996674,0
-3008.841807214485,-12.29739284050694,1
-4294.840446871123,5.877948707371028,1
4374.1601911880425,14.250697857795483,2
1556.161256984109,28.350881205890857,2
4053.1589991030633,1.018686177842017,2
1746.1595760341152,5.3926075231361335,2
-1304.8426270179916,-23.369279293198176,0
3611.15958448546,6.309774558592338,2
-3294.838343568961,34.70950036199005,1
2840.1577599626617,-18.640217067736103,2
2328.1579510976444,-15.534694244202576,2
-4476.840483728563,5.951669879946618,1
-450.8422567812959,-14.616602133565426,0
-3724.8402424140368,8.894149151446273,1
1434.1575682240657,-20.62696643201942,0
-451.84253409144,-17.67277770639025,0
1314.1596695354674,7.34651481218545,0
-611.842458419269,-16.711481641060434,0
512.1573340448667,-23.49573356711776,0
-4212.839463932265,18.93306127982665,1
-1295.83952347195,19.317862587798864,0
2091.159807672549,9.420508952965166,2
2802.157955921896,-15.679863179249711,2
-1971.841691405978,-10.290235321945364,1
-1649.8407645586412,1.7339087813671927,1
3446.160406812094,17.293653412564204,2
2152.158673095226,-2.016159620501337,2
-4202.84023237339,8.834710463429682,1
842.1596200302592,7.489836675104399,0
2163.1595104201697,5.360983492480152,2
-1266.840291078086,7.680066666190669,0
-4098.841891724733,-14.050062142986794,1
-1906.8425401020213,-18.619363145286297,1
-2351.842111853592,-14.395470121878295,1
-4272.839581747132,16.855249223994782,1
-2749.8424049920286,-18.40548342795552,1
1527.1596954534762,11.159961486362397,2
3493.1608216625755,22.313414497340965,2
2374.157550987613,-17.032223700603623,2
-817.8402982726693,7.580266902192351,0
1911.158466360648,-8.541894953367942,2
2866.1607176213874,21.29490614321421,2
537.1583163255127,-11.473714911895357,0
-1333.8425597096211,-22.41246529769513,0
-87.84146350657102,-7.373823054479304,0
3233.1610694294213,26.23304292856144,2
1603.1579452212318,-15.538971987478623,2
-3554.842522779887,-18.41484447416947,1
2510.158255744027,-7.895715827812005,2
-937.8426099551724,-23.39965586239505,0
-2053.8404657943174,5.769288845668079,1
860.1593112380942,5.188347470937414,0
3326.157155814464,-25.833469366964565,2
1664.1592903189012,2.3636803667174178,2
-4038.840545413957,3.950164079109509,1
1616.1593751763576,3.480676325965913,2
3014.1579867015826,-15.817192922750396,2
2891.1601807611296,14.269702751629136,2
-943.8428778179804,-22.779232333884813,0
4184.159777950321,9.23330843110469,2
1783.1608574595884,23.308511091089123,2
4183.15777650784,-17.832348561787565,2
1973.1578005722256,-17.588808216609678,2
-2197.841136529576,-3.215037163325994,1
-1813.8422456615956,-18.278158119989595,1
109.15887288446538,-2.437640104646852,0
1620.1590648439596,1.2949648431316572,2
-4211.8406049232,3.9270886309993394,1
-3811.8412415418425,-4.106977288443623,1
-4340.839589239156,16.915496587857554,1
-865.8412171278032,-4.465246895872625,0
2736.160687435069,21.348298332217432,2
2129.1589019394014,-0.7199604410853286,2
2132.158235983632,-12.597473966295867,2
-3159.8413594806334,-5.219614906416765,1
952.1578566882528,-16.507106699296514,0
3902.160191385075,14.286257489911554,2
-403.839530543657,18.57164300385825,0
-3342.84058867977,4.815439986851461,1
1561.1598839493236,13.194339883749953,2
4290.159001117456,-1.794310279346086,2
1543.1609644018465,24.435793688482057,2
2910.1596932653338,7.329067425823572,2
2193.160281852819,15.364167259124772,2
-964.8414714097162,-7.372663086553377,0
-1904.842321245349,-18.308268953613265,1
-1987.8405559721868,4.76125525040019,1
-4344.838915423839,26.858451177844906,1
219.15906803047983,-1.4048769971800494,0
819.1577760143555,-17.491458747861003,0
1554.157683218189,-18.584167955432505,2
1762.1585417137248,-7.552771765403197,2
-3031.840990737255,-1.2351592568629863,1
1034.158489275258,-8.689918170908095,0
-705.8427794224117,-21.633148900970923,0
-1446.8416965383803,-7.527999343529009,1
-3618.840601797274,3.856167976080167,1
-2661.842712885118,-24.32077323701564,1
-1624.8414608315215,-7.288347904059367,1
3788.157942526392,-15.764726688904368,2
4064.159727486607,8.206319700479721,2
-897.8405843375949,3.5632260929796296,0
-3419.8419897404965,-14.170123309578113,1
3071.1575905859354,-20.68344538117948,2
-670.8403835584177,6.598928608166133,0
2890.160032461863,12.38046917205891,2
621.1579450657009,-11.775948401538596,0
-1955.8394220180344,19.696088725147533,1
-300.84038567647804,6.588263710281366,0
489.15927268529776,5.244398341179144,0
-2946.839756460104,18.44076381564661,1
-2568.839998567477,11.652699598613234,1
3606.159216401109,1.2998525667585792,2
-595.842080412549,-12.634883518241852,0
-1031.8416401602444,-10.4036959865281,0
-1879.840274846996,8.700145108711693,1
1984.1590085755447,-1.5517609711198057,2
-2617.8412950939965,-5.236987174759376,1
-3862.837806458643,40.84011082539982,1
1534.1608693321468,23.39559902388521,2
480.1582816181472,-11.495368164264008,0
-3195.842104751792,-10.60823779589678,1
-1051.8419437626726,-13.478455887538388,0
1725.157191627368,-25.640918064647828,2
4399.159094525618,2.9842053055341786,2
196.1579811826232,-14.53547581365653,0
249.16062404593688,19.523703556678207,0
-1192.8421087228926,-16.335076162432635,0
362.1590542303748,-0.5019278945794348,0
-1237.8419835701352,-14.376560219960345,0
-3894.8401556866593,13.58081801902671,1
3220.1590858465643,3.0234354054968264,2
-2085.8418670485844,-11.375068760138298,1
1884.157778917055,-18.52854873961633,2
-1182.8381848959834,35.61284911196499,0
-1598.841077931982,-2.2511654211845897,1
243.1584004276665,-7.55692601144175,0
4229.157263630594,-24.920958958119627,2
330.1578168247943,-17.40565381099149,0
-3138.8425426637987,-15.661054235251758,1
-2573.837859167776,40.69779417517271,1
809.1619338320452,37.43371993826744,0
3689.1584376606634,-8.70585149736835,2
-1622.8400036312523,11.72145225848683,1
-599.8403454308864,6.584513812764019,0
-2525.838213613024,34.71115432830434,1
-651.8413870515069,-7.3670200717899395,0
-3555.8405894924654,3.8948929089878153,1
-856.8407177584013,4.344759759854775,0
596.1610440775403,25.49816514349358,0
3599.1587635874166,-5.6538792424640505,2
1522.1585184902651,-7.586190876278921,2
1242.1594459670014,8.075770406406226,0
-3510.840699861757,2.8720100919870184,1
-2936.842754137586,-25.33303579602501,1
4307.157510933699,-21.776583407137963,2
275.1571743286331,-25.54374261457899,0
793.1581135533634,-13.482846997330164,0
-4289.84116397443,-0.3998114602460045,1
-1274.8405001595384,5.632032432507058,0
-593.841448050749,-3.68142201698346,0
-2776.8400040528504,11.778186078370233,1
1136.158342195733,-10.668196909110884,0
4136.158152206976,-12.837113891853685,2
-2541.841580423177,-8.497755644183075,1
4164.158568615967,-4.143325014098599,2
3569.161032304109,25.2765354387484,2
2571.1592639639857,2.273702430009635,2
1062.1606241132831,19.497030207838694,0
-4522.839583147899,17.903587609627166,1
2505.159576307866,6.338742396651467,2
987.1598245416536,9.478495507134996,0
-4315.841482904449,-8.017658040026658,1
4001.157015641511,-25.003705206988,2
-776.8422709039296,-17.557757864841964,0
-4274.841248003417,-5.085170511925412,1
364.1577339703217,-17.471458673512043,0
340.1588176233927,-4.419891256163628,0
-4335.841203490156,-4.151208579526514,1
-3318.840848004504,1.7934077919046576,1
1469.1594107581768,3.449734383232091,0
4262.158131700999,-13.828342082866095,2
1403.159308149654,4.29714066596077,0
-4155.838368264842,32.90706965360223,1
-1400.8387885325355,27.69197768001872,0
1612.158910255588,-2.497477581889898,2
353.1601037688088,13.442245818902697,0
4113.159537299362,5.324728582384489,2
-739.842533151852,-22.498466400300718,0
-1074.8427719169413,-25.33031358467269,0
-2855.841946710949,-10.484264590522423,1
2472.1598106829915,9.358604571891314,2
470.15995633986313,11.50121937569901,0
-391.8385934094549,29.59621417823442,0
-2744.8397101561422,15.798037069691174,1
598.1587011953234,-5.470282246286628,0
-4255.841001342342,-1.1066396278102806,1
549.1621066952939,39.51846663615233,0
2044.15932699258,2.361833698198684,2
2867.1583435718785,-6.888328214742355,2
-632.841011826531,-1.3983414139046897,0
2457.161174608278,27.375985067837185,2
-744.8430435436894,-25.63861776293373,0
-3233.8412436463404,-2.334389874938272,1
2774.157910052396,-16.698150039371896,2
2517.159805770789,9.353211287799173,2
2815.157983831072,-15.643968685595915,2
-1586.8428032979136,-25.30249805657653,1
3161.1572145522223,-24.763675224930992,2
3085.1582912704325,-11.712158673602874,2
-2187.841878198553,-13.37448334951802,1
-1909.841448368854,-7.228350546899739,1
4187.161866103997,38.080381841891054,2
1638.1591737096896,1.4541436643884946,2
-3616.842435227358,-16.511081382536528,1
501.1571898717084,-25.544346963054583,0
-194.8425186702516,-21.42959856665686,0
-3859.8425283067622,-21.282930134368677,1
2903.158720781096,-1.9852065810668185,2
2065.1609916578163,25.39659307426965,2
-848.8411696798867,-0.5953814595930487,0
-3916.8375008651055,45.76314760989208,1
94.15780720266048,-17.528780582944748,0
1632.1590250284644,-0.6099744630595714,2
-2994.8418850246817,-13.204475270048585,1
2588.160371501872,16.393695314311422,2
1880.158449199051,-5.912362595030626,2
2161.1592688112287,1.4614757517120456,2
2731.157261315966,-23.802104954805078,2
-3102.840593202971,7.546983025895875,1
-2950.841427018924,-7.270053736662231,1
-2357.841336916492,-2.629506185038908,1
108.15774393634638,-13.726704845213357,0
4297.157614580472,-20.781027289793872,2
-3113.841328399605,-4.288737149958488,1
602.1605941557209,19.49528268228673,0
-3861.839662945655,16.8127097912124,1
-762.8426612647017,-23.397929766152554,0
-3990.8374237718526,45.84949358060506,1
2400.1590657402994,-0.6563621487830895,2
-257.83894132525893,26.514278335610555,0
2111.1581136333407,-8.888076394001885,2
3644.158990870405,-1.665057131588541,2
4339.1585550201125,-4.995216942536391,2
-1816.8419260915837,-14.195027035797914,1
2577.161414371105,30.382554287721103,2
870.1588741822052,-2.52100217863464,0
1903.159703139041,7.431635566239096,2
-2182.8403937830008,6.709186068135031,1
368.15762360580266,-20.43224824652087,0
-3129.8417844449286,-7.5398778703561184,1
1766.1582223891164,-7.838719346667551,2
-3225.8404339358094,6.767424030469854,1
-2271.8413879999425,-6.259124740558537,1
816.1607639415888,21.468279753627584,0
4075.1577987039927,-17.68005919730196,2
2886.159959370445,11.32349884374115,2
1572.160753624281,21.462446353458677,2
-4027.83870262478,28.887978527033127,1
-2093.840579628013,7.47622639038981,1
3502.1576617329265,-18.806980487805973,2
3810.1587235177863,-5.697292361330572,2
-2199.8412244243664,-4.269641774848891,1
2763.1604946769075,18.368393839097017,2
185.1584911814425,-6.613609287031568,0
2301.1578662868706,-15.831220339439396,2
3937.1582676360263,-11.801586006985762,2
3023.1576257643173,-13.158679612049005,2
252.1581596196629,-12.494851636695724,0
-3762.8391353123006,23.83524409738469,1
932.1612880063476,28.511212866706664,0
319.1601436312776,13.528086426845386,0
848.1584295360371,-7.570439860373773,0
3403.1570905903936,-22.98463057262738,2
-3641.840605082107,3.775379376865162,1
3759.15740814351,-19.04039954355656,2
2084.1586134192767,-2.9329473606137446,2
-2732.8419200045755,-14.193134026119075,1
2720.1574479250703,-22.6558517640966,2
3101.1608372932533,22.3723838293157,2
1099.1575075059664,-16.845248500930083,0
3884.159570252523,8.134456862236993,2
-2205.8407205110416,2.709117723874897,1
-179.8423847235972,-20.47817334759849,0
4350.157884597313,-16.786379953171725,2
-1319.8402664236492,8.593920050513566,0
2071.160748142109,21.41058356812222,2
-2707.8397211978445,15.764804439304749,1
3585.15926279244,1.3855346425074213,2
-1482.8395718936226,17.60418553737933,1
-1793.8401813303935,9.594960083360345,1
57.15859834430739,-6.418266013117998,0
-481.839383754821,19.52934872814361,0
1408.1595588662312,6.366529432610715,0
3792.160439103667,18.219050854822207,2
1367.1595189881627,5.2702126605517154,0
-2964.8408464305685,2.5558112322462367,1
-2190.840164669731,9.67869810073327,1
-3871.841065869376,-1.18559791842804,1
-2684.8420397031005,-15.143937981243544,1
307.15952068776824,5.511785815335413,0
-2651.8415427670698,-8.19640731140156,1
3965.160250418354,14.32349596189587,2
3831.1586113124495,-3.0090536098317706,2
2344.157919501129,-11.911709867188264,2
3712.158334500564,-10.660665104495552,2
3335.1610700694146,25.20250000864448,2
3718.157924844767,-13.011313428062788,2
134.15863309009,-4.681432654164858,0
-4472.842558027303,-22.1972251184284,1
843.1585616902448,-2.8161767997129807,0
-954.8404960293556,5.582053297323965,0
-293.8412494855584,-5.304017421814555,0
4151.15938698285,7.833417106232373,2
-3145.8409354677424,2.5595084719403047,1
-442.8422045423649,-15.563941603799258,0
-800.8400066444301,11.575265382971532,0
-3790.841084190819,-2.142113974353352,1
-4435.840572182846,3.976731979328095,1
4404.159750063089,8.20587940506325,2
1919.1590688579015,1.2323306495882278,2
3192.1617058399715,34.32074715201903,2
-2536.841280699125,-5.269395468488733,1
488.15957222814905,6.469041326503326,0
-1817.8404412665404,9.387213802085574,1
792.1590393423103,-0.5217208600928185,0
-701.839749675768,15.571983911875838,0
2525.1583995411056,-5.917075479532172,2
-1630.84106522589,-1.3425488624058115,1
4425.160716737097,21.23506680044587,2
802.161837945052,35.532430852197194,0
2117.158860387339,-2.653260385760303,2
-1461.8413120545447,-1.617806145395727,1
-1019.840494891454,5.644906832368999,0
3428.1601433465257,14.284787315786623,2
-1913.8388919994468,25.745740836124572,1
2664.158328464488,-8.720671079835338,2
2494.159402674064,3.404734344230338,2
-629.8426947136759,-18.78436007924121,0
1389.158754983684,-5.479719512321237,0
-3965.842569673201,-18.460719051147414,1
-1090.838381975016,32.70155584925045,0
85.15760958235478,-20.49517479230297,0
1088.159529558092,5.49110414545846,0
-3922.838849219319,27.810099240443314,1
977.1588017180328,-4.537454780517496,0
3630.158603084099,-3.0271126283311887,2
3309.157509515353,-17.01093871273862,2
-13.841598450380843,-8.45551514083467,0
3928.1595280056354,5.332563812396748,2
-667.8413355295779,-1.7649921274324836,0
-1447.841227158613,-4.258753249456188,1
-308.83929093391635,24.324768186022204,0
539.1600853737909,13.53521791352294,0
226.1586915779044,-5.385489757628591,0
2151.1584264174453,-8.740769977677038,2
-1790.8410139384214,-2.2733678096459355,1
1329.1588665188756,-3.567153479979602,0
2914.1598345980747,9.334673083171266,2
3785.158442833868,-5.970020407707626,2
2750.160995629616,24.35198847973037,2
-40.84192507149419,-13.449684566861873,0
3951.159627279849,8.063554057422099,2
-4360.838110134879,36.912549078040925,1
2460.1581824565656,-12.714050872767771,2
4008.1623991779634,43.23156619683832,2
-2241.8424267400405,-20.315578995342698,1
3444.1590098529705,1.093326495531752,2
-2912.841764663928,-7.522426021379538,1
-694.841062256135,-2.3846343421237863,0
-3620.8405391523847,4.7993077273536535,1
-2583.8388639069744,26.62596489214408,1
-4528.837876339792,40.82565060087214,1
-3491.8415762694785,-4.60381875224319,1
761.1587631757138,-4.4288500803893065,0
-76.8404241540702,6.513028785838959,0
-2570.8411564670387,-3.296365365371724,1
-4475.84142823366,-5.2243643935548825,1
-2733.8387847801787,27.76808367993176,1
2448.1580724437954,-8.954908989865952,2
-3480.8422674766625,-16.390604230757774,1
-627.8419271828025,-10.65115021176052,0
1530.1614226494569,30.443161217834323,2
-1726.8425977710867,-23.240441539174142,1
-2738.8418996341643,-13.284773862948072,1
129.15750616096193,-21.44674637978264,0
3449.1587586237,-0.970499089793612,2
-1489.8418831253075,-7.751806948295401,1
215.1578959141625,-14.559988562013617,0
614.1591082828818,-0.5375397715357213,0
-3324.8415570145007,-5.425617426296856,1
3123.16065884172,23.939757124254697,2
-3101.841839655593,-8.497792415505518,1
-2216.8426695707603,-20.626031216178667,1
3529.159536250285,6.284948418204603,2
-3845.8417401927873,-11.209645899874728,1
3390.159943117178,15.007621500598892,2
2939.158015202964,-13.79339944188094,2
-434.8415328454576,-8.3304097623202,0
-1986.840559783217,4.682352031715404,1
-2332.8422703269757,-14.68542980566458,1
-2087.841176884016,-3.2644568471750786,1
458.15868582134135,-5.540652962739459,0
-4136.841435241222,-7.07367298666184,1
500.1573762675398,-23.480557553668163,0
3874.1578116006567,-14.954601578567088,2
1019.1589395198972,-1.6087680899790744,0
-1990.8415519557311,-8.264702309126363,1
1423.1586335425964,-6.642482399318895,0
2627.159755180124,8.334761046352886,2
2743.159809094272,9.309300910920806,2
-1707.842196122394,-13.751981250204333,1
3328.1606721553835,21.26538951814743,2
4413.157543470501,-20.80064418308689,2
437.15827010106295,-11.495437580716512,0
-1344.841732502624,-7.649849201739305,0
2298.157856886566,-16.653741796342555,2
3670.158579265815,-7.692586102281875,2
4328.158134427387,-7.198260613917778,2
-1270.8419619082706,-14.345111986615258,0
-4208.84193129983,-14.143236229489323,1
-909.84215113573,-16.521665187178485,0
3789.1583813917823,-8.72474491143878,2
3845.15879006451,-3.706782150709965,2
-1606.8415536634277,-6.605139010948359,1
-902.8426814210834,-24.426745793606838,0
1965.158044625481,-14.600816682804034,2
-2203.840148947784,9.718903975441815,1
-2440.842340228788,-17.30386942387848,1
1600.1581195341423,-13.575139028412837,2
1151.158070595644,-13.576236144878028,0
1847.1610266201317,25.37682250973338,2
3568.1601253721165,13.299093041717542,2
367.1599005369935,12.399432551424177,0
-3269.842393610743,-16.518575582965454,1
1796.1574626285,-22.663210525178688,2
1193.1612051540287,27.34808695407802,0
2244.1584774454823,-5.003108330735136,2
3560.1623960394645,43.280799730826885,2
-2836.839887609356,15.515683560374624,1
-3477.842003318656,-11.415626160213584,1
-494.8413708303124,-3.661601905154199,0
-1340.8417546396377,-12.449778939722428,0
1279.15853377257,-8.577704477895308,0
-1585.8409969727509,2.4046472255175946,1
-4373.838991521508,25.865919757627783,1
-2071.838954086241,25.692070809584383,1
2899.1591588443844,1.174504669939617,2
1923.1587029976072,-5.5770416898424,2
-4414.841365371598,-4.262523355524316,1
-287.8424701100448,-20.53252907380904,0
1217.1602559501189,14.394265806687107,0
4402.162155748927,40.1920747155456,2
1809.158281151031,-8.715712719762838,2
2992.157469824597,-21.66388750840089,2
2819.157594003307,-20.640714949924245,2
-649.8412072055507,-2.5444293214595337,0
815.1594799566083,6.358208623134928,0
-2166.8403396051726,6.753750510707892,1
400.15766358497785,-15.718471483568567,0
192.15859784767963,-6.428621709690779,0
1143.1613222919989,29.389266350893383,0
1480.159592741751,6.428201501126763,0
3980.158077371656,-11.851844136159077,2
-1983.8413011411903,-4.309012945261778,1
776.1590464095934,-0.548913829291739,0
-377.8418690919061,-10.604360739327047,0
-2515.839580061205,17.663677049944006,1
-1196.8388801590772,26.663015391225848,0
4379.160759630089,22.212354660080575,2
-1578.8387554429935,28.68072687511693,1
-2136.838809810753,27.729847057743044,1
3096.156928063545,-26.12941981551145,2
1138.1583037671517,-10.52037781972328,0
-2820.842393959756,-15.498029373898426,1
-3339.842453213234,-16.47279329931677,1
-836.8412887718878,-5.517437063826376,0
1468.160596245085,19.334846916885184,0
3073.161164759891,26.36151960450936,2
1022.1574258303152,-17.84921461109913,0
2158.158541967976,-7.599361570346195,2
4342.159352680319,3.216228426935764,2
-4125.842357886024,-15.414063202377443,1
-3428.842207869748,-17.244737422173102,1
-2259.8426219654502,-23.29537537709671,1
112.1581039201119,-13.375493344714457,0
-3472.841347709589,-2.4383964942632463,1
-3141.841177336348,-3.165755314598889,1
1238.1593777394737,3.4071259477662625,0
-2588.8411632447387,-3.295288111331116,1
-279.84013386041624,9.625113027401476,0
-3821.839669499372,16.838643628945903,1
-1921.8424355010504,-16.52562870690671,1
2459.1589861657703,-0.6708074401560422,2
454.1581078626914,-10.785851322315384,0
2711.160072400234,12.398739831295895,2
-3686.838889913459,26.8171528625587,1
-633.8389302787837,26.54287916893393,0
2478.158607820631,-3.892286872827368,2
3422.1579993157648,-14.75356320579047,2
2790.1588664805167,-3.571121870723444,2
4097.162008960673,38.26039725187971,2
-3544.8415709913825,-5.394979025318094,1
866.1587953256676,-4.453001145156328,0
-1514.8411971729363,-4.324566496653659,1
2339.1593597518518,3.437357249820135,2
874.1615446074866,31.54791099901915,0
2600.158675455139,-6.636765682148562,2
-2555.837803037779,40.748433959587175,1
-1544.8412044153083,-1.5079427490685866,1
-1347.8411911376752,-4.362138884451944,0
1043.1590077871224,-1.4512307099459854,0
1425.1588307378695,-3.531804461799624,0
168.1597142079263,8.515075002153774,0
-1769.8404454875854,8.519554877748353,1
880.1581819573767,-12.532353741121918,0
-467.8413598656771,-6.3817656743692925,0
-2147.842224103457,-16.364783074149585,1
-152.84165443427628,-8.670548112043292,0
4406.161760932067,35.19877979055686,2
-2036.8420834181013,-15.34020308506639,1
3835.158190156566,-12.754797036079315,2
2896.1624761131243,44.27334493475252,2
-3189.840449363692,7.709924932554287,1
3269.159836947394,9.314844504145382,2
3159.158745230059,-0.984019900613296,2
-4157.839969439199,11.928772524389007,1
2608.1583076255047,-8.750606162447221,2
-1045.8422676806804,-18.31291352344237,0
-3737.840001896664,14.5787931134445,1
-406.8417874864536,-11.53986168918478,0
3163.159502213006,5.214224244434865,2
-1416.840478053491,9.36679972946567,0
-4292.842128035845,-12.447928860430014,1
4241.1587112415,-4.777332120296679,2
-4356.841004246962,-1.063837436089767,1
-1064.8426356431446,-23.48573349889947,0
-3341.8403970125946,6.835691542602428,1
-716.8421657952713,-17.499517008104977,0
-3092.8407172479783,2.77715848580128,1
2823.1581061161705,-13.635788415207497,2
-1936.839858952153,16.494512699077355,1
2941.162185947061,40.33156826101676,2
-779.8396572240163,19.408910202816138,0
-2164.8412733096047,-5.247564691329805,1
1489.159708905674,7.448690208507507,0
4138.15737561509,-23.803732880753277,2
-682.842786908499,-18.93743591963026,0
387.1583193403203,-10.536028648409344,0
-791.8418309704284,-12.339401199989991,0
-2344.839860334643,13.717064427967186,1
1352.15896956675,-1.6254459966037684,0
-2689.8411497279303,-3.3693064835199635,1
-3778.839114283503,22.870870596029757,1
-2365.842498830927,-22.253479187634937,1
1470.1613246598863,29.42512448427245,0
4366.159273718658,2.242140793861207,2
-4318.839177530026,22.90348802212133,1
-162.84211373445578,-16.37413802685437,0
-1139.840189557348,9.5989440580561,0
-3635.8383975626784,36.520100914335465,1
-1868.8394465009917,19.654159686805308,1
1816.158580732881,-2.899835702870793,2
-2181.840942146955,-0.3137801511780722,1
-3034.8430543103023,-25.591227810493365,1
4381.15829139686,-10.813705162465649,2
193.15776216908125,-13.85721532149636,0
758.1622142840642,41.43530188568895,0
-3924.8415742864017,-7.38255333909214,1
-2100.842194952129,-16.296010020393847,1
2247.157994996058,-15.651909600308477,2
-2921.841473939596,-8.184718747360396,1
-2805.842222187493,-17.25548973068995,1
-1935.8399525678835,12.58758899774286,1
-1453.8427066414151,-17.803375501700142,1
-150.84195701166755,-12.514050394431514,0
3066.1574343969114,-22.62690812610605,2
1129.1587933019036,-4.548995703084557,0
-310.8403436759254,7.601755992021911,0
2778.159244711045,1.3147701105220193,2
384.161603701592,33.48915661792571,0
-1311.8418910479522,-10.641916434442155,0
-1764.841988744738,-14.37618633322209,1
3352.1590340219554,-0.7430821795209175,2
3584.1571709939744,-25.72868188859293,2
-43.8402735197451,9.466652879509144,0
433.1578681558021,-15.496254313070208,0
-1317.840922069212,-0.4069201584607667,0
4310.158127160743,-12.809720650021749,2
-1749.8393015955226,21.671332217118795,1
3005.158324622258,-10.586666336165855,2
-1170.8404492881382,5.586798668608637,0
444.1583204602939,-10.522592157360169,0
-4166.840383380884,9.672230363176327,1
-3810.84086773562,3.56182657424789,1
-1661.8418251103722,-12.49252449277346,1
-3069.8402220251737,8.734161805289512,1
-2739.8418796287733,-13.227202883294254,1
1585.1607238801662,25.11462809070852,2
-3074.841949407768,-14.275439367253838,1
-558.8399444217794,12.533231015631864,0
412.1612270839396,28.479887743836343,0
2131.158057604509,-13.679872635584578,2
201.15819040796487,-12.537107246694958,0
3849.158834280737,-2.801256373539734,2
-2158.84212167887,-12.74441793468025,1
1273.1576154603972,-17.740616219996113,0
-4513.84264369763,-23.13627406947545,1
-3315.8412060557166,-2.341525371572878,1
3242.1605781786493,19.28415618987868,2
798.1624283362762,44.43898372580424,0
1896.1599678937343,11.374772557817709,2
-1402.841780485469,-11.34707779184494,0
-2809.841270201665,-5.159933004677363,1
-3421.839502496063,18.78158541998953,1
2267.1571934015374,-25.708573518985325,2
-154.8391320516821,23.52828488614293,0
522.1586477734381,-1.803538495527631,0
4107.159218368004,1.3158552029091355,2
1200.1593184626545,2.441530737512661,0
-2396.84268140886,-23.368407145359285,1
1893.1589473345664,-2.5286059288344074,2
1606.1582506889245,-8.827253767831616,2
2430.159513067396,8.170132110480294,2
3214.16054459702,19.253937421955342,2
2702.159521535621,7.091145614543937,2
2622.158055405016,-14.51834226209414,2
4368.157866092923,-16.780285898818846,2
-1527.8414001024212,-6.313946686743815,1
-3546.8403910505003,6.857117030626897,1
-2824.8385664168745,30.804769039682533,1
740.161143027246,28.358289583143154,0
620.1621004049666,39.49725216819302,0
2086.1586294115405,-6.606203842110576,2
-4469.842685861629,-24.072208073870076,1
-1189.841947833891,-13.327413339648992,0
-3579.840697701613,2.7481458248355324,1
2832.160682415008,21.309146072723173,2
38.16247939143796,44.53206460912342,0
-3470.8408649240737,-0.0884488431622667,1
628.1593055665726,6.112068084689396,0
1983.1581381955768,-8.911306568338047,2
1562.1609428490628,23.476192436552253,2
-3687.839157007634,22.89180156744615,1
1089.1586384475231,-4.632630387459425,0
3344.1579553755,-11.95818541490542,2
-2061.84138782596,-3.471751771145117,1
-4301.837468273123,44.86557686759358,1
-659.8421741284546,-13.749887355015767,0
-1486.84176585736,-11.267250581039416,1
4175.159071641625,-0.7404533962350754,2
-429.8401081268676,11.52257793771445,0
-4300.840600827651,3.9078364695316754,1
2839.1575178734493,-21.663327844059918,2
2568.158216640528,-12.704955331135787,2
-697.8426944304956,-24.386986205862485,0
-4443.838939580193,25.907223631938272,1
359.15925598179456,1.588976791489625,0
-692.8425157730235,-21.426934495542127,0
-2019.8421930196928,-17.25597673070871,1
-1966.841260367248,-4.296731780122734,1
4392.160404937109,17.20930694242397,2
1509.161417358264,30.421170493994232,0
-3457.8421298150206,-14.340579067759537,1
-656.8421406506095,-14.517413120499292,0
-3054.841421173711,-7.214273321159782,1
-3184.8394136081915,19.7975255603753,1
2547.161048101844,25.25008329615984,2
-3712.838037413487,37.861167605161405,1
-155.83879580331268,27.569681278366357,0
79.15782955341274,-12.846854912666467,0
-570.8414938445785,-8.355050476862665,0
-3244.8404761820566,8.614673401066836,1
-1103.8407630083384,1.6432353223465803,0
-2673.8427018061047,-24.259264325610047,1
-3977.842454996135,-20.24882641602928,1
-4439.838308868697,33.883396037517564,1
-413.8377933918382,40.6270023437768,0
1208.159368417808,3.3699401784320955,0
2954.157807973388,-14.856724543535169,2
-1808.8418105641613,-8.658659652648154,1
-3172.8416853862,-3.733545960455309,1
4169.158439634077,-8.749211320258466,2
-3259.842596693954,-23.224864285466705,1
2824.1591035942547,-0.6609137160269336,2
2917.1600577836507,12.36315802014872,2
-3096.840284275124,9.754214219487926,1
-3929.842494132056,-21.13288258459945,1
1148.1582589299069,-11.58892743324823,0
-470.8403415920912,7.508042863878936,0
-1112.8414124284757,-6.396013191973901,0
-4069.8401371119535,11.721488636232795,1
-264.84109235333744,-1.4844788706736178,0
-945.8426445681836,-23.465456199213296,0
2241.1585343761835,-2.086903580008128,2
4208.158678799053,-5.816612476413704,2
2321.159635443415,8.320134055592176,2
-3402.840835502197,4.52771365698495,1
3099.158451920841,-6.800888537504767,2
-1797.8421534024528,-16.32155455355234,1
-2621.840633594198,4.63951320608294,1
107.1575837038108,-18.61403611455616,0
-3116.840052565501,12.72487137971743,1
-3701.839031248586,24.826949601679782,1
212.1574524322641,-22.4601395303097,0
3592.1590310244355,-0.793055894090239,2
-3617.8404856301495,8.576777851907336,1
-286.8403392340988,6.574810606161394,0
4201.158917975612,-2.7550130735987786,2
2395.158570624015,-3.857144019159781,2
986.1579672096996,-11.83066630648543,0
-2895.8399939053925,13.659854997051452,1
-1499.842787606467,-18.81394090329956,1
800.1614719743957,30.548075064382417,0
-1958.8406883166756,2.755937690859204,1
2433.1595266848453,6.336838103844659,2
-210.8403740269714,6.587460688580123,0
-4385.838900271105,25.929261168262904,1
675.158013978973,-14.40486487336975,0
2984.1583944272134,-6.033334018728082,2
3272.162051066756,38.3561833503529,2
317.1596136583248,6.554661577104861,0
1864.1600488919648,12.448046834823216,2
-1469.84283202613,-24.521838051433026,1
1748.1575929109822,-15.00660713872376,2
-2149.842241470702,-17.317228661704736,1
705.1581505092327,-12.632935428629416,0
3145.1590060834424,-1.5967046023767786,2
-1229.8417161359102,-10.316471894954605,0
-4193.8415081699495,-8.195151335960292,1
1406.159335339442,2.463788466731433,0
-3176.839121651661,23.78450641386801,1
106.15818417165428,-8.734822745460624,0
746.1576494997134,-15.78495119482961,0
971.1587565751396,-0.852521150282902,0
-79.8386424012715,29.467006857998165,0
82.15714408725034,-22.77349238876668,0
1186.158206036198,-11.620413332094577,0
-3206.842238224577,-11.688613800173536,1
1977.1572356109973,-19.10252399807974,2
2326.158640471229,-3.752247368134836,2
-145.8427017685608,-24.403897199653244,0
-815.8406890991027,4.40994391877223,0
-1359.841574090824,-7.465827243071645,0
-2154.8421304072253,-16.30286993346861,1
685.1620319309877,38.504252625821614,0
-4225.842726725328,-20.4860666694098,1
-3201.8424196460983,-13.756161384353565,1
4447.157804533257,-14.079673771207156,2
-1722.841908880626,-13.33384403062592,1
-539.8420667478349,-15.469050636034073,0
-1158.839632398216,16.64529702840374,0
-1664.8402771772817,8.683005751601803,1
4002.157279203821,-24.69600631514069,2
-192.84115155384643,-3.530845930983157,0
-3695.841594060126,-5.437493195344488,1
-2468.838815885945,27.745766234071542,1
-2377.841157474031,-3.330687048989573,1
-1998.839035634126,24.724283622570184,1
4272.157437496528,-22.771577516128307,2
1134.1587772801286,-4.571503295788366,0
-4408.8410206819535,-2.089275859673269,1
2953.1575291211484,-21.7054516645226,2
-3473.840581326629,5.73327976215732,1
3178.157517577056,-17.98725637787227,2
-3592.842104588286,-16.18803088798373,1
3537.159303110151,6.000973737292629,2
2532.158465533983,-6.814701816960581,2
690.1591366451466,-0.409860901034051,0
2353.157966318889,-9.098156509712949,2
-3717.840438299871,6.8413032220042105,1
1297.15790151502,-12.76767500141969,0
-2674.8426211279,-23.18549536286717,1
-4447.839188621671,22.89082253439922,1
2174.1586463809945,-6.5550452697218535,2
2861.159669301531,8.296133629441231,2
-2572.840990801342,1.4533061264713891,1
3818.157816774096,-16.87308491512263,2
3669.159252756799,2.217420281350117,2
2936.158743868582,-1.0088293028550757,2
285.1579493233585,-11.86670590579202,0
-1092.837904458167,43.21769351929031,0
3386.160216491611,15.254771371394762,2
-1677.8394456643146,19.64015524533333,1
-1119.8406335524633,3.686925070023301,0
3078.158857657283,0.9796031227198584,2
3420.1618086587405,35.30319536204996,2
-1765.8392727125902,21.68103844292777,1
-2143.8412613288383,-5.217639300162016,1
-1494.8426884951768,-23.41151928991885,1
2200.158492224,-7.61530127189868,2
2834.157517891843,-21.6629442997424,2
337.16010217682924,12.549083867501183,0
2329.158064076677,-11.814939656887129,2
580.1582988874288,-10.464015382079973,0
-2075.839081329643,24.67344035754533,1
1191.1584613951854,-5.838470744155742,0
1829.159523251932,5.393876959610498,2
-112.84167896193684,-10.44465221691132,0
3112.160073427309,13.293890196327917,2
1121.160725141177,21.22494651575453,0
-1365.8414147062576,-7.255035545603083,0
1234.158979435044,-0.7693445839872801,0
-3352.8427898168447,-25.303172089910007,1
-1532.8409285110538,-0.2920531190671571,1
-260.83846233348595,31.64674814173987,0
-1891.841587071889,-4.636205347659391,1
-4393.839636729448,17.824744073481398,1
1623.157813547179,-17.62640350444359,2
-2659.840488875343,8.481579115813831,1
4109.1595404748805,6.257318037480712,2
-1799.84036209248,7.662003216577391,1
-3433.8404133726726,6.789433171068891,1
2312.1595297651947,8.970883263016292,2
3550.15867302299,-3.93852415915844,2
21.15783965535229,-17.41159303508924,0
-1088.8420611012843,-11.705883038792658,0
-2132.842644221208,-21.51698417178539,1
-1826.8414646998865,-7.314171705216587,1
2490.161039696366,25.35957113156683,2
2154.1587572009885,-4.614398314580855,2
-4114.838036357076,37.8784795220552,1
2469.1576150961337,-15.956491608025454,2
2078.157759384136,-15.93470975869632,2
2573.159738842165,8.238338052168107,2
-746.841279715416,-3.550797317659548,0
2243.158624936128,-6.603686102565044,2
-561.8421785316314,-17.458424649499946,0
3536.1578976511373,-12.923934971415694,2
-1529.8389932311838,24.69754811575745,1
960.1589674210408,-1.5270460206522376,0
-2201.8399554648786,12.598482065483005,1
3878.15860225854,-6.70356929045705,2
702.1601417922648,14.473735823489958,0
1907.1580409942544,-10.78841001237334,2
-2867.8420883900835,-12.50940147994304,1
122.15792492002949,-16.45793672143146,0
-847.8425036335248,-18.69727360860936,0
2592.1596649303683,7.391672213947116,2
-3688.841638348065,-6.485341565830799,1
-492.8389558551135,25.551735187548573,0
-1052.840800936916,1.6753034631357655,0
-2050.8413019773434,-5.251578442947599,1
3531.15728847275,-24.712034941069888,2
2408.1580325411637,-11.856397342904977,2
-1028.8418649382074,-12.45368926460807,0
-2877.8431767844595,-24.762141961062795,1
-2531.8410226353444,-2.2294485621726103,1
-2411.842563594342,-22.343298711551448,1
-190.84237560769543,-20.528841099281728,0
2633.1607508342718,21.38246943881173,2
3507.1580542724114,-12.99627790318366,2
3190.1612770241336,29.25393431582641,2
2096.158645928372,-1.933690475594996,2
-346.84062366531,3.583520636871768,0
2259.157313894655,-24.6993518259004,2
2306.1591572741163,1.0693986291616326,2
55.1579543693224,-15.438614241879824,0
2555.1595960104023,6.308264506409577,2
-1796.8424756419265,-17.561966970284573,1
-2736.837933517352,38.80919224380945,1
2442.1583559572464,-10.513076824095611,2
-738.8403848735616,6.623682432246662,0
2500.162112464197,39.36707099915133,2
-2017.8417285350731,-6.591108845369517,1
-239.8415747222607,-6.614791478877265,0
3416.159988650761,11.281262849706,2
-2967.8395584526006,17.736150128626143,1
-4174.841333568271,-4.170126780906907,1
736.1588379804161,-3.468714304188297,0
3577.1598795477184,11.249421748806212,2
-948.8403961045552,6.670933318513693,0
245.15728879277597,-17.984963478675283,0
-3367.840220629936,9.792571971680696,1
-3932.842006630206,-11.391561572286449,1
-2524.841776185087,-12.165024470002583,1
1906.1581342057325,-13.57361523175226,2
-2067.841794788954,-12.315084945244404,1
-2722.840756179183,3.637070765683156,1
3098.159404703474,5.242641259374741,2
-1351.8413671791204,-6.317027177492696,0
1818.1588826330265,2.8886707886099074,2
-18.840216890966985,8.606253836582416,0
-3793.838141628308,35.876336798009774,1
-3.840613610635046,3.4616355717302554,0
-160.8424343955121,-20.475210140290613,0
-31.84229179250542,-14.817703483702534,0
2352.157939456461,-10.932778763752058,2
-2931.842523270927,-22.263075345123436,1
-3283.843067306443,-25.509621014771177,1
-2717.83882976271,26.800283606068163,1
-4052.839929560956,12.899824757731205,1
3433.158922173956,-1.7152344085298852,2
-4433.842040167423,-15.07275598671368,1
-2692.838366536889,37.412942089181946,1
752.1577468746109,-13.801537652171136,0
-2456.8401186894043,9.771461465116294,1
3782.157458496047,-18.103896074737875,2
-1584.8403619659366,7.624497537642282,1
-4430.843049448449,-24.524188272900048,1
-1154.8384539574035,31.68778514441429,0
-3891.840295215952,7.936265386189076,1
3812.1610196899856,26.17347601642006,2
-3076.841289375443,-5.127058374659324,1
-1324.842534965603,-22.372290613006804,0
2708.1619069285225,36.35826856639172,2
4069.158272921515,-10.749610091805364,2
2587.1594486763934,4.276993006327,2
2932.158332094841,-10.746899383212169,2
3554.1581572695286,-12.75845541564841,2
713.1594136537751,4.507288591514335,0
-1294.8404581781942,5.462874913235051,0
2450.1586459756945,-5.603165877330521,2
-3425.8412086905446,-4.151778550570324,1
3908.15924461314,2.2581122873651958,2
2103.1586154694087,-2.869314173834068,2
3996.158182362909,-12.7211934663443,2
-544.8416499052546,-6.642365711123784,0
-1130.8398218759685,14.649463892825102,0
-1963.8404724649156,5.753918283638095,1
2444.159338956233,3.356027843400557,2
-2795.8419011652586,-13.277614670407498,1
3267.1583218866726,-10.614547248278068,2
3736.158369763813,-10.777826148837429,2
3222.158932501159,0.9954889892889957,2
2497.1592326802784,1.3788416886477144,2
-3840.8425894774846,-22.20163813195685,1
2410.1581898673903,-7.939412675295446,2
-3344.842025688384,-15.297319171548644,1
3205.162588166306,45.33783135625072,2
1575.1594459498883,4.398183167435006,2
1932.1594054747256,3.3738322614377125,2
-306.8428877449478,-25.536956465839356,0
4133.160166950314,14.214171219363022,2
-301.8412956573302,-1.7114408618964907,0
-2230.842467243376,-21.248334655784817,1
-3536.8404713471537,6.802852298954072,1
-1156.8386393235996,29.63543714879811,0
-2010.841165830789,-3.280027589876492,1
544.158778706158,-4.4386684474593565,0
-2974.837839779328,39.70509171219589,1
-4216.840014959162,11.92796014575556,1
-884.8411360503524,-1.5665744278880718,0
936.157830002252,-16.554785653642465,0
1586.1598138994304,9.44112722392446,2
4085.158848175605,-3.8254227193116814,2
2596.1605372572085,18.15372646588184,2
3656.157879033533,-16.745429204991833,2
-4119.837766442099,40.89232628940381,1
-3199.842618150928,-17.663238518910074,1
2934.1582929841825,-10.608054595912428,2
3508.1578352593933,-16.666137240962968,2
1307.1589952414506,2.028922536917465,0
981.15772439359,-18.493423206255915,0
195.15812573576116,-11.611678778682258,0
-2491.8427611354277,-22.52477991374132,1
3246.161342738662,29.24527629810546,2
-1044.8415102683357,-8.279343697642558,0
2250.1596911659,8.379710795963524,2
3303.15879615565,-3.6901925755544873,2
3563.162471133692,44.27889547490623,2
560.1588674250524,-2.514730142513259,0
2983.1589683968923,1.034350654063017,2
-1672.8410309530443,-2.2962786497091434,1
-2072.8384566093446,31.74243574245857,1
-3537.841536091408,-4.470396916882237,1
-203.83739929279545,45.59933187192945,0
3238.159221027454,1.3943139585780582,2
787.1595635919948,6.498263876954892,0
-2175.8411029456765,-0.4262331210289058,1
-166.84048231103225,6.378720974213012,0
804.1615650870954,32.43163141775666,0
-4231.841094990668,-2.0980972797454958,1
-3469.8404733627685,6.764840762316872,1
1474.159782057919,12.084115175839814,0
1383.1579970841412,-15.4575710737369,0
-354.8387593984953,28.586279789391185,0
2461.15793827147,-15.57345854443978,2
1761.1575637148926,-16.820288883351267,2
261.15820853656624,-11.59303580796658,0
3049.1570040038787,-24.01527963201704,2
3027.1592177413986,1.2672065062781286,2
1111.1602188317338,15.41351589721142,0
2437.159293729055,2.3888994519408246,2
-3671.8407151179854,2.821572917769004,1
-1877.8414172926568,-2.6182087637921434,1
3739.161114102113,26.28040785567872,2
-80.84133000427391,-1.7541020143511803,0
1244.160371606762,16.255967232673754,0
3553.158257321804,-7.037925333226822,2
-3039.842736885068,-25.328006150832827,1
899.1597186978324,8.46089192671995,0
166.1581932855188,-11.596394495818313,0
-4108.838828366948,30.613733398704824,1
254.15804411511635,-14.3649655627137,0
151.15865858638426,-6.3991562711852925,0
3466.1592170517542,1.301407673041739,2
1988.157482593553,-21.638383358626523,2
1831.159372012189,7.149930530930797,2
481.16028061462566,15.547651334079092,0
-4036.8400337817143,11.906822843818132,1
2493.1574470444466,-21.72078249622559,2
2970.162207475514,40.34846044717378,2
145.1596349766478,6.579540300703851,0
-60.83886155067012,29.32373002244777,0
-763.8424469634192,-20.41519224459054,0
395.1574687624234,-22.552528243126694,0
23.157189401390497,-25.480953924524293,0
-751.8406814204645,2.653685932400389,0
-1643.8420868828543,-11.651269014996236,1
-1384.8416361099223,-7.630948449847863,0
-4521.841709081025,-6.440615228803951,1
2912.158964768576,-1.6067313376652113,2
-3130.841293974663,-1.497699167715134,1
-2856.8419851177605,-10.524522639065834,1
4251.160276510753,15.179574216261118,2
-1435.8389370216173,26.6491860989971,1
101.15981406898936,9.585453268027509,0
3501.1618546326063,36.24255352326648,2
4043.158782380575,-4.750914359998447,2
3786.160203116131,14.216917967119754,2
1345.1578692379408,-13.992231379150132,0
65.1575978762121,-20.426779287172764,0
2666.159934418334,14.964871150026037,2
-3900.8399424107047,12.849492494759827,1
3179.158522430924,-3.937591679466212,2
1997.1609083965889,24.378234766128983,2
-4282.841987351829,-14.1952733371299,1
-1762.8400477328687,11.659421581915227,1
2789.1574045416783,-22.698153028961578,2
3012.1572266665758,-24.729684673155298,2
-2687.8410536894808,-2.2666740261658536,1
-1988.8412158691208,-2.426049524253881,1
3784.158279627911,-10.793585575597747,2
-2056.841298468993,-2.517270975000228,1
1046.1585219964036,-8.467603127772268,0
-1449.8413785364828,-2.604207325731185,1
3034.157813808939,-17.658903339444056,2
-726.8410610371502,-1.51335539915081,0
2137.1598223518813,9.430019280643512,2
-2989.8417445921805,-10.318342230375832,1
525.1587636513868,-4.450854604659204,0
-614.8425160206389,-18.632750715835925,0
2734.1588786095963,-3.648987530321306,2
-2902.8424498116365,-21.267620982952067,1
1948.1585829528049,-6.569031432279205,2
2605.160713225545,21.36118478386637,2
1687.159525125695,5.471881737996977,2
-187.8413319106912,-5.424050847958503,0
-3595.839255294937,21.84970164313944,1
2855.1597428531386,8.214472369993608,2
-568.8387063189875,29.545748799592985,0
2134.159406502382,4.4060765065508125,2
-2532.8425878086127,-18.54243908918233,1
-1838.8421448762529,-12.634595163823665,1
-699.8425430762,-18.84560165287514,0
4005.1573633735534,-23.749422120243096,2
2356.1577508500777,-18.56362514298618,2
679.1574121420854,-18.71566891374904,0
-773.8419900889858,-14.392034771881397,0
-258.83897340571275,28.29929120177485,0
4028.15944008925,4.295441888845781,2
-2595.842062908981,-15.40452109663368,1
-151.84109722229186,-1.5961802072680529,0
-3562.842040043557,-11.443417849081808,1
-4328.840465178597,5.946596314448664,1
-1040.8400541570736,11.630117032786048,0
3050.158858451294,-3.61279520346008,2
-4112.841353133379,-6.098072363379688,1
3811.157774592401,-16.867263778255435,2
-142.841838091088,-11.529660085281368,0
3936.1583197964937,-7.9804956943379715,2
509.1571707435651,-25.52965234874372,0
2536.1584953778074,-7.645494475615647,2
1482.162466731097,44.40699034255281,0
-3558.8405945449485,7.466302500762534,1
2589.159672477632,7.339743839898926,2
-1976.8419353180216,-12.359051268428544,1
-4017.840640279232,3.845793103753662,1
-1577.8419348045718,-14.38119568005472,1
-3647.839142327604,24.729452670151797,1
3520.1582432115683,-11.792065668319452,2
1559.1614925606991,31.4668032527591,2
4177.15879278403,-4.662342766719048,2
3035.1571745529072,-25.685921771073325,2
-62.841066504479386,-1.4477071731834077,0
-866.8404787625768,4.642278260046037,0
-2129.8388925100444,26.71456913492108,1
-3302.8407893197727,1.836788865436885,1
164.15806779876584,-14.416006555141658,0
244.15959620196367,6.531611365810228,0
1790.1575362164876,-21.66507135278476,2
-1030.8407048878144,2.656785481639087,0
-3782.838308510487,37.54023811235408,1
1837.159488392179,5.393314449288459,2
-1772.8392250865,22.669960920672075,1
803.1575510429102,-14.899347648237928,0
3728.162346668541,42.27838525119426,2
-254.8389251625049,26.51927962725882,0
-3573.8414658093243,-7.128002820039688,1
-358.8415534973028,-8.446115173880079,0
-2729.840976275096,-1.2513412346194936,1
-2655.8426596046197,-23.241576872986563,1
-2480.842099658097,-16.450746558386022,1
-3220.840097159962,12.688544958749643,1
-1141.8391612190171,23.62446956125187,0
-438.8403308177367,7.64420362530819,0
-2596.8404937569285,5.734088501513794,1
-1399.8403356576457,7.590547673665284,0
460.15776759095024,-17.66450206844634,0
3175.1581467060023,-12.60697936470575,2
2313.1590866859187,-0.629033973867136,2
3970.160052179184,14.95085050841318,2
-3754.841657404031,-8.225657448563418,1
1041.1591214714572,4.162639081713326,0
-4110.837506664626,44.85179115477084,1
-655.842325556383,-13.938259421873724,0
-2510.842685484735,-21.51362015156704,1
-4402.83922144043,22.85593709303199,1
611.1619486630079,37.50589425277221,0
559.1580363140092,-7.955101822120505,0
1855.1595577392145,6.424130020807613,2
-1882.840362852381,7.703906995157391,1
-4267.839108655404,22.93133588879899,1
-2081.841504014796,-4.534168356316947,1
436.157979678188,-15.585996648264729,0
-3627.8404265728313,6.865935701590351,1
-371.8396081167157,16.524202355507356,0
-2657.840218183992,8.689266115833979,1
-3137.841834833089,-11.322852404574048,1
-1869.840984578419,-1.2546555232132155,1
3981.15940139204,4.213135617777352,2
3799.1575242648832,-17.953984534862407,2
-3915.8425098860753,-22.266478525852328,1
34.159538591862656,9.282413353738962,0
4132.158224461251,-11.768823760799004,2
1778.1600317435805,12.37380109385773,2
-1025.8417569021112,-7.779077661150335,0
3824.162121219735,39.27815201072254,2
-77.84101951419143,-1.4428886109006411,0
840.1605370303732,18.539387768183325,0
-1014.8411096438648,-3.416080064679618,0
-3605.8413807459874,-5.248920977897221,1
-2264.8427899263334,-25.36092894959372,1
-1159.8396195002133,18.518243632070885,0
3051.1575537883327,-20.721599009859418,2
1055.158681665198,-1.7784559820477392,0
2130.158313386899,-11.561898213807194,2
1120.1580289367705,-15.53321064911176,0
1696.158200263162,-8.871678225605287,2
407.1597981789382,9.51987095549956,0
-3254.8402298318106,8.77775859948033,1
658.1579232684453,-14.600420291713885,0
-1933.8416626678663,-7.585196846420434,1
-1755.8410773543874,-2.239122129614758,1
-4222.838691784535,28.84309681150376,1
-3971.840404669289,6.877662216873125,1
-67.83816510357428,35.581291002359315,0
4247.157457922702,-20.917867159449536,2
2407.1577297348995,-18.55043468365028,2
2337.158796478645,-3.601811316377669,2
-2938.8421200287994,-16.201129141962454,1
-4018.839606041671,18.641675703689664,1
3150.158005996316,-14.702028636359282,2
-2841.842027740844,-12.452748848562583,1
-3289.842043529381,-15.220604094526497,1
133.15776577970246,-17.503564991502415,0
206.15832205745392,-10.463135010333588,0
3729.1590636604233,-0.7051860117134829,2
2013.1596533369736,6.366478771670408,2
-1222.842520585924,-14.866452394566476,0
-2923.841925908113,-14.272983759876055,1
4189.15840034117,-6.9466564990128585,2
3893.161456648202,31.167083834546126,2
1152.1573160043336,-24.574575259028443,0
2287.15895116888,-1.6511415718059457,2
3009.1579789806274,-15.616583688382583,2
914.1592411135788,1.5014838448166543,0
1282.1588354852283,-3.529642633026905,0
4123.158529467648,-2.219246286564296,2
-1542.8406045856536,5.578605298296072,1
1000.1590018325368,2.172483936930368,0
964.1580097980914,-14.533929517828112,0
1871.161314084777,28.475807698641034,2
-2908.8421477682423,-17.224176386798646,1
2639.159539006592,6.3012029705801,2
103.15832041727845,-10.445669740428444,0
74.15820917335805,-8.663939307857424,0
1598.159650786081,7.330061858047129,2
-2758.840184338391,8.691311176252741,1
-4387.84282220935,-23.26653783182308,1
-2254.8416343114804,-10.395760353664144,1
-73.83977594989119,14.521711150669177,0
-2928.841297937033,-5.284231516379659,1
619.1573509760201,-16.98850061793161,0
2913.1587793375948,-0.930514933791394,2
-4496.84275333141,-25.12062130586408,1
2956.1580378723447,-14.658589387538257,2
-3429.8376806743327,42.78610115789437,1
-2503.841963793151,-11.622744713501673,1
1110.1597910156706,8.38390509571561,0
-1055.840195236844,9.583104375217106,0
-4493.8422661452205,-14.493582701317145,1
856.1601209024084,14.46889231705571,0
3958.158771715709,-4.738388249810539,2
-425.841571277997,-3.81810741479534,0
-262.84250861254986,-20.574781552803508,0
1540.1612950022682,34.86717729583175,2
-1823.8388285618275,26.746827069290998,1
2610.1578580639325,-16.735482404457777,2
-3021.8405988206505,3.769119580043318,1
-4271.83983220096,14.735255408876442,1
-899.8413389351917,-3.675793959953511,0
-862.8415095792734,-8.295035496441393,0
4302.158191089751,-12.698646156072066,2
-2643.8409366040723,-0.3374027570349636,1
-2124.842713146005,-22.49777783761421,1
-2788.842017749499,-14.263821857002286,1
62.15718395053409,-25.45851327133846,0
-2096.8420409344253,-15.287886068144026,1
-2640.842084150994,-16.229026211659246,1
3856.159066547698,2.9912324192876163,2
181.15978523890956,8.521254638951183,0
3147.158843022189,-1.8534721236381493,2
825.1600471982383,13.402909359431003,0
4369.160442913824,17.254588179563825,2
-1810.8416724893611,-10.333963588407016,1
-4.841486010293011,-2.8814216138879782,0
-3439.8415510930936,-4.516058503839128,1
-3144.841299307591,-3.343498036392865,1
2844.159712281311,8.223621591518448,2
-2623.8409096805844,-0.2193486249626648,1
-2817.8403284242377,7.809833251472394,1
2481.1583304717788,-7.805635236090582,2
2218.158419098938,-5.912940108671096,2
-2715.841867933632,-13.310194508184402,1
906.15879919898,-4.603639653891936,0
2360.1592736926395,2.387486408669636,2
-2177.840984362061,-0.3776457172200285,1
-4441.838817391545,26.94829782539648,1
-3123.84140868386,-2.495811174793171,1
-2421.8412275662413,-4.2408503302686285,1
-443.84033941855887,7.585879020548344,0
-2543.8426509447745,-23.287390530574623,1
-3120.8425320843817,-17.513635963316812,1
-3070.841911348456,-12.335128510231586,1
287.15836645726813,-10.451232805447235,0
-256.83887650136603,26.598079488789672,0
-911.8388381554396,27.58040269452665,0
1975.1578526276865,-14.733466411054614,2
-2275.8410622592783,-2.248387547589001,1
-4346.840040455805,11.88436348698099,1
2275.158004920755,-14.697173140112309,2
3825.161559329892,32.29130683873314,2
-1299.843033014797,-25.625449998132986,0
2217.159303817025,5.085419255018341,2
-4096.843023852794,-24.51534484580036,1
925.1619230458746,37.41887691113599,0
-2141.841878289357,-8.578248687634968,1
-1233.8396964123822,15.693497612048562,0
158.15826315211598,-11.539343010636966,0
2194.1605332939653,19.30722543080195,2
2792.157446120924,-22.66202175372569,2
-3822.838283474208,33.870951550586,1
-3462.841533940751,-7.211368293624144,1
1440.1575337359682,-21.612144000239667,0
-4455.842341649986,-17.28664851966491,1
-2242.83819817903,38.50472290204167,1
-116.84284849406686,-25.5105494410409,0
343.1584785965388,-8.40158373883416,0
3544.15856037545,-7.604041397299134,2
4336.160225384112,15.214526849825754,2
-1268.8395605371916,17.67135706668148,0
1852.1586342566295,-6.492064316973732,2
450.15773634123616,-18.55002309346858,0
27.158006342768203,-15.485589278914285,0
-2734.841930269962,-14.19404591982127,1
-1731.8376716559287,42.65688088850892,1
-1902.840771085292,1.740025257137065,1
-2858.841985110368,-10.524369221338828,1
-1951.8397450773043,15.667869991253497,1
3095.157267400413,-23.848703163921822,2
-1410.838473990152,31.68047239894928,0
-753.8420295489486,-11.643832492273736,0
-3829.8409579246654,-0.1237109627785644,1
-4172.838943013223,25.900775095683443,1
2246.158695622871,-5.635539459314016,2
4055.157979911077,-14.810665172438783,2
-3745.839953644667,12.858619864414583,1
1412.1594985973788,9.098395296470722,0
-1705.841403638944,-6.3207042945406,1
-91.84203199634794,-15.442190063388146,0
931.1614100275328,30.50314159274472,0
523.1596740488894,7.48245621324364,0
-1735.837500165624,44.690178666704696,1
-130.84038188960403,6.564908889392356,0
-1286.8427108827746,-24.489782848067637,0
1601.1580105876783,-11.783451785176624,2
2648.15923013934,1.317988900736335,2
3822.158254583133,-10.751561420616026,2
1442.1598364816164,9.3863772838378,0
-2645.8428060874,-25.25078566897472,1
-272.8407981988857,1.6325640045986098,0
2254.1574372728937,-18.00445875759967,2
31.1590454634279,2.327299660377216,0
982.158300015959,-8.63252817835868,0
-2112.8419517338043,-11.677586682103,1
2561.157419048599,-18.907713369935607,2
3816.160574763897,19.23232530488332,2
-1079.8427398380009,-20.72803970544441,0
-4130.842497643782,-17.565976291185343,1
2926.159251722041,2.3004942172515417,2
865.161130458524,26.51977924320473,0
4352.158834103611,-3.798137200780829,2
-3662.841874799575,-10.303680010423518,1
3181.15910010098,3.935166415191576,2
-2350.8415458144154,-4.652863235475638,1
-2724.8395920231706,17.723817684080345,1
991.1597778445577,8.411016421845206,0
2879.157801420486,-17.609960983739633,2
2559.1588224523,-3.613768597223819,2
-2029.8387443831307,29.6212063457666,1
-2624.84229090577,-14.673870055245676,1
1584.1581985410303,-8.846160728767693,2
3983.1577357903006,-17.804351142967562,2
-3203.841342056112,-4.364143111294291,1
3678.157928576111,-15.79695884437928,2
-3171.8414192667697,-6.221756146602775,1
3940.1582840413903,-7.937779945349356,2
3318.158958484186,-2.768162930909491,2
41.15874428389361,-4.402536539517293,0
2650.1614183582715,30.29444042582123,2
58.15760638914071,-20.45564797957117,0
-2167.842332880304,-18.490163783921183,1
2294.159624479013,6.32393659044776,2
289.15805582603207,-13.497627695554709,0
-2818.839147974912,22.814780171945813,1
-1927.8419470430235,-14.21305145570031,1
4172.1588999355445,-0.8646334591526292,2
-4486.839940399979,12.946350458114056,1
2904.158993040968,-1.6922759582365066,2
-3582.841489717248,-4.377970079184496,1
2884.1588473409647,-3.581959210377049,2
-3575.8412145112525,-4.079302979273269,1
553.1592495743535,2.4877887780087367,0
-1350.8411771462995,-3.345609058918363,0
-487.8382244056557,34.63953261179563,0
3854.158964736504,0.97258185740683,2
-4250.839777082729,14.912311805501274,1
3249.158189790265,-12.667419574263384,2
2272.160106306139,13.259169908250458,2
-1239.841706210398,-11.328450885968838,0
1096.157676924195,-16.727256226565988,0
1682.1576503230608,-16.83637279663757,2
864.1574170765816,-18.886314039222118,0
3135.1601034735213,13.294115489499523,2
3080.1567912334576,-26.069968397804296,2
4295.16100140044,25.209082148576563,2
1446.1602635728195,15.411041207595307,0
4283.158300128707,-7.955586030181234,2
3290.157248720061,-24.70715666059651,2
-3623.8414932139567,-3.4979234274382174,1
1342.1570512971375,-23.941083207047583,0
-1768.839446868864,19.646488800455096,1
1637.158923211624,-1.652831672889589,2
1132.1574757568887,-18.76929838854347,0
2881.1594627517043,4.336657816810066,2
-1617.8402438390767,8.68081074540835,1
-355.8418261159677,-8.670642302501493,0
-1859.8385489829236,30.71594185653494,1
2534.158074306906,-10.9598946747454,2
1205.158879476017,0.892788112247688,0
-12.84052329568658,5.552231443649895,0
2368.158334566688,-6.845700269761526,2
2583.1588600206305,-3.68504888080034,2
-2258.8419585435186,-14.269198694259131,1
-1316.8387452464667,28.45621769138708,0
-216.8404820550932,5.534482335518415,0
-522.8399832716677,11.5963319245532,0
-3181.842573698261,-15.728268052643973,1
-3519.840243542858,8.81110747019313,1
-3397.841069113987,-2.1203526956103147,1
-4169.839913579752,12.921679082295476,1
-2843.8405667283805,7.511620283931514,1
-340.83984390541445,13.63410409532847,0
-2382.839603541477,16.73356270597067,1
4035.157330614922,-17.313467561394013,2
691.1596391015337,6.483196174439101,0
-2106.841234018444,-3.306960842659862,1
4140.160663624527,24.8722658734307,2
-2326.8410642715758,-2.2372888756843547,1
-2747.838898661139,26.77553662153261,1
2182.158229132474,-11.578101055671626,2
3486.161359745136,29.32939243864277,2
3407.157017032325,-25.0862368264284,2
587.1610701717436,26.473583494643343,0
-2914.841994429822,-10.550795654361092,1
-3672.8404838017295,5.7638217865464405,1
-2613.83742726926,45.72497274510933,1
-3799.842507894791,-18.345686713858004,1
-225.84170469956007,-8.56168441413198,0
1689.1593876386178,3.430968097265863,2
-2297.8406103650923,4.717798822954944,1
1293.159068304929,1.2560760647528326,0
257.15921201370656,2.476667999177589,0
-1847.842219167098,-17.269135585255306,1
-3857.84025021526,7.805894379297385,1
2995.1594554692856,7.998538429794939,2
1426.159498545865,9.097321372381694,0
-2639.841130357294,-1.4185682609849586,1
-3982.8408975914936,3.5113405113519445,1
115.15892965713284,-2.417942153758585,0
4130.159684227547,8.17816785831967,2
4371.158079368412,-13.836614372611358,2
-4467.840602880693,3.943109473601025,1
2919.160427736817,17.264978288255556,2
-2761.8421080983826,-12.472533426451646,1
-3347.840641204675,3.795045116664175,1
3137.162348842714,42.32372018952401,2
-2138.841775330715,-12.1558326701639,1
755.1580964099849,-13.565774690596797,0
51.15832601237344,-11.443734163937425,0
-3502.841320114443,-2.457364676972204,1
-1348.8414760467713,-6.422635233759385,0
-3083.84033232223,7.81561154537777,1
-3992.840704140021,2.835885351284503,1
3331.158415046404,-5.917804046664492,2
2613.1571939293644,-23.012198324088835,2
-3841.842528885987,-22.175241047991456,1
492.1614292419981,31.455562561199287,0
1377.1609843154438,24.420021880891525,0
73.15746415621834,-21.525279781260387,0
1039.1581401253934,-8.825251068343047,0
52.15844879276119,-8.471754717600659,0
2976.16125383327,28.350267177000116,2
-2387.839122140431,24.68522643830449,1
-4354.842380487884,-16.383186672669567,1
-2446.841673829069,-10.247226154394893,1
4348.161001477274,25.211883502564334,2
-3694.842437347106,-21.24700268914227,1
-219.84063161350787,3.5940423388732,0
4012.159503303061,8.993161246052255,2
-3376.8412512490177,-5.130604992249292,1
-83.84227304707747,-18.409997480984703,0
1570.1601324270014,13.48323177903624,2
3289.1583439508686,-10.698822816326429,2
3404.157521791756,-21.759473804034243,2
3199.160948802193,24.316633644578665,2
-3378.842025841412,-8.64405190165357,1
4416.15784918773,-16.83300312586039,2
2279.1597026927047,8.300341109420595,2
-1774.8409609089722,2.4146262177556945,1
2028.1588576550712,-3.650060572399081,2
-1709.839470810548,18.65839285156723,1
-3495.8412023926503,-0.4134555287438957,1
-1657.8413603622466,-1.6428628215316632,1
1156.157265521004,-24.6467531291907,0
2945.158912124578,-0.8317079788216084,2
-1452.8420819885214,-11.780791826651676,1
-2970.8414432647987,-3.5522337095623278,1
3212.159466909012,4.339401632121042,2
4059.1584049806697,-5.98768545230325,2
2304.1609438962187,24.29228862240644,2
-176.8415842364193,-8.540100400528521,0
3236.160345584911,16.334644285800614,2
-1133.8421934134676,-17.393598208702397,0
3882.1577267014072,-15.977058974692456,2
1456.1614855395746,31.39080767543885,0
1463.157651842921,-18.586513957953557,0
3454.158158328675,-8.963550023901506,2
-653.839938497229,12.674449432696724,0
2933.1588802421466,-2.6423108339619192,2
131.15854771010345,-7.413370324725308,0
35.158168772642966,-12.385845661164968,0
794.1609959296184,24.49696900991876,0
-2169.841884293768,-13.391632247711724,1
-1165.8395242213735,18.62144716700371,0
-1374.8415635741549,-4.740209497183574,0
-2478.8386542286607,28.58049558579608,1
-1573.8418282945058,-12.331179641967214,1
2585.160691092431,21.283070899787223,2
4078.1608985123457,24.245329822957352,2
1119.1587873095996,-4.5639967531002,0
2271.1576805310324,-15.981467339297554,2
898.1587761418778,-0.76446011332364,0
-2737.838389349752,33.741337689970706,1
3905.158465530898,-2.230933258821615,2
-1533.842317980947,-12.868910954465868,1
2034.162279914832,41.38429379449809,2
3510.1577435915824,-17.68372612113409,2
-1766.8415339744531,-8.244001694786034,1
622.1615095869638,32.45308680917546,0
3527.15829181805,-7.020928540983941,2
-1656.8417319029686,-10.393061148362596,1
656.1588389963727,-3.421377157595052,0
469.1618216437055,35.483296803694444,0
-1163.8406029553153,3.665327814586762,0
-3648.838354400359,34.752475891663835,1
3369.159627971123,6.297553965058826,2
2428.159263163223,2.3948492879191523,2
-1517.841390770103,-6.331252507945065,1
-927.841932733776,-8.782085288610684,0
2296.159387654625,7.050505650589482,2
823.1596197709441,7.490201522054257,0
-3827.8390593973454,27.560431304513124,1
-313.838309728133,33.64027893297916,0
4045.160331680381,16.21789422956096,2
-3999.840910124593,-0.0635341188409102,1
600.1578339872067,-13.754264126303786,0
-1121.839526795549,18.51443405499,0
-325.84052535367664,4.598983515086223,0
-545.8391553193796,22.636372915857255,0
-105.84220516815547,-18.417114629370403,0
-2561.842198678991,-17.314947277465766,1
4020.159791569982,8.2642838622109,2
3042.1570231139776,-25.874523964521785,2
-4324.839816760272,14.87700655253658,1
428.1587478087749,-4.556596991098411,0
1429.1573258226272,-24.480709477200897,0
-1550.8409996648552,2.394068927757221,1
-1392.8389848475344,24.701992620588136,0
3992.1589240331086,-2.682957538949636,2
-2153.842251947033,-18.19991860576017,1
1154.159591801581,6.371696888890197,0
-2979.8419157532626,-13.246354387810849,1
-4291.840221566497,8.87269619279009,1
-904.8419599966728,-12.683015291222706,0
-2807.83809552464,36.78645055447706,1
-574.8403411877807,7.565323809183539,0
-4319.841274652514,-4.184061792553812,1
1567.15798599727,-14.601920868350568,2
4240.159672277805,9.029123760112851,2
1206.157976009592,-11.080012524788057,0
-1373.838902276009,25.64670252221275,0
668.1582745598862,-10.55294661568769,0
-1801.840821666643,4.324060216661071,1
4147.157639578392,-16.00289802917363,2
-1522.842292787449,-14.575351940755006,1
-3158.84061274532,3.830142596911603,1
-3204.841677731485,-3.855458862681456,1
4219.160537070769,19.15389035561902,2
417.15790624317015,-16.533184190235055,0
-921.8416142704664,-5.798118288252557,0
4222.160119427426,15.048647416428432,2
-601.8416908654617,-5.766632597030471,0
1788.1574558644788,-21.60028526597504,2
-123.84237766155276,-18.61388926929977,0
3447.1594738340937,5.325541573099926,2
1625.1592249327805,1.4833342048546871,2
3091.1572065626387,-22.88858524772393,2
-402.8422003914602,-17.4130288018803,0
-1463.8405271958327,8.364621744852107,1
1994.1578512830893,-16.706930559911896,2
-3209.842169747338,-11.700074310919996,1
-1857.837433818553,45.69306009462108,1
928.1587384549784,-4.493489698710391,0
-2046.841174982488,-2.376024805041986,1
-1932.842158060521,-17.239167617261657,1
-4498.841007075971,1.6148676161616518,1
2341.1583200265886,-4.099283942913502,2
2354.157728217775,-17.643002042334572,2
-3194.8394988310174,19.72620346022373,1
-3186.8415693120915,-3.679992101484041,1
3523.159677690652,9.1922770246612,2
3742.161628430302,33.2290890751529,2
-1339.8397453527432,16.439894309785224,0
-838.8399536081706,15.39881179408332,0
1941.1612444742927,28.35741905931793,2
-4163.839568283351,19.748069890264468,1
-4303.841027518152,-1.1117560824677586,1
1763.1598598876735,9.476466131276124,2
3930.161603139073,36.88458144751012,2
1776.1614265709068,32.24864548599924,2
350.1579567497247,-15.453368705500086,0
4030.157876360172,-16.72335362546412,2
-3602.841334623576,-0.6037011177208065,1
-482.8398655898054,13.56534869259658,0
-2310.842145771836,-12.5687663781564,1
-1995.8390445433904,24.6870569917608,1
1518.159348617541,2.4705883461571183,0
-1670.8416963958298,-11.286807747014798,1
-3865.840486491041,7.682512899660706,1
100.15728119784036,-24.54734594522995,0
-1776.83952308679,18.666905093074703,1
3474.159329930728,3.297816500172061,2
3690.1574978496647,-16.120939357631777,2
3426.160445296148,17.335522347241167,2
-1330.8422355699586,-18.37019848241586,0
2491.161427601357,30.34003834556585,2
-1357.8413347082678,-5.336490823976856,0
457.1576476017945,-15.73161619825401,0
1712.160090727324,12.43038391455164,2
-2501.842184807756,-18.21224613264248,1
2087.1583496835083,-6.895516947215639,2
4281.1595933403005,6.290989650785562,2
2338.1593244482647,4.330969365783156,2
3597.15943022928,4.339183370204324,2
-757.8405347680091,4.610412008928229,0
-546.8415446429863,-4.73136252731381,0
3031.158204147883,-7.9566959712695695,2
-1950.839466892765,19.684641930361032,1
-4266.841460213473,-7.142123265465146,1
4235.158369329816,-6.9741047740332665,2
-3576.841044019733,-1.2319317463176942,1
1960.158750003262,-4.5569011978041285,2
2509.1579835019656,-15.587683746796529,2
3286.158860977448,-3.625466003056519,2
2694.162493334617,44.340047289721625,2
-737.8400991060189,13.341287906498392,0
-2040.840347131132,7.687443163289394,1
-3025.842011833214,-15.29143845129299,1
-2954.841219280672,-1.5528415755243623,1
1727.1570023845416,-25.89157736592452,2
2473.15786036558,-16.609238372323194,2
-3349.8390456096386,24.816735221290656,1
-319.84094737749547,-1.3431871699487674,0
-4533.843024297501,-25.37340017798661,1
3870.1592770826537,2.280835341615198,2
-4170.840529780777,4.85580426995336,1
3624.15845078259,-8.673550460601192,2
-2769.839907436515,12.819181112151012,1
-133.84114207874518,-0.6462076112459849,0
250.15771430300083,-18.51008574185027,0
-4085.8382727545104,34.85543265061383,1
3897.159677307645,9.029355649974727,2
-2471.84202598274,-10.654518092742377,1
-2091.840524205705,5.7020349306295,1
-2306.841811311082,-12.270141969495118,1
-1954.8404226283888,7.54488369653399,1
-1306.8427633895772,-24.380688252315643,0
4196.158771208953,-2.8788379071850336,2
-3234.8398640557425,13.811405779531263,1
-2064.8415080552804,-8.201747608327329,1
4400.158536679926,-4.028114426567619,2
3724.157816606865,-17.75680443603318,2
-543.8403762311209,6.652116048240524,0
4149.1620604961645,38.27778404587266,2
-1930.8410947879893,-2.2617591779674537,1
-250.841470840096,-7.433807647584841,0
1295.1574660847546,-21.745492907698733,0
67.15783834236208,-16.5171701047827,0
3680.1615069809486,31.269315271493063,2
-1083.8417226104066,-11.345874495657146,0
-312.84035725618014,7.58096949747708,0
333.1602308106376,14.479532580098192,0
-4076.840681358997,6.604800625831471,1
2969.1599907766213,11.305256690632982,2
868.1576737894793,-13.938151769992356,0
3312.1610282004112,25.283694642303296,2
976.1589853743208,-2.567798410906814,0
1751.159420604643,3.4091936626609645,2
4101.161558314576,32.27013519240656,2
530.1580880783149,-13.396063168949029,0
-1180.8417789314408,-10.494511013528532,0
1324.158165731409,-12.625381923266245,0
1161.1576021859655,-18.72875642432233,0
1443.1593609876,3.427841274184683,0
-2097.840219203732,8.65115461144322,1
-2666.839450913598,19.70106669220646,1
-2014.8412091984649,-4.259852006681939,1
2878.1574169450905,-22.74908859947766,2
3589.158699557185,-5.840669126067348,2
-3169.840966188116,-0.2628388490982978,1
3343.157578137354,-16.032081703535173,2
-3752.8426866234513,-22.31732791615145,1
2120.159329764545,6.154649368922017,2
111.15776972367894,-18.52927618440031,0
4277.160145786125,14.20349719247474,2
4298.158417085651,-6.951022209129734,2
-4399.842551700713,-20.396270856737992,1
-193.84238419652684,-20.46572300041158,0
2973.16168929619,33.37636431600188,2
876.1584733274067,-8.475988557320292,0
426.1576031431323,-18.647917178170964,0
3167.1575128987315,-21.662409100969263,2
4388.159011000302,-1.763516061572357,2
-2457.842289477354,-18.28263479890281,1
3006.158337806876,-10.788242686207148,2
903.159714829526,7.467562352200401,0
1764.157914256968,-12.902131115642582,2
10.157803765905555,-11.985220969730507,0
-1104.8417435222657,-11.274823045913749,0
-3453.840719094267,1.8756137337028316,1
722.1585825565271,-6.5502429820357095,0
-3436.8405967362924,8.492629091987832,1
-1850.8409580069128,-1.20988267508576,1
-2459.839709280641,15.66320875871513,1
-4321.839173750836,22.877638898392483,1
1842.1597787670323,8.42935007927615,2
1158.1593846339383,3.3763599880832533,0
994.1590135209262,-1.4430802600816026,0
328.15944536367897,4.411795818673562,0
-1024.8377702594737,40.67132744697235,0
-1375.841344194254,-4.385927511306016,0
-2519.839509424928,17.745777891708705,1
-4200.840723627713,2.8660910178844627,1
4061.158247189189,-10.769105723038784,2
149.15800517692696,-12.711064488966686,0
-2915.8413653147877,-2.52752978662586,1
3125.1606489205733,22.14278977923772,2
-3804.8426847163937,-23.23099541110537,1
308.15911985520506,-0.4815747026687003,0
3918.1577315217,-15.9361842784871,2
-488.84131941152737,-5.420156423242714,0
1699.15884325793,-1.7484678484851337,2
3977.159611543815,7.1820747001928265,2
-1407.838289295847,34.64207164682746,0
-1746.8389707932947,25.653991726747343,1
1658.1625856283354,45.44791834930388,2
2079.159450399165,3.295226824716272,2
-3258.8397402308765,14.69521830757465,1
1619.158533645037,-3.870966537377716,2
2266.15726410551,-24.64116046597809,2
2327.158853154455,-3.5510223394197853,2
-3542.841242509603,-2.3106868361161164,1
-2277.8402519335505,8.714838553781279,1
1475.1591488390695,1.277846614002188,0
-2011.8419829991765,-10.528122733715444,1
-4345.840948260913,-0.1547352811674791,1
2332.158741544641,-4.637730835928021,2
3372.159634495096,7.272865036609353,2
173.15812994737644,-8.791941966693924,0
670.1585152605549,-6.563347218751328,0
-4128.841172053362,-3.209876874953636,1
-1129.8419936445423,-15.382134296620867,0
-2176.84233740886,-16.42112477395849,1
-3858.839447944076,18.85799532880978,1
-3665.839863227622,13.8541576305522,1
-4524.839433496993,18.891585800367466,1
-3768.841962286737,-15.169975798520037,1
3431.159738906193,8.292046222609022,2
-3548.841410972644,-3.394042275887129,1
1850.159804613853,9.448408017984212,2
-1341.8388752118915,29.423949178221264,0
-242.84241612203184,-17.66847923571983,0
-1683.8403887471068,9.455683004781216,1
3316.1589779272326,-1.7008647267438803,2
-2076.8389237672677,26.684475475422097,1
-4297.8390620391,24.832114869601234,1
-3970.842790513416,-21.559438205034983,1
-1227.8393072839244,21.657369440690037,0
3985.159052851086,-0.7908904289864775,2
472.15878457197687,-4.402407560895849,0
-3959.837428375671,45.83199441864277,1
1424.158648415585,-6.513625206700432,0
-4186.841978689539,-14.117080011307198,1
3766.1578540981855,-16.779282248841557,2
-4508.83750654856,44.90332243533205,1
3556.159456069581,4.351017146914085,2
-942.8388247387484,26.616827067214025,0
-3619.840485321358,8.61254989903574,1
-529.8423511325382,-18.579867679485623,0
1105.1594355963753,4.487847517624656,0
-3507.840407213429,6.728531218817745,1
-3551.84164617752,-4.526337304902315,1
2002.1579975030616,-14.772454928221906,2
-1944.8418547016336,-12.358822256908118,1
-3518.8411811740957,-2.303992945182024,1
-2741.8421068845782,-16.39866725075309,1
-2819.839935865893,12.77237068625052,1
-2903.84174825449,-11.238011917858378,1
-854.8398663592525,15.450692721216102,0
-1574.8376288791187,43.65530809971077,1
2278.1589454585337,-2.603715671528839,2
1614.1599787141313,11.381112262716632,2
-626.8402665405883,8.540710526658282,0
-4311.839586109854,17.812571799982685,1
-1623.8407388558262,2.703786469258944,1
-3651.840703629016,2.8568889559187784,1
1048.1582498533537,-7.764247537537952,0
-1027.8414469255367,-7.44081296444975,0
4039.160233696573,14.247072659544797,2
757.1576364354114,-18.485127997670183,0
-721.839540550136,21.33323735136934,0
-1595.8374348434154,45.62392846354747,1
110.15875777247128,-4.427552791682654,0
-1346.837539865228,45.51632650918562,0
49.16033465915825,15.436852225215032,0
-3475.840595080168,3.78427157465803,1
-2493.8413247191347,-2.4612275837141766,1
3704.1572709663305,-24.73672349101315,2
-640.8385633348953,30.62546429914809,0
-3928.840413751605,6.8345905783684735,1
-4386.842430999968,-20.16578280381163,1
1945.1576294757544,-15.84892264026222,2
-3288.8400978720165,15.37561133312794,1
-2408.841292337631,-1.490813711947287,1
-4316.841496058041,-8.045547715053303,1
20.159753479005303,12.23927919856934,0
-1548.8403746741242,6.614730764736448,1
3663.15865203226,-4.843556199761368,2
3028.15918585076,1.3504980991480249,2
-2772.840251294838,8.672379141515995,1
-3798.838370444777,32.89039072116088,1
-315.84146754432004,-7.370959697387007,0
4098.157541923749,-17.979286697447243,2
4383.1584411274525,-5.061147064575188,2
2729.156917521148,-26.00092401690929,2
947.1590789321926,-0.5170893170969748,0
-2381.8394271004945,19.753528708592867,1
-127.84163833764616,-7.611699583085667,0
-502.8379990347894,37.63566085675773,0
388.1582667111652,-6.800656999818294,0
634.1593463753234,3.462864220422452,0
-2247.839108208951,23.712722359893768,1
-1754.8414912947335,-7.271162949234457,1
3579.158111902885,-13.672166639435623,2
631.1583866948495,-4.004328961449366,0
-2215.842734333128,-24.318316652393328,1
-2062.841758517199,-11.329773904712624,1
-9.842091903439725,-16.576694771482824,0
1999.161352508585,29.416793557509656,2
-2427.841895329766,-14.172250775910276,1
-2339.8420203500427,-15.30554456386574,1
-491.8417158654193,-10.489396632887644,0
-2243.839104418643,23.71894821452763,1
-2579.838663057832,29.78802154691067,1
-564.8410266736755,-1.4409394318529705,0
4205.157908470137,-12.08852124106274,2
1697.1598495843357,9.341802584754609,2
137.15903751173755,-1.3732033141718103,0
2331.1592660250026,6.037784767771123,2
3041.1571712757577,-24.769372619855247,2
-3942.8379411388314,38.87016685589168,1
3298.1620322927483,38.31016827522621,2
1023.1584182332152,-5.72961697514512,0
4129.1587157528265,-5.753786538072303,2
2496.1594516414334,4.357035249413444,2
-972.842813797586,-21.73392647305206,0
-556.8418808879796,-13.368283596695932,0
2785.1581808732008,-12.715783268074189,2
-888.8415735154995,-8.495802449984788,0
-2813.842327088234,-16.579409811149297,1
-3237.8411137212534,-3.190071356352127,1
-4478.839807600656,18.58212462612547,1
-3405.84216294362,-13.428378166122895,1
-3372.83911370294,23.780607126484952,1
-1396.8413107414965,-5.31860679978533,0
2248.158358412911,-6.929554609006052,2
-283.8423735446995,-17.57343829865013,0
-1032.839607585047,17.544739154144594,0
434.157497214328,-21.48844800997078,0
3089.159379522491,3.288799467612307,2
-1778.8390909142909,23.708709752473844,1
896.158675901359,-5.590754945071334,0
1908.1585589976169,-7.529800496721342,2
1112.15805665293,-14.687711114380487,0
-965.8420263193548,-15.539784668891787,0
1369.158929584955,-2.719200632963777,0
1970.158490863396,-8.634679416610027,2
2389.158444694825,-4.88211034043261,2
1597.1612806845224,29.383318055251323,2
-4434.842569385248,-21.176176059465707,1
1189.1585860805935,-3.9195970417394137,0
-2947.8418702799827,-13.271734335055026,1
1092.1582115532365,-11.502579906888128,0
1904.158679835673,-5.5895736137946646,2
-271.8424326200038,-17.76233635289038,0
635.1589360181824,-2.5206959261110207,0
3904.159985161503,12.210788503673372,2
1700.1604821794317,17.39439161892828,2
-515.8405418752809,4.642545493622293,0
-204.8410911735264,-3.439887606496894,0
2978.1618929274264,39.05773030485672,2
-285.8425358852255,-21.48172122931574,0
-1066.8428096837015,-21.75279509020221,0
3591.1612331062206,28.30055714091857,2
2835.157889707247,-16.59627849610122,2
-289.8416873185779,-8.55277949086299,0
1498.159020160616,-1.524791575126466,0
1420.1580840771785,-13.539061562836402,0
1774.161367850611,29.41342367703596,2
-1994.8390681606836,24.65492595957049,1
-3461.84068519657,2.8557064633398195,1
1172.1594635239453,4.431292904080284,0
2822.15953071526,5.305932475507085,2
-4305.842182204127,-17.090679449114827,1
723.1594676673994,5.459373278094743,0
3753.1617082059374,37.01826301305969,2
2667.1599048067,12.178893683704898,2
2901.1576607019524,-17.831510309550694,2
-1978.84177302639,-7.652638355084254,1
-810.841750665044,-11.381717181180337,0
2713.1598856414785,12.210858464885748,2
-1638.8411897612386,-3.2861107432643406,1
2851.1572710775654,-24.75837202872428,2
4197.160828683875,22.14828480280478,2
2511.157877832651,-13.780091617018147,2
3519.1575101391645,-17.934553234900335,2
814.158305562858,-10.534123756778168,0
-4334.842454385362,-18.246355229510957,1
-2939.8424463266856,-16.5842738324055,1
1288.1590033361572,-1.5948281357189105,0
2063.158386451425,-8.628130317024734,2
-1477.8419458160645,-14.318462286769858,1
-1743.8387010580043,28.6206935866663,1
3731.157387797197,-22.824576966661645,2
1417.1595889857854,6.417131873371732,0
552.1595219920855,5.544370315734016,0
-2683.841890280659,-10.415879766117412,1
3803.15947978053,7.969394640892027,2
725.1625071523595,45.46635892543401,0
-4489.840864265396,2.6057518756963383,1
-2593.8404003783944,6.692467479481534,1
283.1580999728758,-13.43337287109924,0
3020.157441337593,-21.73512881697186,2
4179.158254551992,-11.715160198859031,2
2253.157721611962,-14.964191331171389,2
1464.1581798944972,-11.558049728022263,0
2695.159714143141,9.214699913406829,2
-3011.8421414275654,-16.283219728871686,1
-3290.839056225552,24.766269577244397,1
-4230.841246896132,-4.079898281458004,1
-1666.8428499915751,-23.530258740581203,1
993.158507247048,-5.700257378769884,0
2286.1578651762684,-17.54858348169232,2
14.158163332787808,-12.494715770962571,0
3533.157284857414,-21.95857233977187,2
3319.157508604112,-17.972302167656352,2
2990.1594273149967,7.138714717918193,2
779.1580092988443,-8.959709912133441,0
253.15820833842736,-7.759366887111343,0
-1386.841002227855,2.2870954129750345,0
-2671.8404991914867,9.411608964565042,1
-4195.842800385319,-25.13188693054644,1
3694.157802574919,-17.796845796175294,2
-1510.8419848627527,-11.59070503648763,1
1409.1610571724011,25.418529887748747,0
-370.8397563773324,16.490328884232014,0
-72.83961714321049,16.608473450471152,0
-1431.8421908208402,-17.250358342146605,1
-3527.840587999206,4.829631126599354,1
-1249.8403302696534,7.622811250326169,0
3191.161250759673,28.242624158876744,2
-3905.840959906054,-0.1597284781224157,1
-3669.841525434517,-8.097377776084562,1
-2854.8421556697576,-14.373120433223772,1
-678.8429942482035,-24.76328023416304,0
-1758.842072323314,-16.401000430545515,1
-1946.8411702832675,-3.3875667267839527,1
-320.8402725046035,8.527347076246913,0
1797.157605299144,-20.61447699206378,2
1076.1584994331351,-8.448467650819772,0
2539.1577291053254,-18.58155888936184,2
-415.8405640494311,3.697680165503744,0
-3529.841341122636,-6.088092257862829,1
-189.84265960456105,-23.467963195258616,0
3692.15789776732,-15.737820775100024,2
-1253.8425812094356,-18.718787476559594,0
-681.8416945337085,-11.33795524177603,0
-3360.842776222271,-25.338948780990023,1
-2545.838207804307,35.72050568429669,1
-3600.840467267029,5.84383889581191,1
3861.15954130172,5.2572398462443495,2
-1812.8407948332608,1.6539190680724225,1
-1058.8420952737215,-15.404266290445836,0
-3986.841107557586,-2.108319412548439,1
-2428.841455238289,-6.368365844877335,1
2947.158526700514,-7.698409050920759,2
-1043.840918890608,1.5267311319141823,0
837.1585706672049,-3.718050433737075,0
-3604.841970114561,-14.217856426084657,1
-200.83864165912385,29.543705668244318,0
2803.157794740051,-15.789120417102176,2
-4156.840242540464,9.844943736335216,1
-1725.8428634979646,-24.595340791879025,1
-956.8402413713048,8.669030633649216,0
2402.157842226501,-12.975267232614556,2
821.1583910204354,-8.532857908555101,0
774.1609456650913,24.471116361269974,0
-1596.8410668902798,-1.3458039152218202,1
-639.8422688613646,-18.358740856210524,0
882.1583704908844,-6.699353069768144,0
3321.1574186079088,-22.820526299426334,2
1016.1579662103322,-15.436032871678108,0
-754.840409446042,6.461534913536184,0
-2155.8406919828267,2.73986581857802,1
2316.1567786986125,-25.10746544748565,2
1688.1585854485747,-6.548440176311717,2
-3103.8425608833204,-15.696754177120392,1
-3732.838747781934,27.912591313273765,1
756.160887349979,22.46485488243076,0
-2959.84014083026,13.44144029193882,1
3929.162300170341,42.20832534454988,2
4105.158850802109,-3.667643804135464,2
-2960.840742544912,5.454372850785946,1
327.1588584338897,-2.5243364579982046,0
1149.1590141964843,-1.5974911719728322,0
-2126.838364583382,36.4698958382612,1
629.1586719859042,-5.521038119831814,0
-1742.838560820208,30.709350515270494,1
985.1577483301515,-13.947077497321445,0
-174.84277643053792,-23.590765051888823,0
-3910.840949139442,-0.1469031992778182,1
1892.1579675962569,-11.905418458722002,2
1675.1598233691766,9.423989023404088,2
-969.8424426149576,-20.579807015327276,0
3376.159459089744,8.045234172809298,2
331.1590990224504,1.309639683617272,0
879.1606183805852,19.442127293096696,0
1262.158536425326,-8.53346041678908,0
2104.158447968599,-4.937595969811059,2
-1011.8413174313029,-6.476630076093008,0
-647.840991064033,3.166092108437857,0
4015.160743589688,21.283374994653503,2
2273.157725145167,-18.70498453882668,2
2372.158495735552,-3.968626554665357,2
146.1579002077342,-16.515802460350784,0
-4504.8426841935725,-24.068876312190568,1
2669.160058441339,12.340079295605555,2
2828.1597703711013,9.26244590011621,2
-4058.841203574498,-4.147303011610401,1
-2899.839961796475,11.734560411433344,1
-201.83918861678103,21.55937022566799,0
-893.8421689355746,-17.444285358134376,0
4034.157918191049,-15.772755650604278,2
3131.158679284854,-3.847519178491445,2
3365.159004310612,-1.706192635794765,2
3919.158607444027,-6.751686334633298,2
-1770.8424629387446,-21.336426185091423,1
3614.158354010666,-10.765760904796048,2
-766.8420093777822,-15.330916070757054,0
17.158233389491215,-11.47131266323683,0
-302.841700237419,-10.372847196503104,0
2860.1583750564023,-7.777958047843367,2
-418.84240630752174,-16.66115931489623,0
2846.1572306331364,-25.68990034735037,2
2196.160251711437,15.369974586261597,2
-505.8401301970007,9.631625812109124,0
-1076.842655390501,-23.377169587136464,0
-3066.841408075241,-3.413517023803034,1
2965.15832464752,-6.973118493181049,2
3925.157882685249,-13.049702358352452,2
-19.84147408202989,-8.385831479279009,0
-2012.8415081569688,-8.248112255584818,1
2398.1585666082683,-4.824022916266213,2
4013.161727456376,35.184224011045416,2
3509.1586854023044,-1.9788409652481969,2
2229.1589818226057,-1.620158171745068,2
-2751.8420607142616,-11.599374935745727,1
-3373.840225463209,8.786867661201908,1
1478.1602311881725,15.416531172087028,0
4195.159542627691,7.097258535167622,2
-1318.8417223342112,-11.30574201799532,0
3934.15947204252,5.288184356574391,2
-2874.841171677923,-3.2951471103050665,1
1609.160322444863,17.36539256071309,2
744.1620585909695,42.1931880594139,0
2393.157626111933,-14.96563185525514,2
-2451.840660511225,2.6350432845711467,1
3169.15761789307,-16.000875486809235,2
-3448.840191403869,9.841739583483092,1
-3042.841706038744,-11.336552501102371,1
4246.15795890335,-12.987132485907097,2
-3511.8425947942887,-18.51971647377341,1
-1699.841281676374,-5.244827911867997,1
-4293.840883824392,-0.1334388609802417,1
-2558.842645694968,-23.27818987864779,1
-16.841690277156886,-10.376202402708214,0
-3115.841459213407,-5.470417264647834,1
-1948.842121367983,-16.32898307101873,1
4104.158497540862,-8.774151309104287,2
360.1585832448909,-7.498713229511045,0
-673.8428720575757,-23.60420622574721,0
-4286.840341492498,9.708157917890842,1
2419.1582338905428,-11.60628022047876,2
3598.159961174999,11.296430156845526,2
295.1586542885634,-6.384123097210249,0
-4392.840907617938,-0.2551120476445243,1
-3354.841108541528,-3.1417721343730234,1
-1841.8375930043985,43.69976707424511,1
1576.1618599297944,41.955880170698975,2
1002.1585638722754,-1.931928135354397,0
-2633.841379035206,-6.180196417333049,1
-1335.8427258234003,-24.360881784062933,0
-563.8412416704232,-1.6957271389705664,0
2902.1583249048563,-10.721956652542511,2
1804.1586079018307,-2.859223420343354,2
3737.157130465028,-22.13555997755396,2
-3265.841788418184,-11.190406728132192,1
-361.8378775695455,39.570355855860505,0
4346.15955580672,6.199824732888434,2
-1834.842021471297,-13.472983111910708,1
-3311.842456769373,-16.69573688064222,1
-1368.8418427225552,-8.597209881715196,0
-666.8424400702934,-20.384236954719835,0
1719.1600605417625,12.447397037385215,2
3988.157673562528,-18.762690730572253,2
3347.157349375368,-17.192053439286695,2
4218.1589644158375,-0.8117507948374101,2
2070.1588327214704,-3.629466823816676,2
-3714.840894838853,1.6873966730173393,1
1493.1620566694764,38.44933955857604,0
-4279.842082847783,-15.064080034250455,1
-1175.8394142200705,19.60094928381236,0
-3131.842024521262,-8.689725192714876,1
698.1625589784817,45.48980571964362,0
2435.1574748156127,-18.86234084947732,2
-591.8405188007746,5.455061913579922,0
-2630.840657817316,3.75263196369915,1
-3850.8418754719314,-13.055727980004889,1
4329.158856922877,-3.740463025194834,2
3353.1585773392,-4.983782401072135,2
1317.160415159713,17.34796444137381,0
-938.8420562771498,-15.423776355920657,0
2717.1572226204444,-25.650599249515672,2
-812.840009049105,11.60080366867578,0
3540.158567190112,-4.912203117219315,2
-3238.842351846397,-14.654533366099225,1
-3355.8392015123973,22.797083919264416,1
-3088.8407365520834,2.7785388819813406,1
3381.159742194752,8.324891160679135,2
-191.84239741030612,-20.43314435957206,0
-1273.8378153223312,40.63367810646986,0
-1148.8422723148833,-16.600836340122193,0
-1497.8413818422125,-6.359112281983979,1
-2857.841008745949,2.453790388505801,1
502.157521163288,-21.458626931193045,0
-1700.8409881474215,-1.256509727146832,1
2215.158435823454,-8.6431181185348,2
-715.8413743212586,-4.598629754578287,0
618.157909889007,-16.46325225916199,0
704.1607097659144,21.48585859179883,0
-230.84120391123,-4.435084051945202,0
-1481.841970213165,-12.482328894041672,1
-178.84052413358586,4.4630550888091225,0
-334.83983143849764,14.570938187163115,0
859.1584164263913,-3.933093394503165,0
1001.157726553094,-17.60100254089089,0
-3944.8415183937177,-8.060514699970815,1
-3516.8406701994827,5.639946851120399,1
-1293.8424446171266,-17.629115200151723,0
3155.1594413649877,5.277956660105099,2
-2395.8427030349267,-24.43079196876313,1
1118.1586965750903,-4.633590001748749,0
-1145.8413257584325,-6.318573696286573,0
6.158926137897652,-2.3679272373698605,0
-607.8424791492871,-17.66387994081749,0
-915.8412964576272,-5.376437565587562,0
-2811.8415207254584,-8.21425986015141,1
3495.15951847448,5.333192112785145,2
3725.1586757434416,-5.687554861368115,2
99.16111041681144,26.55108286277496,0
3726.157052059076,-23.074761048892366,2
-550.8400976828416,14.274936523246652,0
-2560.8422248685965,-15.544429880347412,1
-1608.839832373953,13.755972622981174,1
-3637.841388929344,-6.124120630648762,1
-3887.84020044154,8.806454990444083,1
-906.8414855119772,-8.42552475827373,0
2935.1579260631115,-13.79270096318458,2
-1125.8415159994038,-8.288898418349545,0
-1509.842342548014,-12.9169076299562,1
-2148.841341532476,-6.176528274067138,1
-1143.8387797237956,27.676510989400235,0
-3674.839152191358,22.835571378755063,1
-936.8422037022538,-17.431135618766874,0
-3661.842091087077,-12.503035697116172,1
-4428.839058161306,23.748835820499306,1
3615.159639597987,7.201419330682702,2
-3106.8414974974003,-4.43025163686217,1
2686.1602819787804,16.25140921279162,2
3862.158203496831,-8.030500217211793,2
281.1581080642063,-13.372731265245635,0
-3223.8396732385736,16.7921247771147,1
4.1586233676061966,-3.626605576656084,0
-1744.8378502843552,39.71181686791641,1
-686.8416519146995,-10.414708801962744,0
1986.1590823412407,-0.6300133352110757,2
-153.8387512321351,27.442320391905888,0
1467.1596063547768,6.392808354364259,0
-4405.839890028292,13.88554105126733,1
4408.158386821451,-8.794074783784112,2
-638.8391886188765,22.596581625091304,0
3004.1592937209643,2.344357173256713,2
-328.84221127885394,-17.41851334269757,0
-2658.842566453736,-22.29827237194707,1
2090.1586680283654,-1.9161121348500485,2
-3313.841155736416,-3.1661301023818,1
-643.8421063091373,-16.500871488354875,0
1813.158526098763,-6.612921001238949,2
-3140.8418595097028,-8.53735994352745,1
-528.8420326092164,-15.329592896941552,0
-3212.842339205672,-16.40872440915599,1
863.1619321551407,37.47796461701744,0
4411.157693930087,-18.752427378085734,2
3074.161235424923,28.29517597776057,2
-2319.841664672247,-10.312609616258442,1
2080.158599792572,-3.87107674503988,2
-3831.840363280964,8.765584588969594,1
29.157603316009045,-20.449450066949098,0
3176.1593737187213,4.225861402663004,2
-613.8417950159637,-12.414166253815324,0
-1992.841571553552,-8.26700024904147,1
-2165.8393850805587,19.690858566591487,1
-1858.841616530728,-6.577820642253976,1
12.160531048721168,23.16765054128551,0
2107.158605748962,-6.556310056666956,2
1722.1572658399236,-21.90409582704084,2
1650.1591591413016,2.2801906620220613,2
3839.1586859041126,-2.9218112460599217,2
-3104.839729834872,15.784936666416844,1
-4087.837764771539,40.87308729775249,1
3621.159555835417,6.258361600881717,2
1515.160992620862,29.9842144292032,0
-2104.840515953314,4.741545684090811,1
-1562.8406186982174,3.64916741982964,1
2003.1592428289005,1.3725648009197542,2
1759.1598797027837,9.453278082886838,2
262.1577066750615,-14.696509123455629,0
-276.842699747358,-24.39320138707753,0
1969.159578421269,6.326836347741642,2
3580.1589890663745,-1.724694202128739,2
-3365.842253888026,-14.510209568636276,1
510.1571707398398,-25.52972905760722,0
-299.8406640133471,2.623244922788798,0
4044.1612499043695,28.268342110779848,2
1593.1608240338974,22.406547800981244,2
2445.1586797133787,-2.854787468290925,2
-2612.8379492704407,38.73007537314773,1
3794.159068943001,-0.6868855812871635,2
-3568.840161524364,9.897369199517142,1
3775.1580424277927,-14.704998856638896,2
2692.1598240783205,9.361366611080484,2
13.16235495940782,43.42257577553081,0
4370.160530493886,18.22504468877699,2
4021.159035975579,-0.7462963715345854,2
-3336.8417396233417,-7.494949188866849,1
114.15810557990336,-13.410601824092144,0
-419.8416552514536,-6.677823899334164,0
-2969.83968796226,15.71545968826488,1
2347.1581723861163,-8.955409591985587,2
-555.8414805807406,-4.654928059900117,0
3165.157293587225,-24.71003874734746,2
-514.8414632389322,-3.727516472246207,0
1276.159051187802,-0.6333998144338153,0
-2837.841133059119,-0.4771146213434072,1
-3775.842296547489,-14.422819832099629,1
-3435.8421332021244,-16.17198706059394,1
-2400.842610784108,-20.52373225588241,1
-78.84130121034104,-1.7700747313148293,0
3451.160385049996,20.88228276552507,2
-311.8398600448854,13.516093046246402,0
4357.15928844834,2.27144450897981,2
951.158092311176,-13.50460384723113,0
3840.1596809810144,7.266988934228589,2
-1943.8416028834763,-4.694213649184541,1
-1553.8411285661275,-2.326488354750431,1
-121.8422471266822,-14.822138089381005,0
2576.161608561292,32.35619792324127,2
-2437.8426736744004,-20.656401496052013,1
2422.1580660173204,-10.865441358201643,2
834.1589772219304,-0.6062176051711585,0
732.1584462912288,-8.523916744782104,0
-56.84173725126311,-11.364432425075975,0
2072.160699852044,21.40558892731848,2
-1305.8405038778435,5.585871919023893,0
3187.159454031149,4.286760915547172,2
-3563.841479286959,-4.419127084421373,1
-2672.842154789309,-16.237188597749977,1
-703.8384352257708,32.601729270008335,0
-1540.8418601671,-8.620077056658396,1
3650.158159801096,-9.012470741153978,2
-910.8407009750372,4.461674073912366,0
2812.157606284425,-20.69566289264201,2
-3925.8411799604655,-1.2591510520725278,1
627.158924603078,-2.4737997500425166,0
599.1585527600255,-7.422895337220853,0
-209.8396063407417,16.57492436455486,0
2186.159261792549,2.371565443916652,2
2654.1570764947683,-24.02792476524985,2
76.15820847469149,-12.45132723098112,0
1935.1577803438413,-17.57135688125067,2
-652.8420823250781,-15.358061140793756,0
-4379.843018867192,-25.43801879506158,1
775.1578779479023,-13.867180054168989,0
-3452.8416185324318,-4.532154386231326,1
3702.161394296621,30.283788539517133,2
-2037.8406079119304,8.369545253297703,1
202.15966191730692,11.221265973095791,0
-1241.8417873372673,-12.342391477562352,0
279.1589374089963,-2.548041865336147,0
739.1602548203082,15.4511353279006,0
3639.15849530173,-4.980258737621984,2
-1516.838511337468,35.266735703859005,1
778.1577605087659,-17.44955581731429,0
1519.1625132343615,44.45306849079478,0
4453.160822896229,22.24747281502011,2
-1798.8424445752753,-17.641605428538234,1
-353.8411124352715,-2.4164083680945767,0
2424.158414169273,-7.7147904109755485,2
-2458.841387500055,-5.364339213782204,1
-509.83805197826587,37.5841860621169,0
1236.157546966686,-18.736623664006306,0
486.15829340805067,-11.494116154558885,0
-2313.8423717370606,-15.555680392252494,1
2696.15801543009,-14.69793129434537,2
170.15770791075192,-15.751626916658951,0
2409.157514160499,-17.9786103397832,2
-1783.840617885231,3.666120078663612,1
-3117.8404204895487,6.821146716385083,1
3847.161106356536,26.25781663074695,2
1398.158716561098,-4.601298022651099,0
-1880.8396235327816,16.758699817642288,1
734.1606091780122,19.51259509880924,0
-940.8390170923084,24.59120780208948,0
3456.159355971846,3.352766070744943,2
3559.1587952138507,-3.709830044611035,2
4204.159256788844,2.211688859937393,2
-3727.841210023849,-1.3661857136346232,1
1269.1594758393476,4.4130979540637565,0
3623.159816403873,9.221149855732865,2
850.1607612225926,21.542196000952718,0
-4104.8421718131285,-17.112889430384573,1
-4132.841527354321,-8.087688891305714,1
4375.157890038914,-16.767215597990123,2
-3681.8376238719793,42.83961140987893,1
175.15808768756688,-13.540506381377895,0
992.1588068365818,-0.7949458802598421,0
3899.158523213759,-5.828134772899797,2
-1008.8391764204716,22.63490296679976,0
604.1613665584591,30.464986256634617,0
2674.162580542674,45.390983296873095,2
-1712.8422845837194,-13.746539019357318,1
-3063.8416124827345,-10.273660107920042,1
-587.8414254509262,-6.429763160271021,0
-2222.8389044890646,25.756800328098716,1
910.159463062242,7.296898686936815,0
-4103.8430938614765,-24.48422451596556,1
1223.159266232862,1.517660527026365,0
2756.1582462071674,-11.75266999102469,2
4309.157378929376,-21.97938823908637,2
293.157788029057,-17.537686263290745,0
-1786.840911816165,-0.2768516250149613,1
3405.157014065888,-24.931907474021383,2
4326.159405669838,4.204707168818759,2
-3923.83957845578,17.862701007211157,1
-2922.842620590236,-23.23378792895386,1
4268.157512616483,-21.772944810004446,2
4446.157813593512,-13.128775238948824,2
983.157374266768,-18.836966003308756,0
-3277.841333488701,-2.482691573602093,1
3494.1582265754114,-8.025530398599805,2
3117.1594272798397,4.172171707594719,2
-966.8421724306536,-16.338850076762597,0
-4232.841506299796,-8.115504667133148,1
554.1587889051298,-4.445483069851272,0
214.15875615295957,-5.375604343202083,0
3055.159854290366,13.044481474460245,2
-4326.841330083204,-5.076569059510351,1
-1376.838174189208,36.61042135121431,0
3620.160098888038,16.957628011059526,2
-163.8421226204373,-14.69798860832845,0
3277.157551417651,-20.739582164467837,2
-4285.837902521598,39.84663563801287,1
-3077.8413235058542,-6.13569521228628,1
381.1584895196138,-8.574021186580694,0
1974.158591997519,-2.878276390919849,2
-4280.838066864002,37.874715886649774,1
2859.160150546406,14.3173149843749,2
1239.158406585164,-5.8116951048200605,0
-1525.8431855125236,-25.67896128399049,1
-1717.8414095111657,-6.3690342446659525,1
-992.841067088768,-0.4810192813301706,0
-1719.8415872746846,-7.463722520935601,1
-2586.838369094417,32.811079294812906,1
-3330.8421991921496,-10.706316348179564,1
-4488.840886784135,-0.1751869236150804,1
1153.159396846604,3.2722247188024287,0
-4418.838303750847,37.58394685210946,1
-3383.84251595533,-16.592965828414194,1
-2546.841988088505,-14.339724734832169,1
-3332.8414345394704,-5.320918435869139,1
-3819.8413048051298,-6.125226777927707,1
1267.1593612770666,3.459789094614628,0
-905.8403122680612,7.513633615909191,0
-2706.837653811148,42.75602178785877,1
-821.8399424944073,12.660306814486365,0
-175.83982617087895,15.492812923829916,0
113.15834369621008,-10.359115344639026,0
-1202.84183382208,-11.584645206402492,0
3833.157674140472,-17.779498358617804,2
1033.1610576636158,26.433712664691026,0
-1.84203952702228,-13.58770189907194,0
-3808.8416639783536,-6.568192107248717,1
-2731.8418528547045,-13.378169554924137,1
-4127.842414409737,-20.112206716972505,1
4367.158994182886,-1.825846155245725,2
4223.159465655568,4.130125579558685,2
-3151.8419943223125,-15.26909291124092,1
-393.8393823057995,21.483075589984907,0
3526.157965284423,-15.772437709870225,2
-1080.8428065372864,-25.39626733921795,0
662.1583407555008,-8.646204204804857,0
1290.1578491133405,-16.51484853237869,0
714.1609991138102,24.449870262496944,0
1163.1598010275047,8.393331674103353,0
-170.8427925739088,-23.715650252498023,0
2346.158185397042,-8.908035618594406,2
1741.157464286371,-22.644401950302672,2
-3739.840998319967,-1.1711587768322476,1
-1488.8403896247037,6.713188007692631,1
421.1582117196522,-11.645677760752204,0
3322.1570042395037,-25.10292445560153,2
-4505.842455106147,-21.099901241636843,1
-1099.8421304592048,-16.360843125946644,0
1730.1575304403668,-21.607663368878995,2
2993.1599408000475,11.310362365749812,2
-1728.842768579605,-21.546591098779032,1
1066.1592560816207,2.4358234332095616,0
-2128.839360007376,21.57924670878769,1
3138.157214813284,-25.680214228383413,2
-3791.84022512153,9.751998116895058,1
-1300.8396657660487,15.57950723999124,0
4033.1579497421626,-12.061718760909748,2
-3864.841234115651,-4.1361352276134165,1
-1337.8378258089651,44.33080296082245,0
-4400.839866749826,17.53823284549584,1
-2798.8425749014714,-22.26950389971173,1
-4002.841821619775,-12.186701201490576,1
-2078.8398159472854,14.653206895929054,1
1870.1577995305413,-16.66862618063327,2
2640.159648750443,7.365866140112717,2
322.1594765895861,4.538337401446398,0
2382.1576152358903,-18.726741741743936,2
3514.1625632639043,45.2976483940494,2
2227.158590366831,-3.81652422535637,2
683.1599589409889,12.452882310343862,0
-1146.8417587574222,-7.659465382714504,0
1844.1585325157505,-5.869344789151088,2
760.1593580594636,3.4423593945671342,0
-2526.8395889835083,17.68255007878758,1
707.1625846371171,45.505747291300665,0
-2378.840026971884,11.705026626617263,1
3762.1589237377048,-0.8076940815723237,2
-3729.8424229132943,-15.55380811390928,1
1150.159050921735,-1.5310623584522798,0
-2383.8397660500486,15.723460764121349,1
-3236.8414393418934,-0.6964137456015793,1
-3182.8413241755334,-1.5884715351576115,1
-244.84220453858143,-14.678713718307453,0
3341.157160376897,-23.160535634763995,2
-342.84131768270163,-2.758979031677283,0
-1645.84050072619,4.696284012975967,1
-1013.841824386618,-12.40740237571379,0
3348.157658133656,-17.871485158394005,2
-2266.842753047822,-25.321087725916733,1
-1689.8409964385792,-1.315238366930365,1
1228.159449786588,8.050765080175903,0
-1615.8405385558726,6.546888176508279,1
4042.1612109954,27.26838771160956,2
1648.1600010321708,15.160515573280597,2
-4357.837686632178,41.93186352810387,1
-688.8419803181896,-14.393214916520822,0
2056.1589872842887,-0.7681759011329925,2
954.1597004233043,8.494246670256002,0
1649.1602757239598,15.38125293088792,2
-3284.8424282104825,-20.210139351847573,1
-939.8412281086204,-4.343542096665795,0
3793.158759249316,-4.6803655791572,2
-3119.840853431553,2.6633727111409407,1
-113.84160104067996,-10.466435460947366,0
-4384.840118188062,9.887332104663836,1
-547.8395426695934,18.59381471139143,0
2764.1592857161886,2.2169048627448,2
890.1588521104422,-3.4519141338205435,0
2485.16048890847,18.209252596080617,2
-4313.842310360516,-18.147330842707017,1
-2363.8425326455617,-21.46435600694613,1
1995.1593475854609,3.307766427534487,2
-2636.8390332870767,24.773223877484533,1
1860.1575303320424,-18.75418545763504,2
-2301.842082228512,-16.318344922256287,1
3666.1586626998032,-5.779471913552952,2
-1660.840882657736,2.417367056329826,1
4301.158559600182,-6.7781407234467785,2
-994.8410673891776,-2.309639006906126,0
-732.8420058603515,-14.389135503953048,0
-4464.842733624333,-24.1765027927906,1
-914.8379941900494,38.53206602800946,0
-2267.84057870775,4.679255966550063,1
820.1608404797153,23.469380708280937,0
-1647.838303472614,33.72160740400361,1
3903.160405800794,17.295039398137483,2
345.1593220801442,2.517377808499868,0
-4535.841199265735,-4.060096961447241,1
-4377.837453472544,45.82912295248177,1
2869.159397955693,3.4268673623995536,2
-2887.8424536348903,-21.242692365585256,1
2106.1587101481277,-1.9030839695785176,2
-1751.8389674665525,25.68789426530436,1
-1277.8418617622228,-13.465382222237814,0
3429.158360200003,-5.2423063651761135,2
1959.157813234429,-16.62424214311406,2
1325.1581044306513,-13.528593184319028,0
1546.1591404883077,3.160073309365222,2
3297.161980956851,37.32839903679901,2
2916.1590152998106,-1.622463223192148,2
4454.159014058707,-0.8043409811237181,2
-3178.8422254408943,-12.683884690063728,1
3943.158466747904,-5.018068287143301,2
2715.160136669874,13.29742088513708,2
2574.1582015461754,-12.601098583039406,2
-2068.842038296687,-15.411472975378846,1
-3046.8397669956903,14.80631681805245,1
-1733.8387582774158,27.72312795505193,1
3225.158598199254,-7.574957875911494,2
-3395.8409519850397,-0.2091611101771837,1
-3609.839000361215,25.791546047261505,1
562.1616848493577,33.58026848841734,0
-2032.8404169584392,6.66307132284911,1
1668.1595739162294,6.394293006221492,2
3735.1586247332734,-3.9455037890940825,2
3473.1587375602103,-1.0073173677987135,2
883.1607836927287,21.505699433471456,0
-2001.8406618623997,2.6787373283373643,1
1328.1584861197623,-8.573332388251568,0
-2804.837615040131,42.803874013888894,1
3443.160316005815,19.053481648353163,2
2988.158514492039,-4.038978709874536,2
-3394.840403627313,11.460910934430744,1
-1194.841360773018,-6.410013843326999,0
-1982.841832061531,-12.220089111492069,1
-1840.8421701203915,-15.468527648612474,1
39.15943545213668,4.545790502729933,0
3498.160092199105,13.200996443188528,2
2584.1619333923445,37.3623637530379,2
4305.157443831733,-22.88651260527836,2
3079.1582994913333,-10.666021943640454,2
3204.158678361564,-5.65577614210792,2
4361.157910952228,-11.083601959863753,2
-941.8415841282113,-5.644350812271947,0
-4342.841224099335,-4.110426453985022,1
-4287.839710728964,15.898522284990229,1
3499.161848891992,36.27808113361293,2
-1397.84119711956,-1.5507451492751685,0
-3743.838544428523,31.78595118255194,1
2554.1576911580632,-14.963914104080317,2
-1991.8416951005347,-10.26262189435597,1
855.1605310424347,19.45843879624846,0
-3381.8419903115137,-10.623940140837094,1
-3287.8427668708027,-21.51601069663774,1
924.1582442804356,-7.770503777114355,0
4263.159818298998,9.240856986518656,2
-3022.841710869223,-8.534991080511606,1
1604.157845557027,-14.670843266933067,2
1082.1582128170412,-12.51549359149082,0
2061.1587152208085,-5.631735994670084,2
-769.8427994720405,-21.853815373620392,0
-2261.839887199516,13.664945391699566,1
1438.159009013616,-1.652003678922143,0
-1251.8385353923077,33.449222149615295,0
-2599.8381926601287,35.7358300387967,1
296.15975958056515,9.443433566540495,0
-1807.8410303420387,-1.286360645661711,1
-1673.8387730906834,28.561696279080827,1
795.1611782517284,27.47878975481955,0
4087.1573547550943,-19.06663178569821,2
1704.1604431084706,17.40286324415341,2
-338.8407121031196,4.407989257136393,0
4412.15796117892,-15.794682613786549,2
3356.1591090945294,-0.6884319647138994,2
551.1620655033039,38.54520091796867,0
682.1583087222534,-3.971643101635306,0
3643.157916505588,-12.078676629959933,2
-1587.8426567657734,-22.4209619534878,1
3760.1575550663983,-16.107275424771004,2
138.15896872925805,-0.5463349789974714,0
-2940.84123038291,-5.241919729170321,1
-1209.839597259881,19.416837217267343,0
-3198.842368628189,-18.218375784578296,1
1017.1586352908053,-2.780551321088785,0
3826.1585813515694,-6.738522976798602,2
2606.1601276817382,13.404811756654736,2
538.1623259276967,42.5083200046607,0
-1287.8399048583815,12.495034710715382,0
-485.8424466714496,-16.689168058582464,0
-3976.838874588604,26.8637481904096,1
-3884.842766213929,-21.470862456583905,1
577.1582807409577,-8.645573247973735,0
3410.158129693591,-12.718105194535518,2
346.1588232374052,-3.502677770121002,0
1867.1590575961743,-0.5611413682565596,2
-273.84162462019594,-5.71578218751734,0
-1278.8420731657534,-15.409885145560295,0
-236.8405889144633,4.532426823692539,0
3463.158608926984,-2.9742851796538883,2
-707.8419426196488,-14.361759973015822,0
-1023.8407857065322,1.6444717339808292,0
-3114.8412534215604,-2.3928053625851904,1
-2762.842321659788,-15.49704928249014,1
3026.1610400805366,25.336128453228937,2
-4381.840186769376,9.864317305544503,1
-4325.838037639449,37.86423432708413,1
1523.1591246685712,4.05059451159989,2
-2084.8410702422843,1.4445990777353028,1
4157.160143263929,13.193398454389165,2
-240.84208508988377,-16.417577923074553,0
-3124.842416321509,-16.51568398586825,1
-1211.841880276741,-13.313664958916874,0
-2210.842578603886,-22.31525566290791,1
-4209.84130255325,-5.200612096861206,1
-3733.8398143426166,13.863628200665906,1
3695.161707537598,34.25397492092406,2
-2906.840925004275,2.470045651892349,1
-1837.8385189893888,31.65976100742652,1
2085.1596109611564,8.254886729764044,2
376.1577783810208,-18.491318214338705,0
-196.84187520953128,-12.449970632640522,0
513.1571860595141,-25.519188219097263,0
1936.160189694434,15.164098297917583,2
4311.158764420252,-4.712661026531148,2
765.1573599640979,-18.7845000605342,0
2177.159086435044,3.1449317953421208,2
1679.1582326220232,-11.519329333099137,2
2537.158668984368,-5.662538436893027,2
3807.159634947137,8.131073786522608,2
-3024.8425153926364,-22.30809992145643,1
2660.1611475654645,26.4080975395842,2
4434.157880669052,-13.123423704572406,2
4395.157558004372,-20.792075610920424,2
1266.1583414314082,-10.58761451109706,0
-4299.838326097932,33.90047269125498,1
-2323.841285803588,-1.6091171550020071,1
1549.1613356916932,29.40441924090405,2
1439.1588565995917,-3.641545609259322,0
-2982.8416534154094,-10.227874301759602,1
-2500.842753940204,-25.265035226983063,1
-1833.8397579470768,15.67205239898317,1
-4256.842013793008,-11.459068052662555,1
-572.8407442614553,2.622518502261279,0
355.1598354454036,9.46218592703944,0
-3815.841084085405,-2.1432422205853063,1
4221.157403992838,-22.8113265256202,2
1458.1605454439996,18.45538951623005,0
1671.1601652871468,14.440619555701518,2
-4060.8415901454864,-7.197768870655029,1
3938.1579363165656,-15.710395508539204,2
-4296.840627049794,3.846824584630101,1
-1223.840690832585,2.633091507872903,0
3105.159515665553,5.377811396772435,2
-1476.8416302942787,-10.360978923485026,1
3257.159261136723,5.062377561258595,2
-3560.8426169778104,-18.54492383371912,1
-1049.8382304703118,36.54500150268482,0
-2714.841684643645,-7.587723059114296,1
-3493.842463890789,-17.40545955454801,1
-275.8408098244108,1.5999325375439586,0
-1487.8389773253584,25.65268950620932,1
3771.159806281794,9.214189427277804,2
4327.158628972189,-3.081496385520856,2
-1276.8409121747827,-0.3646294174444824,0
3106.1596259225626,7.333404720384795,2
852.1592086819,1.3832755704360462,0
1485.159477491863,6.306813684588512,0
2665.1601383409,13.337017892490756,2
-1354.8389560374198,26.55895701424336,0
1220.1602377049276,15.358697015111778,0
233.158145305526,-13.555168571210649,0
-3667.8414127600254,-3.3724770036600225,1
-2742.838544195285,30.784322734464247,1
-317.8416100873728,-10.440475741124246,0
3453.1605347283185,19.25902905071065,2
-4302.839595588797,16.89443577529542,1
-1254.8419362609277,-12.48523436767237,0
-3064.842312466877,-15.48618738816863,1
-1117.8413758050883,-6.369075494905233,0
-4133.838816324715,26.91748497557179,1
-1993.8382765016288,34.67125619494644,1
-1981.841571800644,-5.796575797500133,1
-2783.842701365648,-24.196542044184447,1
-3660.842379659356,-15.404154854272107,1
2732.161361795501,29.298214132046937,2
-1279.8378077318775,40.65055344975847,0
3400.1571845617727,-23.03113917066726,2
2773.161834213359,35.37258969139135,2
-2002.840977239306,-1.243654762037882,1
3243.16001951159,11.311728022743894,2
-2697.841062223364,-2.1754339189508327,1
3195.161242516013,28.233735704638114,2
-3474.8399388155085,12.843288789387492,1
4203.162103502778,39.06283342785503,2
3144.159358585719,3.330323054807927,2
1347.1593591673882,3.452400743870568,0
-3777.8378872449975,39.811663091358646,1
248.15868546254933,-5.436472559133719,0
2116.157933557639,-14.736730397537176,2
4119.159630154376,6.264388165477744,2
1240.15956120583,8.196928096353966,0
-1495.8416679132497,-10.511731014577746,1
1210.1585582239204,-7.65824735902333,0
2303.1604931691545,21.028107768186736,2
2026.1577546191984,-18.774939838869084,2
-3059.8422242642264,-16.38766129535241,1
3682.1574670672417,-21.72699883045458,2
3664.159684872197,7.279264063914345,2
1807.1589534507368,-1.5846222381257655,2
2552.157563047484,-20.701997469773843,2
2566.1619018511265,36.37821267802151,2
-4176.841553975653,-3.632161547282257,1
-4295.840529508889,4.931858046203367,1
1953.1598452429755,11.331922612813123,2
3367.158543332247,-7.725698143995037,2
162.1584749969188,-2.8659931607534466,0
-2556.841748847801,-11.23053780526763,1
3513.15834611177,-7.028229726751911,2
363.158140833024,-13.43250060917272,0
3196.161773362139,35.302351097127286,2
731.1607608660706,21.423227671348805,0
323.1595761295175,5.564419569917753,0
-2043.8401746277812,9.600081423471345,1
4267.157058893819,-24.11827715205532,2
-389.838269205764,34.57591224711484,0
4202.158001276956,-12.068360426324334,2
1721.1574828110752,-20.67749289001966,2
-3174.841172885208,-3.1810743125482714,1
-7.841889365518,-13.418489042982884,0
2735.159255968407,1.2757310963317874,2
-70.84227099752752,-18.387829600572964,0
-4243.842607819766,-23.11729765667104,1
124.15785322606098,-16.45644703775937,0
2733.157306154084,-24.68290637510478,2
-1802.8421333064323,-17.318909141528415,1
-786.8400129418005,11.64442817045432,0
2626.15863484412,-2.931927714530598,2
-1653.842240282218,-18.32369730833532,1
-3643.839137289382,23.82546879117101,1
-1650.8375619862345,43.71751577139543,1
-2291.842528369918,-17.69757757305949,1
-557.8415167353814,-6.512909581954432,0
2349.1589542133734,-1.589664991292385,2
661.1579846052337,-12.805603388241837,0
-3779.842613294779,-23.12681131901668,1
-745.8375038076192,44.6142368918376,0
1047.1580581140588,-10.918583831570835,0
-4248.84005512041,11.8883404990671,1
-2529.8425045539043,-21.2657334630046,1
282.1587449044455,-4.488950014910673,0
3152.160485175962,18.283046986008078,2
-600.8417999598896,-6.824993371307127,0
-366.842505239998,-17.755433592894928,0
-3055.8424697887967,-16.59582080958102,1
-2144.841961690865,-14.384689320103096,1
4436.158129679738,-12.736338140339925,2
3504.158539438038,-4.060786657148594,2
-2373.8399108590093,12.716082585192696,1
-1131.8408009186387,1.561294414034588,0
-3164.8413012929377,-3.358020605472996,1
-1665.8422163742362,-13.660894495100854,1
-4534.8424183046445,-20.139685571332336,1
2836.159280886466,2.3601523064763903,2
-3441.841465865902,-4.516306369549497,1
1449.1608269642456,21.300750817805508,0
-1750.8411569677992,-3.25295273179585,1
28.15711950988043,-25.592059589555497,0
3596.161314638972,29.269227960332984,2
-1942.8404225968989,6.681599823996333,1
-2779.841428443789,-5.338694487403816,1
3324.157219436369,-25.719914375857226,2
-3369.842676113709,-24.21142577702775,1
-277.84237858472625,-17.550907530581295,0
3313.15991755022,14.036897463426415,2
-3148.842095298518,-15.20845328649203,1
1660.1597814525594,9.440977478348575,2
-2240.842940690404,-25.351662246300336,1
-4410.840688473603,5.622277459981907,1
3999.1572845223127,-24.7212084874126,2
-2121.8426478267065,-23.302262746680405,1
3668.159882980981,11.216361991908167,2
-4201.84173798433,-11.12447008555057,1
-1696.8424679894233,-16.711326521283496,1
-3787.838715969061,28.774850725455394,1
-2202.839774284279,15.693161369719858,1
-2060.841512969346,-8.240978890797102,1
-3090.842077214911,-11.473243532972962,1
1057.1575933867134,-15.85015950252046,0
3032.1572534765,-24.608539263991677,2
-2288.840320411022,8.657783066029358,1
130.15797765739262,-14.50433377834604,0
-845.8407009048387,7.131927896267419,0
1755.1578605450925,-16.64777357053456,2
2164.1593968921225,3.423152742647771,2
1972.160425002396,17.369726640888025,2
990.1615267542074,31.48387488357794,0
68.15725303679937,-24.40784220175397,0
2821.1594500922947,4.371865188894251,2
-4122.8398116508615,15.795582808072778,1
-2631.8412456031656,-1.4517024124019189,1
-3247.83767149545,42.799619625417925,1
-2907.841980831523,-10.63648198451213,1
-1292.8405374618596,5.533045739501851,0
4372.15751895681,-20.871846501979867,2
-2507.8415492758504,-8.356129054072705,1
-516.841444850259,-6.419631889696452,0
4072.1588195134536,-0.9633176105327728,2
-1153.8404293839703,6.607652655163056,0
2388.159564007423,6.391825815345612,2
-119.84291282482444,-23.803757954797085,0
3555.157883993641,-12.946332352094071,2
-1432.842108603858,-12.692595634017795,1
-997.8410424889298,-2.425322639767149,0
-3904.837809191493,40.863686799097344,1
4274.157598891237,-20.819834625636933,2
-2479.838909497485,25.727763516892573,1
2923.160783729516,24.17042994765461,2
455.15783920750255,-13.815041335965864,0
543.1577395469067,-17.47229408193418,0
-2193.8415017378866,-7.26902403545835,1
3676.157207300537,-25.742565673716705,2
-1886.842177626328,-13.61498350195786,1
-1474.8410545854713,2.352171077777537,1
2769.15723673685,-24.81849590964337,2
42.15834127971903,-10.45565183351676,0
-3430.839767673984,21.325926887994637,1
-4183.842399101763,-17.249727816928925,1
3830.15787799831,-13.9042616292273,2
45.158295289904345,-10.512631807621784,0
385.157908281486,-16.38656090747554,0
3749.160719223903,21.286921992173305,2
1414.1616396725876,33.3646019387263,0
403.1573497801437,-23.490890620201498,0
1925.1576943571563,-16.8780480808801,2
141.15966307389317,7.515462269737785,0
-4149.843256173073,-25.644864926012914,1
2499.160374286352,19.137193025027607,2
3587.15853851178,-7.720735028326314,2
-1836.840910995379,-0.315947404994386,1
-4466.840643623145,2.9053411367820114,1
3374.1596578723984,7.2833404194855,2
-3514.840902263706,-0.0954746293604822,1
4449.159062794235,-0.7305903184719549,2
-399.841395869269,-6.359650713773871,0
2586.160585256701,19.293411436805545,2
-1543.8415137781412,-6.473716578735093,1
-2634.840453840676,9.456545237942532,1
172.15763588872505,-17.80679243051575,0
4154.158840103017,-3.70229186429146,2
2462.158960302884,-2.5934380837279525,2
829.1607097855303,22.42603414442779,0
361.1586805791012,-6.524009232996308,0
-1272.841021254833,-1.3882063791172057,0
366.1586428230512,-5.494826235003415,0
-3215.84016597335,9.797920273862564,1
2938.1581537304446,-10.797257272900785,2
-1070.842735236918,-24.372629306863764,0
4038.1596226256806,6.139098526935952,2
3727.15778064722,-17.703757157824704,2
-1856.8426572401656,-23.314010269481237,1
-3948.8401213313336,9.853240088719971,1
-4134.841060081497,-2.054070348288,1
2671.1594935348257,4.32171295187708,2
1542.1600935526076,12.436237901480968,2
3588.160762530169,22.26178805462433,2
3437.1582070297445,-8.972280890132343,2
-221.84036787995137,6.629508126016688,0
-2364.8404224650585,7.600752892208785,1
3130.157813540718,-14.025694572816011,2
1113.1580867066514,-13.619770750424951,0
949.1592369182036,6.15953227532782,0
1799.15730015171,-24.60460748834663,2
-1478.8425005699974,-21.33282890983373,1
-3980.8418414072366,-8.440172573562403,1
2638.159385616018,3.3480471352320933,2
-3089.84220392874,-11.73211520765505,1
-1566.8420561053208,-10.704120417157624,1
4026.157936246542,-15.773871472580318,2
-3852.840365195996,6.749411298825825,1
-2146.84021755337,9.715325539452204,1
1067.159497549117,5.4372739847942935,0
4291.161239107489,28.21495260970974,2
813.1603906874079,16.518727915838817,0
3458.159265040478,4.1569705953021305,2
-1814.84175390302,-11.364047795486336,1
-2358.840544466686,4.7026657466683925,1
4340.158314410306,-10.677284763475631,2
-1110.8424459830858,-17.55081780199052,0
-2426.8413055803394,-5.331371266090663,1
2830.160035140754,12.339897910775443,2
-3007.840867926425,-0.2261917794545533,1
-1199.8402986081785,7.630533707924515,0
1835.159103957936,3.180886831553618,2
-642.8420967518468,-15.471291790384347,0
2739.157322084182,-23.640484955817627,2
-1095.8413010618533,-5.358748129234451,0
-4491.839859552099,13.874587928650422,1
188.15795309550597,-15.41259464899442,0
-2114.841269144439,-4.263691333557851,1
3136.162545725936,45.2847956627258,2
889.1620009926846,37.55037530630237,0
234.1583131083753,-10.585294140252609,0
1108.158083203074,-11.669489622820487,0
3234.1588884400558,-2.684686659732193,2
1503.1587464511397,-0.9257831806858592,0
3434.1606475100853,23.981260323886453,2
-3245.840065889235,14.523615809029218,1
2987.1596747815493,7.283134461905734,2
-1238.840629017388,3.671066795917385,0
-589.8404520914191,11.120744057245664,0
1605.158414376434,-4.8566051778473245,2
607.1583428930026,-10.59767855425646,0
-1355.8398469811073,18.333117413845827,0
429.1597178772208,7.544688340431005,0
-3139.842264516512,-14.517234660119067,1
-2195.8407156991307,4.590035558086182,1
-37.8413897221908,-2.946459859285686,0
2203.158675850136,-1.9697206209779765,2
4428.157356510055,-23.75643767064208,2
953.160359980422,16.45696516908032,0
3805.161262530484,28.271349860570357,2
-1502.8425818446558,-18.635793702053554,1
-367.8398904512287,13.52869416662884,0
-1345.8414216227247,-3.6896325029169463,0
-2008.8418564781316,-8.598500066823158,1
575.1581516038277,-12.439324528198282,0
-3423.838258888165,34.82148483305529,1
-1390.841430420638,-2.645901820105922,0
591.1601447130088,13.441902919898276,0
179.15864517807495,-2.7559608101060133,0
2787.159467972,5.318553895390648,2
-3539.841159929987,-3.1621350473747984,1
3595.162572693604,45.28567356448367,2
741.160456260317,17.532887936349518,0
-1421.841369063477,-5.393236963119655,0
-3517.839950222464,14.558813730485534,1
3802.1593117081793,2.2405037921161632,2
3113.1585636694217,-4.845645477660996,2
-2553.8397928401246,14.716182709843688,1
-2435.841588658688,-5.500989067213784,1
-2354.842048636463,-15.24299780143046,1
-2065.841780980758,-8.535776542403001,1
-4235.838864128164,26.87574595200053,1
-2403.841997636482,-13.45452534914932,1
-1157.839374064701,19.64741715688656,0
805.1577670368715,-16.58104221670738,0
-3456.8409465659643,-0.1964318505292492,1
-2792.838901401032,25.702898661806387,1
-202.83867942763027,28.653030373925876,0
-4199.842163855559,-17.085653099175033,1
937.1594622781269,9.155430393699415,0
182.15950581693323,5.510603458172716,0
370.15793853637297,-15.605793906786076,0
3900.1597378177103,8.213138542471995,2
3358.1584037509747,-6.028756070735101,2
-859.8424001856474,-16.600966202411634,0
3171.157041153172,-25.942583765342484,2
-337.8397343773977,15.548343563700746,0
-198.8424919109675,-21.518055959935364,0
-987.841735960974,-11.460964938873362,0
1068.158465722634,-8.470689813026553,0
3916.159482619958,7.043717134917193,2
1740.1572206292767,-21.95450831442204,2
-624.8417816231376,-11.425320230613504,0
-351.8417057193001,-7.6272265030569715,0
3333.158234788163,-11.6934960258516,2
1320.15723152773,-25.569516217522555,0
-3384.8419323740527,-12.298142975191888,1
1294.1598409427097,9.305455091668849,0
1336.1587119855683,-1.870804362673,0
-436.8421862494433,-13.703044964924633,0
-2236.842727179406,-24.30926602233964,1
2661.15928115556,2.3062599933540486,2
-1054.840344784781,7.637107145513568,0
1260.158236807445,-11.77685633163113,0
1865.1591037439648,2.198491194422248,2
750.1590986161027,1.4409446689076155,0
4287.159595792764,6.242954527600521,2
2598.1585341431783,-7.665548630342112,2
-3451.8414595334907,-3.4457959656909933,1
-2582.8409124634927,-0.4485468518423134,1
-3969.8429774222896,-24.514157768501143,1
-1980.8411610428595,-1.4943744664221974,1
708.1580165093765,-14.52530195671659,0
-1926.8417016409803,-6.588753687185099,1
-1570.8418388976131,-5.820164004935056,1
2651.161838566477,35.37191998077979,2
-837.842325670761,-18.556616923282327,0
-135.84194359148387,-14.540880446463612,0
-2935.841648925096,-10.185402125440216,1
-4086.842228377005,-17.20190936328651,1
3932.158343475487,-6.045574006052868,2
-1398.8396946005523,16.577654813495315,0
1370.1583604695045,-10.6471707619489,0
-2347.838782295876,27.72844586666112,1
-2251.839621249179,16.741338061451046,1
2211.158190309652,-12.536695707134086,2
-658.8424911647453,-17.639597496738233,0
-4530.841013251978,-1.0557533821193568,1
7.157968392013572,-8.89585344614406,0
-226.8426647758461,-23.43969266844663,0
1646.1576039913343,-18.786473972416218,2
-3325.842393312836,-20.210809506160984,1
-808.8401539669139,9.57841279301965,0
4249.158426649519,-8.784216498407403,2
-1621.8397984363255,16.488072072781243,1
-2679.837627276953,42.81389145991992,1
3087.157170218823,-25.73114774589129,2
-580.8412762511289,-5.3502442424593815,0
2178.1584687171853,-4.929765379753933,2
-2279.84076182358,1.74522277054443,1
-2162.8420152938925,-15.282488364937135,1
-4007.839194514323,21.92337682528727,1
4255.158884230885,-2.7170525582058644,2
-648.8405424944358,4.612042258362536,0
934.1594998565852,8.186583619163468,0
-4445.841843707894,-13.124994755471288,1
-980.8383472242276,33.65046203607122,0
-3386.8415232173866,-6.275839005415922,1
-1739.8392007701914,21.65511713131926,1
3425.160419994849,17.31847218126856,2
402.1582305458724,-11.65827135105346,0
2808.159522804199,5.287090034680267,2
2675.1572547505493,-24.686059959862057,2
-1219.840423717338,6.626786267141231,0
-3107.841765098623,-12.307744907446246,1
4303.158993053134,1.0416082822332218,2
4206.162046028476,38.24906188321776,2
-3385.8415372630698,-4.524272902625013,1
-282.8426554944017,-23.48690852127227,0
3250.1622772777337,41.22418179864682,2
678.1595130935893,5.528996040654047,0
-4175.838472762378,32.821135936258635,1
632.1586339608184,-6.477797888708142,0
584.1605115194689,18.501462162962568,0
-2485.842420220258,-20.416983848979022,1
-2764.841691032285,-10.194987316195023,1
1499.1598273679265,9.45645017864969,0
-3459.842223997577,-15.333787550516316,1
2219.162389466015,43.34531236913631,2
-1824.8408670881763,1.6578648375606502,1
2777.157411533699,-22.727285128499418,2
2024.1596725231504,7.410068591381393,2
2687.1583058959222,-7.053658192908443,2
-1122.8404954113066,5.594940386392322,0
-3505.839253152604,22.68307307182589,1
-3317.8410160299973,-1.200060851432467,1
-3685.840773507778,1.8386115482515084,1
-3471.840654875501,3.832718517852074,1
1026.158410576114,-5.794061683116494,0
4217.159432979184,7.040132953508415,2
416.1582481356454,-11.416787361665572,0
4264.158845282567,0.9294084881471552,2
3547.158270811022,-11.719257825527125,2
2141.1602365795407,15.377711892959685,2
225.16049701871816,18.483280203055884,0
3186.160915853863,23.338110196268524,2
4296.161291691416,29.21152741260449,2
2898.1622696976992,41.30378695837427,2
4362.1588190046605,-3.7225209658412473,2
1978.158623421332,-2.91591743833035,2
-2449.840680762718,2.685388446592885,1
3883.1584387610783,-6.000862523039052,2
862.1599463784951,11.431981564902816,0
1929.158711344469,-0.9300027559125984,2
1670.1594103211537,4.367413040830567,2
3790.162506448163,44.25996993132815,2
-388.8391966439085,22.589504347205867,0
3781.161332575663,29.25002355642468,2
2682.159175770881,5.032543602150138,2
-3574.840545318555,4.848584571728194,1
1667.1587992658606,-4.593531459557445,2
-3266.840378947032,8.701304168819055,1
-303.842214598204,-13.654119084586636,0
2095.160309656116,17.299490697505647,2
-1464.8416044568876,-10.40474078776132,1
1714.160933561274,24.43546805638196,2
-2799.8405673937523,4.792534967647949,1
4062.1588184995344,-4.75415377463241,2
2526.158553771442,-7.599624048224822,2
4102.161557369109,32.22674962359592,2
-855.8390406739782,25.54853669855438,0
-1788.8381938605453,35.711472276219034,1
-4458.841499897884,-4.383888911034784,1
-2123.8424066774896,-20.301674689961857,1
1380.161189166247,27.377254816066237,0
-74.84052767133107,4.614173911799838,0
304.15858630120056,-6.489033027563524,0
-4068.8406952510704,2.8891800575015942,1
154.15774984291056,-18.564849506724467,0
-3400.842160950124,-17.18417453326122,1
1707.157362912083,-20.7940968340278,2
4090.162113218103,40.200836107749424,2
1639.160147242481,13.501113276047583,2
2436.1586625751806,-4.733666285593602,2
-1097.8387943177368,27.65123597008545,0
2746.159409516549,4.253185356140632,2
1053.1585157900115,-4.756044914215263,0
-213.8396458553616,16.474920561250507,0
-1454.841433475318,-0.8432970261657777,1
-63.84070220525609,2.5562091642005385,0
-3740.8394995892886,18.87164112604046,1
3143.1601290123654,13.3205425068773,2
984.158048234298,-14.52556528770845,0
1742.1601380521315,16.088829229986587,2
2685.159946934553,14.135069547324417,2
608.1597997244098,8.5084753794859,0
-3037.842171084252,-13.553485891675946,1
2535.159752500651,8.338885585074317,2
1991.1581841711304,-12.489767151263756,2
4007.160429703305,18.155093616578327,2
-2592.841274632723,-5.319520658223084,1
652.1602423082222,16.387237937527125,0
-2077.8406175980344,3.560575800172572,1
-3668.8402887753327,9.751406914888609,1
2659.1612226744182,27.406500119117556,2
-4500.841104276362,1.5251685238554007,1
-245.8400603943737,14.291875077285416,0
-3913.8413150696433,-5.146470502622334,1
3898.159486117656,5.209785182748176,2
-1972.8388754890768,26.723793110967375,1
-2708.840249556873,8.784550811417168,1
371.1614969310467,31.55793338259961,0
4014.159293886856,4.0445096010073165,2
-771.8403649567626,7.562133231615055,0
-4139.83952188713,18.885768039198645,1
3263.159128138679,-0.7734321160598325,2
-2385.8417452023714,-11.25197462838484,1
2221.1587527744123,-0.9227643312050438,2
1265.1583071721252,-8.754101872732413,0
1382.1609969463316,24.447890842598987,0
751.1585714041139,-7.520092595135316,0
3888.159386412532,3.2857715647517303,2
-1697.8417167273583,-6.6256886914223925,1
-4141.84264506615,-23.16480976669824,1
298.1587634924217,-3.474584899275122,0
-2875.841149054875,-3.254199752134517,1
3223.157772152277,-17.651770322338926,2
692.1601204632898,12.581512866643244,0
189.15844546246808,-8.412875721633966,0
2625.160040274146,12.331736265964777,2
2159.1593647048576,3.3534463186301746,2
916.1625293083488,44.493519891017264,0
-4425.841809605947,-12.17239793522084,1
2663.159634676238,6.368358151060466,2
-2417.840854342561,-0.2318947010583114,1
-1308.842800979386,-25.382104122463048,0
2167.162466692156,44.39840058245794,2
2222.159095037321,1.2611952039998044,2
2804.157957059506,-15.592325123644128,2
-1692.8398800629077,13.715230576965263,1
-4077.837723486009,41.862368845642784,1
-3095.84149555146,-8.116347121570996,1
-2349.84111093753,-3.283918520976087,1
2411.158437104372,-5.810847997445395,2
3280.1569800598663,-25.90703618112285,2
-650.8421478686505,-12.670770695954833,0
-841.8406920891721,4.479487351720042,0
1181.1581852181698,-12.503990283311731,0
3605.1593021154986,2.203115141050393,2
-2329.841821544396,-12.247502218243085,1
-1828.8418852203176,-12.507649921665347,1
-2311.841910785879,-11.396129290850656,1
-3467.8380395105924,37.76498960172405,1
1479.1608159660827,22.444698265863416,0
-1328.8426042952342,-21.43380323427846,0
3525.159691241104,7.347592405010134,2
-961.8416634939496,-10.452918683585636,0
-3177.842358708149,-14.54918664721675,1
3127.158641225309,-2.922482911783801,2
-4481.842795565142,-25.136027445904176,1
-3445.840639997681,4.757420622716058,1
1496.1617385009304,34.455094164577595,0
2710.159302075568,2.414199097275405,2
3576.1597045965027,9.120181655797714,2
3539.1592667874647,3.2341934429591106,2
-496.84134647320025,-3.579409429913759,0
1037.1575505698563,-16.88469196932862,0
1213.1581748284516,-12.562708790386765,0
-3720.840652268147,3.836891576373395,1
3288.1590733703924,-0.6251584990883776,2
-4198.838075394684,37.85984414105798,1
515.1605013226508,18.456056752125235,0
3455.159668832086,7.332912208664942,2
-3249.84133850236,-1.4986182624499884,1
2009.15832989238,-10.594253278604471,2
726.1602781740366,15.528210711064142,0
2119.1582686820184,-7.8637008839300915,2
826.1599322633701,11.42966369379952,0
-2566.8397398037487,15.706684073598955,1
1036.15873128979,-4.542438275898002,0
4242.1587664861,-4.794229745942168,2
3608.1582413649294,-11.648788837069594,2
-4016.841655053664,-8.306727257918233,1
2882.158858347626,-3.641108551904801,2
3314.1603333221283,16.28229680351152,2
4190.158265960636,-7.1297870822980665,2
-292.8415300854831,-8.350824416651934,0
1259.1578492273693,-16.51247055761012,0
-636.8423474604497,-15.687250716687783,0
-4501.83776416583,41.83160398784406,1
3254.1617417613743,34.31447857091881,2
-3599.84053004859,7.603493561308168,1
4386.158361786918,-10.900652216412883,2
-3133.8419377945247,-14.140658927060676,1
3549.158035690838,-14.704077743595017,2
1505.1613547126765,29.45419281267217,0
-869.8419557623565,-10.787457923994062,0
-4009.8423871328714,-20.11419066840162,1
2709.160075755324,12.432142928598076,2
3336.160715689592,21.287309467609177,2
-1896.841480557283,-2.668361804852603,1
-1680.8398249475867,14.67483526889391,1
4363.159438636794,4.2676359971385125,2
-3481.841778370319,-7.6015683018936,1
4224.158162878186,-8.099140767864004,2
-1134.8425775229116,-20.502488423605072,0
-603.8392654809286,24.3398920209238,0
-180.84225456573768,-16.55551700260591,0
-2538.840904865996,-1.1228532273241072,1
-4526.841937635734,-14.045927071673995,1
-3553.8418502607965,-12.18701073815409,1
-3981.8411466790712,1.499738562765863,1
2455.158676514984,-1.8858483909507069,2
1080.159957656928,11.504125584220551,0
2240.1587799971458,-0.9157440542897142,2
3057.158065998752,-13.648353897527358,2
3804.158024035511,-11.885662232610752,2
867.1575248716981,-16.899989624549093,0
-1038.841692400165,-10.303290281218509,0
1845.1581591712893,-12.712710380560274,2
242.15818455448607,-12.420674711149587,0
-2605.841803738149,-7.586177293270143,1
2603.1611178644234,26.412588770205723,2
-3013.840209102724,8.755205753750309,1
-453.8423725826433,-15.751164330462077,0
1590.1586699350155,-1.97746376371424,2
-2074.8403434144566,8.582275321642085,1
2810.1580249686376,-14.697919118138536,2
-1941.8395542643848,17.67736319958881,1
2048.1586937026004,-4.661855086874025,2
-4389.838510472153,30.94554711450148,1
-3890.8406900015534,3.814355827081174,1
372.15834534639725,-5.759702068362131,0
-1569.8411504921387,-3.369621539747282,1
-20.84051259473199,4.6303333812577865,0
4426.158828895539,-3.7366488233173953,2
-840.8394749285071,19.572575151394368,0
-4338.839784168231,14.855721608979865,1
92.1596545437933,7.52093440632323,0
-126.84152229764732,-5.670162135237836,0
2007.157596042438,-17.99399865512288,2
-1203.839672723785,16.608817632023758,0
3990.159572038043,7.149071122290891,2
2529.1577221205225,-18.564730236603275,2
1691.158831190725,-0.7972813425874561,2
-3152.8387016213965,29.74979357932046,1
1065.160825976287,22.44705008091036,0
178.15985465748236,9.600291479586192,0
-1405.8425800259574,-22.376359346570183,0
-1663.8408625762097,1.4887019560373744,1
1073.1584538811585,-8.633529726104184,0
-3876.841090395989,-3.1141041780527106,1
-3306.8413236909546,-3.3328161695790133,1
-2473.8403968974017,6.802627243322085,1
-110.8411274914979,-0.774481768973871,0
-220.84047052590176,5.552591600766967,0
2199.158605743374,-6.576563934958407,2
-71.8414456055034,-3.68503012773615,0
2728.1588886592654,-2.6916429687660672,2
-314.8422804872971,-18.449893261136392,0
2128.158280657546,-11.596942395720848,2
4254.158781365724,-4.833271399933675,2
2005.1586379159123,-5.727861388105174,2
4256.15770049725,-18.79334295633855,2
-2669.839552488178,17.802831203171344,1
399.1578504938516,-12.76375192010241,0
-2710.838820531266,28.70330688389511,1
2188.1603532835143,16.35597307395596,2
3618.157311683637,-18.17083265455871,2
-4516.8402809627005,7.82819415370802,1
959.159952894086,11.507707185697774,0
684.1586962981382,-4.54476393977473,0
-3446.841055650206,-1.1792405475625696,1
-3230.839685425337,16.615681384077725,1
532.1585402417113,-7.405614411199958,0
-4450.842234326818,-17.979854918323532,1
2280.1577090960927,-18.623957345789563,2
-2022.842131495592,-14.579952157076864,1
485.15791031718254,-16.50208388915226,0
-3931.840273704729,8.886553888891639,1
-4043.8410423872992,-2.110035621642134,1
912.1578735152724,-12.862331943179733,0
-1255.8407316275989,1.6693008148016908,0
2737.1582737907884,-11.657123646090406,2
-3398.8400112470263,11.82851842792036,1
120.1579341290053,-15.47187020740004,0
942.16090413637,26.277245719208,0
-2495.8379667853005,38.76613878894919,1
709.157733769156,-17.683315574185883,0
3160.1574913875666,-21.705078264080196,2
2543.1594709323253,4.393498575507003,2
1685.159454607172,4.446454685892478,2
3956.158224206301,-11.798901175434096,2
204.15807761700125,-14.496867521503788,0
2348.158217441989,-8.88471503902184,2
2628.158805652638,-4.625778154925718,2
753.1576978968806,-17.567712429140627,0
3121.1573282150785,-23.721946242314136,2
3524.158497739467,-8.621030075426022,2
-2207.842866005958,-25.4232180234314,1
930.1600507886031,12.51904596187726,0
4380.158503490209,-6.819884074272572,2
4131.157588225789,-20.764109825034797,2
-3833.840286123392,8.847500142967105,1
3465.1592623493634,1.2616171941712526,2
1738.1571923916345,-23.82130539538276,2
4198.157308813883,-23.95651320669433,2
-3231.8395141509245,17.658596524978286,1
-1528.8424126344034,-20.32123721342627,1
-3391.842544550309,-18.43684958221187,1
3094.1574151993264,-22.788410560189888,2
-946.8396845434908,15.539237074090456,0
1826.1586275658335,-6.601322769126785,2
1502.1613033841131,28.47257699197199,0
-3588.840386766533,6.903925764777613,1
1188.1573972961633,-23.667055907477955,0
-1216.8417207254097,-11.305351218440766,0
594.1585528773139,-7.4385741241007075,0
118.15803967381362,-14.345933015737463,0
2703.160755818244,22.308978975839462,2
1040.1584470672533,-4.821570093994943,0
-4413.839679379656,16.85251899883783,1
-2027.8391659767367,26.416147265555125,1
-1334.8428047004272,-25.33320511327694,0
447.15833433746593,-10.40938005503073,0
-1098.8401732010534,9.66495829624021,0
4067.157522128604,-17.06294657885649,2
-3118.8421205210616,-16.148585811456588,1
-3147.8415119924466,-6.298480384636206,1
566.1589786675759,-1.507133840101086,0
1185.1581554826116,-11.76308073019207,0
271.1576807880774,-15.659540838583354,0
-2005.841814708256,-12.315539044469023,1
-4268.841523230949,-8.051429166846793,1
-596.8419489823864,-10.630538458036622,0
-2502.8415857072687,-3.714353057530616,1
2180.157707034319,-18.623147798345546,2
-3406.839142650948,23.79216760332728,1
2553.160221751663,18.052418522076245,2
-318.8425462025916,-22.397301229051244,0
-2174.8421256631264,-16.28383683190645,1
-1580.841425783583,-7.32955272659428,1
4032.159860396001,9.248793748373991,2
-1637.841896740545,-13.345199845954992,1
4280.159510952537,8.916874876583806,2
2477.1582679050043,-10.691712949763025,2
3461.159841924382,9.294829006471495,2
3877.157710825792,-15.0686481647549,2
-930.842328194878,-15.85835474590646,0
4437.159313952492,3.237179918242452,2
-3255.8414582821424,-8.231778310502651,1
3396.1622981865657,43.19359372642882,2
302.1600634935894,12.514246107997709,0
-2316.8421204232145,-17.34680702168037,1
-4395.838537261123,31.82937490389056,1
3975.1607152965735,22.139669707018925,2
772.1599791231565,11.532025572120553,0
-2509.841195035435,-4.251289205836418,1
-410.8398851961829,17.258243730441727,0
-1039.841218088288,-3.493704880127704,0
1709.159110602166,-0.5215430272466337,2
-1445.839921250532,13.654209157359707,1
-1874.841385627631,-6.280912785158107,1
142.15887845138786,-2.459752673228825,0
236.1609610214946,24.54246053615833,0
3061.158722393855,-1.0535964009054777,2
1160.157422789605,-22.628679195078902,0
1207.158705489419,-5.582298269392374,0
2893.160482009116,18.27057093625793,2
-894.8417389062815,-11.371018500743483,0
-4471.842753423378,-25.12253902745163,1
-2171.841532880615,-8.238753136818147,1
1199.1578421144511,-15.644752724737788,0
2041.1577071395004,-18.628411389463245,2
456.15788535919273,-14.676671504627816,0
524.1588275544345,-3.50347873092963,0
-186.8427767229732,-25.39907800691952,0
-1012.841193717788,-4.334339750748248,0
-2930.8404349592747,5.663071522921783,1
-2765.841931154777,-10.436677452419582,1
650.158385263232,-5.746786273418161,0
140.1622488332796,41.55891183676716,0
2680.1593911185046,7.035675710790853,2
-2520.842218940088,-17.32716919673115,1
-2192.84154825582,-8.274111020175983,1
-2341.841676868731,-10.337235790089029,1
1630.158937033615,-2.4810845151399024,2
-637.8410708461888,-2.4372124781941578,0
-2975.8383078207844,33.75915892841478,1
-3540.841003369016,-2.105559050869928,1
-362.84085826645605,2.4264540756031767,0
2649.160537403077,19.258267022143947,2
3907.1582995243953,-7.0159540654017984,2
2290.1579062208184,-15.666615191482292,2
592.1578948845272,-15.504833373768488,0
2357.159184701508,4.144342449096538,2
817.1583290536655,-7.67645464028462,0
2046.1595619729487,6.302440680475151,2
-3125.8420623321435,-11.55289476450498,1
-2557.840320393152,11.380823935722946,1
1803.159066121676,-0.4986164733717482,2
-3135.8419959897874,-11.451726033200254,1
-1759.8379910690128,38.66674425492051,1
1756.1599483970786,11.337971542069504,2
3750.1583092296496,-10.752153167396962,2
838.1602102251491,14.537708537789646,0
-1338.8420244665467,-11.633870607525694,0
-4341.840490104398,4.866325019864611,1
2597.160472466436,18.295869751846872,2
163.15824642253574,-4.944038077227427,0
-3296.840630420309,3.83929400208123,1
2309.1582336997963,-8.853623286966915,2
-1996.8382142398625,34.66911386853459,1
-2420.8409735678,-1.3193176172044758,1
3885.158559491392,-6.766417000460812,2
4438.1590585049125,-0.7118961305284772,2
3763.1594247154426,4.189082950084595,2
-281.8424668771331,-21.449998731389144,0
-3291.8418216162245,-12.326348623966757,1
603.1596589907422,7.547412229431639,0
590.160173813696,14.507799869136417,0
-2576.840383623203,6.7376959580810265,1
4083.161181912816,27.23657773865317,2
-2943.8407448767102,5.358872219816506,1
3115.159666651394,9.194305933967716,2
-2434.841832518694,-12.250507360375329,1
2330.157117198396,-23.09391207672733,2
4174.160443631175,17.269546407946734,2
-1022.84156981454,-8.366840145500941,0
2212.1594282253063,3.4068423811075714,2
-3760.841278761276,-5.118519152788176,1
1879.158749954775,-4.582345313992152,2
-4412.840054909582,11.860812936625043,1
-2384.8426935318275,-24.232146054271997,1
-2750.8384107307647,32.76037013250364,1
-332.8406407526345,7.271547037551642,0
550.1585711777443,-4.6555387347380055,0
-693.8424601667793,-21.410344660651973,0
-675.8418816794874,-13.32723045369102,0
-474.8419571678387,-8.974283855834338,0
-1283.842002017191,-8.858883139267352,0
-3490.841916643956,-8.638180652649968,1
1873.1582791997932,-7.802965731170951,2
-1428.8427545913146,-25.384722802074577,0
-3659.838518315752,31.78375641807672,1
-1883.8408271076623,2.6104323601976613,1
-4088.839027064853,24.8788800984007,1
-4100.83912563388,23.86688065152711,1
-3713.840387214848,6.81137150628126,1
-439.8417569429148,-11.47178839255286,0
-2475.842563834449,-22.349765767385197,1
4250.159106276871,3.802717632075384,2
-274.84167725086445,-6.671875584374938,0
-4238.841062583553,-2.072993698944731,1
-4536.839364347747,19.85552435683844,1
-3704.841339234437,-1.4536565491845623,1
-2481.8404599015485,5.64123243598554,1
1767.1576096531353,-20.626878553380177,2
1793.1581890885718,-12.551959925744708,2
1009.158850652515,1.1324110643240246,0
-3128.842549556808,-22.17233312347983,1
1224.160016150272,11.435838827526302,0
-778.8422805800219,-17.39570351443735,0
-2013.8421646659265,-16.33652171633721,1
-3312.8414620225085,-2.639600823933693,1
-3783.842036135669,-15.071011363352596,1
3667.1593520587776,3.261163835888162,2
2864.161270714947,28.32591721269633,2
-756.8423937925254,-20.38915690023643,0
2140.1593990150723,4.343779409087311,2
-2026.841955892276,-10.534303457404118,1
-3408.839009599178,28.510136237996427,1
1785.1607783579966,22.36683715260542,2
-1572.8416144449147,-10.364039224095572,1
1488.161094180192,26.437036466770408,0
-3591.841796134191,-8.386351320743065,1
3119.158636495704,-5.663511395797802,2
-4117.840335722314,7.82068822246395,1
2950.1609075766173,23.295739937481294,2
2394.1591654124786,2.2713137790099704,2
2155.159394881513,3.4313594297747194,2
-1704.8400498798585,11.650824241566925,1
-2184.840627522557,7.403880027729894,1
-1545.8406211372348,3.7515849931762766,1
-252.84211043582764,-12.68551778789173,0
681.1581499842578,-13.626458215666512,0
422.1578356731334,-17.514024692738793,0
-4427.839586264221,16.894679819134083,1
-2255.8427177198464,-24.293636033764564,1
-1140.8396744948695,16.60333802216619,0
-1965.842233044328,-18.234962095435943,1
3201.158294807537,-7.867589866321733,2
2302.1597509196145,8.298244339895978,2
-1740.8378909094608,39.67836179492153,1
2017.1600768539936,12.329085333278682,2
1524.1594044106896,3.462114144520536,2
-4348.841167027014,-3.090371155339848,1
2783.160947688215,23.340287365698224,2
1027.158924416755,-2.53791181591863,0
-935.841119908786,-3.4284959746319243,0
3879.157968024083,-14.767868027642107,2
-1437.8414746872731,-2.6983993995789035,1
-944.8403863402782,6.596722863584683,0
-3875.8419362203567,-10.571987450443682,1
3067.1594742606976,4.290776359671593,2
-3437.841677332355,-6.425432411681997,1
-2139.8413944400963,-6.239030508174936,1
1955.1585813344573,-7.520743744419247,2
-3636.839405634673,19.794403901289986,1
3166.157476720691,-21.72939335128896,2
230.1588181803236,-2.550043935779378,0
-3192.841463917808,-1.6303508496259864,1
-2170.842195446836,-17.327441518802978,1
1830.158466358378,-8.556313838791198,2
-1854.839678645716,17.580348137197397,1
-1538.8429111211444,-25.500168183299763,1
4165.159650653717,6.161780387772684,2
2004.159340523824,7.101496913759192,2
700.1607304797508,21.520538002326944,0
-69.84220332448604,-17.42241098737302,0
3961.159603923559,6.327307930364345,2
958.1615389300276,31.51786584451134,0
2029.1597716977703,8.389251293175244,2
-4252.841920951905,-12.22297806288742,1
-1644.841664923355,-10.303001028242113,1
451.16013651137473,13.500495406548817,0
-1730.8391224248337,23.67213271353898,1
-1610.8418411485036,-13.318886512737471,1
1724.1575671572357,-20.64921200243504,2
3417.1604902529507,18.302785459060253,2
-4223.83891432971,26.84981635681808,1
-4167.841398403805,-5.296701358567916,1
-2294.8421034010244,-11.76560674087706,1
-307.8420183499111,-15.450862557052917,0
-2594.8410195009783,-1.254346010902205,1
-2716.842129013617,-17.256755646826477,1
1174.1580823920085,-13.563131192841574,0
3641.157785646501,-13.988450139156823,2
3120.157276879181,-24.70371548074133,2
534.1578701889957,-12.732216673697804,0
-4365.83745974768,44.92810176247839,1
2214.1588695875835,-3.65014711356978,2
3092.1571254780283,-22.95222756726936,2
-237.84133842389565,-5.450108222685584,0
-2838.8416220477666,-7.415307198875593,1
3424.1593512130203,3.3405944905908225,2
1856.158089886303,-13.628630409924632,2
1753.1581582413055,-8.964911756088767,2
1642.1601726250956,14.409620603807683,2
-3735.8402042930247,8.816846201898086,1
-2462.840665975469,2.70044039819523,1
1390.159244049457,1.3930704309197637,0
-1693.8419627776602,-8.697808595461982,1
-2218.838749144925,27.774638421524003,1
-524.8414318007999,-7.414912325602512,0
811.1598132479703,9.50799016641898,0
967.1598121133866,9.414889518767,0
2127.1578131534625,-12.882607218497345,2
3612.1608014962985,22.293682745546995,2
3600.1583008738235,-6.990296021872591,2
4282.159367785498,3.1829791257807347,2
1465.160818246426,22.41904598817616,0
-3295.842265901505,-18.181107535708016,1
2403.1577493487857,-14.042955187622711,2
-1571.8407957198217,1.6354322319684125,1
-2325.841681069287,-10.467314045751356,1
-2929.841336624464,-6.208283480585094,1
-228.8416809164337,-8.584352501376157,0
-2198.840903274482,6.241412320918455,1
2542.159901906445,12.150204796083829,2
1732.1570718748262,-23.91641711556008,2
-2488.839718278323,15.7364845468487,1
3710.1574395640055,-22.728467134840116,2
1854.158622398216,-6.599531877579249,2
639.1609120824141,24.463310859990614,0
-455.841991806461,-10.714383407973354,0
-592.8424973278889,-17.66524743509098,0
-4091.840854702401,-0.1275826574848055,1
-3598.841664009262,-6.457190766322549,1
-1085.8398562950897,13.619043881208508,0
105.15846757497638,-8.454796934054563,0
2351.1580284552765,-10.852863150205128,2
-368.8396732393303,16.555738691928035,0
-3725.840238313074,8.869239231447102,1
1484.1584721446852,-8.544600334456954,0
1331.1572052834672,-25.645354348774585,0
3863.161676253774,33.29886485724343,2
2757.157234253071,-25.720528931915915,2
-1404.8427707029623,-25.304999659717,0
438.1577772541205,-18.55394162279324,0
-3496.840436905215,5.915669553501658,1
-3434.841313718818,-6.134669834639449,1
410.1594914129819,5.529504199282272,0
-61.84220293723047,-17.362889229064663,0
3627.15923010814,1.3590313671257928,2
-1589.8409943726729,-1.2829355847291837,1
878.1595132550574,4.451479259308099,0
-2386.842426206625,-20.30445621013489,1
2862.159614975506,8.19821418739855,2
3394.1618846144997,37.245857463185054,2
-3533.839641945553,16.867197345332897,1
1582.1601456690696,13.467632555544652,2
-4310.842581719451,-22.149816827460192,1
654.1590740774409,-0.5414629996677984,0
-2003.841696953983,-11.19394174638618,1
-267.84038654813776,6.635941575464146,0
-724.8427455870551,-18.85734593910473,0
-1592.8422559135945,-18.41175447665105,1
3817.160012152337,12.20427969538084,2
2125.1581788577023,-7.949086926498676,2
2324.1592819453217,2.403648561251277,2
-3263.8402311121463,9.675784023371945,1
3305.1588757432764,-2.67689893541791,2
531.159838234249,9.55956962516355,0
1123.1618110853597,35.45633005752714,0
3719.158271770983,-10.781276399953958,2
-2406.8424149415223,-20.34767746598618,1
3460.161271368037,28.314229508586187,2
2557.158141670341,-8.93757066170295,2
-2999.842070912709,-15.28436168085889,1
2909.1585603188723,-7.660254837500347,2
-3358.841288532014,-5.170365102288551,1
-1940.8410709206364,-0.4421456283139529,1
3635.159409905784,3.290753414142321,2
-2773.8424602641608,-21.18258520952199,1
1381.162022986915,38.35108839272188,0
718.1624464442721,43.53978802976376,0
2615.1593371540657,3.306755735559566,2
1676.158188114874,-10.712787507447898,2
-409.83903792116325,24.593475932957816,0
300.1589564511087,1.218666054542238,0
-700.8404623213573,5.628983253720692,0
-1063.8427531169727,-25.46155363376797,0
4389.159208895639,1.2885143451228398,2
-128.83967514784308,18.362582096027623,0
3691.16151555971,31.32717962307189,2
-1263.8396503300755,15.678724737117522,0
-4028.8412373125902,-4.1660493144260204,1
1144.1587909857044,-4.591993725007102,0
-3594.839035804325,24.76108359281715,1
-295.8403525172034,6.594460088444757,0
-4453.840875849652,3.579991732971033,1
-1467.8403661644552,7.641601850931885,1
-215.84106609749145,-2.380950475572252,0
1.1592384825926274,1.5554815838791,0
1183.1588551066234,-3.592309277920561,0
22.15768212173134,-16.733228624989415,0
1833.16128870385,29.3801683825953,2
-3823.84088233317,-0.0681448840539147,1
-2704.839990645123,11.771863418480814,1
-106.84107634687098,-2.416791222374924,0
-3038.8422754147905,-18.22243539020753,1
-183.83963168307676,18.41971415510435,0
-1034.84135123156,-6.292719796399855,0
-4162.838914497697,25.90161996728797,1
908.1623620725586,45.15971061617383,0
-224.8420227742754,-15.376370912556336,0
-1642.8415742202778,-5.566958534018477,1
4273.157096945681,-25.88763610922213,2
3296.1619418894406,37.295974459578574,2
-1248.8407770358026,1.5507601259868515,0
157.15900650282856,-1.5162646583235215,0
-2119.841398409568,-7.211001774780768,1
2620.158117360319,-13.547829357587428,2
-84.84165271947859,-10.424827731082848,0
338.15863102528965,-6.411734973042978,0
-3742.841852980549,-8.466804140236402,1
25.158167644462083,-12.456079684646168,0
-1331.840123764181,9.634557708392764,0
2446.158189912036,-7.925507172977204,2
1349.1586562598825,-6.491456951830173,0
-3955.8381500352407,36.84114723091565,1
-4420.842166194925,-13.313204890134632,1
2474.158113285433,-11.755128429977804,2
-2276.840402233181,5.699008114193184,1
643.1609147884883,23.478202128353168,0
-3738.840628794336,3.873199319749167,1
-1498.8415215339046,-8.397783432301962,1
484.1578693370684,-17.51151920910877,0
-3601.840952061641,-0.2010772039721029,1
2205.158033284417,-14.58670820823304,2
-1433.8412244676729,-2.4606528925244726,1
-3892.84166006319,-3.722451370425655,1
-612.8420167436707,-14.516996517694782,0
1246.1594514360768,7.131727964776834,0
4088.15799505898,-11.949589656328996,2
4243.1593988483655,4.174068287981575,2
4452.157427586091,-21.82985953936989,2
-4035.84150788089,-8.0579941822848,1
-3897.840401272173,7.812009309240853,1
-1496.8409846368013,2.431053725630864,1
-2035.842121019028,-16.3418490818043,1
-4499.839920380327,12.881955119077952,1
2508.159469864738,6.165391758451502,2
-3157.8396722936886,15.755473300996774,1
651.1604101957637,17.528081532138778,0
1624.157898544101,-11.839987831207225,2
-1658.8421890239697,-17.398499848457377,1
86.15757630945882,-21.47806463823768,0
4351.157916461525,-14.878274129613946,2
-1789.8407307089074,2.664361639961596,1
-350.8377178456285,41.5448507970803,0
-3417.8412452521734,-0.5174317379718714,1
-3029.842749765376,-25.251182439966733,1
-4008.837642538186,43.82667942496024,1
3081.158814127033,-3.6897236656035313,2
4096.157697993855,-18.693015750872757,2
-3708.840573658934,4.80610926792782,1
-3432.8399005077663,12.88516027584665,1
3203.15822508611,-11.687007122826028,2
-1939.841543341812,-5.749151700691623,1
1506.1581355856033,-12.54049671837084,0
2305.1582670398057,-7.97787824132552,2
4324.158629252983,-6.743007425807983,2
-171.8411781359464,-3.402799129412194,0
2794.157034052827,-25.88425886935925,2
-1001.8421392479212,-17.395589480033955,0
-1713.842445281567,-16.62611083134297,1
-3935.84265113133,-23.15517949371726,1
-386.84064612950897,3.534644401649011,0
-3663.8403811925673,6.839971223161138,1
1840.1594846130463,5.4191635730173005,2
3349.158016444592,-14.748484978535586,2
2364.1584150401177,-6.835287378602478,2
-2034.8397257020697,15.678468223615534,1
3059.1574922499717,-22.760996176290817,2
-394.8419248985592,-14.447592508142437,0
2379.1583425978315,-5.950442139559135,2
-3816.841354759701,-6.108979433690735,1
797.160345220007,16.472450070992117,0
1573.1599661468065,11.473756645706318,2
841.1595649326337,6.494768549782718,0
-1185.8409752360312,3.302895788032865,0
-3530.840454796795,8.640885793969785,1
1237.1590672945604,-1.5429851344238896,0
-1226.8417198844254,-11.34209164804238,0
1300.157675967028,-18.53945341756148,0
2189.160937173001,24.378357548675368,2
-1242.8415457972442,-7.468852935676696,0
1708.16049406823,18.434200502898022,2
-2151.8418985272874,-11.500282792818034,1
-3084.840546399472,4.8521976661252335,1
1560.1608545638735,26.163751696424328,2
-4247.839635770884,16.893779801119997,1
3058.159126246232,1.2819276622918636,2
3126.1594594501657,4.299490175195105,2
2888.161579275795,32.29299531185089,2
-2571.84028772614,9.558934228581508,1
-1275.8379104177584,39.59294647982849,0
-4109.8381826154655,35.86678160987863,1
3148.159539620566,5.325003798257908,2
3917.161600949883,32.29639670794445,2
1747.158207606466,-7.08429220079335,2
329.1584706411232,-8.421188482764526,0
3671.157762306335,-13.092002991131723,2
-2549.8425346863805,-22.266020504905683,1
423.1611479305429,27.463328918175257,0
258.15785997046623,-16.49921990898108,0
-625.8409735507448,-0.5175823818586789,0
2443.159288361261,2.4060670284833883,2
3271.1624648307334,44.30652747728556,2
-2712.84196683974,-14.341652397252766,1
-1191.842113308201,-16.405691187089033,0
-3478.840821772232,4.544779352582763,1
3320.157232994039,-23.94310613757701,2
-1934.8413178214105,-5.228226958949858,1
-949.8419664297252,-14.471828116785234,0
-1674.8405615902157,4.644019815197401,1
1662.160771642346,21.49847057896244,2
348.15969427803066,7.391109519461459,0
508.15745357214473,-22.50957155568261,0
2918.1589805563563,-1.5993334869538076,2
-1323.8398885072677,12.64956684353588,0
-476.83798355673207,42.23793320555844,0
796.1602869920316,15.47132954143723,0
3075.162286894629,42.271661458275055,2
1720.1601047937877,15.275898043469567,2
3783.158584460849,-5.785779931213932,2
1868.158207654138,-12.502006507367398,2
-1505.8408222926664,1.678901241131559,1
1881.1590549950488,4.04183462558521,2
-2423.841984357394,-10.671383365398166,1
-718.8416027731728,-5.681338367280159,0
309.15949778142385,5.484446342400352,0
-3749.8408267433406,4.598833224777229,1
217.1577300807112,-15.790441932155776,0
-1086.8416534285643,-10.267711659893418,0
1791.1573715183183,-23.57958869644941,2
1284.1579038784257,-16.45083685194778,0
1201.158674194885,-4.631491095248332,0
1611.1624206452398,43.44368984867788,2
3851.1580864401767,-13.755962208804764,2
-4515.840337838337,7.810832432144899,1
1770.159304819128,2.3762620860436883,2
645.1598775596358,11.44219816124396,0
-1017.8411899313214,-4.360035456750083,0
4052.160549082618,19.20607048444817,2
597.1622095155763,40.52255591293662,0
-1831.8413052525136,-2.518600873105056,1
-3389.84212340106,-16.29357169505905,1
-1094.841635674704,-8.394430274893907,0
-3193.840847798623,3.5941452668162768,1
2383.159652442555,7.410870452397862,2
-1558.8420534448817,-11.612910550190715,1
4335.158121223911,-12.77440731946131,2
-4306.841239806381,-5.08810839039497,1
-2399.842642511765,-23.31646583826398,1
4407.157887426263,-13.200667272079176,2
3388.1599537556176,11.311070244582432,2
2977.1621021512547,39.32080663101952,2
1507.1589247133816,-2.5080538703492143,0
30.15867360116681,-5.452983615855213,0
-576.83972491452,17.448084570061397,0
-565.8409599531442,4.224972838403286,0
47.15883126517292,-3.406106222365805,0
2604.1593512085965,3.400614310884473,2
-165.84029337973334,9.386590241270069,0
2066.1612025057548,28.370016880486347,2
2658.1595642452594,6.302583092703724,2
-1590.8393924435368,19.746024649044607,1
2232.1588053315645,-1.7598794743352455,2
-588.8416549515678,-3.935055362397656,0
4333.160550950386,19.08214433306206,2
3757.157210419944,-19.211095420291294,2
-4470.84047211014,5.776912899196562,1
578.1580051501514,-15.520137743027592,0
-4081.838960434368,25.86597896580736,1
3295.158210427384,-12.753091015899791,2
-3772.841459802002,-7.20674364581148,1
-2505.842870532477,-22.658766137637564,1
-1512.8414794202545,-7.301867926368223,1
1926.1585115675696,-3.0505505986263604,2
-2103.842328724044,-12.761885387074484,1
-430.8405518178479,7.305030215188337,0
-146.84004204603843,11.494921470242586,0
1950.1604045411225,17.394867442761708,2
2465.158108643081,-12.685319671696442,2
-804.8400488082552,11.561316711337971,0
-1594.8416630435386,-10.418040982240576,1
2223.159586588037,6.251060889121936,2
155.16116953274468,27.525097411136457,0
785.161342716543,29.485568360365946,0
3658.160253715469,14.271285472378688,2
665.1605432265787,21.339047949807053,0
3562.161423666228,31.229236879809378,2
-3571.8394826228614,18.860674228478807,1
2471.158720939944,-5.681424733483681,2
1887.157797670283,-16.785665149147604,2
2705.1573062570533,-24.68075852692672,2
-1676.8403835505014,6.669194124693094,1
2415.1575369780185,-16.880875979029284,2
238.15800592245068,-10.788686113193233,0
1131.1578150723944,-17.520340715759758,0
3565.159195693792,1.297373308936658,2
445.1574539656285,-18.657159661013388,0
3636.158373794344,-6.886308775825484,2
-2172.841545731877,-6.424564347083308,1
-1406.839938433783,16.248854859377765,0
-2220.838420909422,32.711132816062886,1
3240.1593972313567,3.3411878665798014,2
-3759.8412958026743,-1.392888995634622,1
452.1608162720804,22.39857384093801,0
3911.158499070676,-4.07274367744202,2
-53.843038389401045,-23.01624531954672,0
-3040.841281440225,-1.5104894718517237,1
-2486.840042294818,13.5827066708578,1
-2680.8425441246363,-20.376828826166665,1
-1093.8403101520962,8.546711732496478,0
-2088.8409954775125,-1.3348866233435537,1
-2398.8420332348906,-15.338515907795866,1
3629.158737481921,-1.024597888623526,2
-1710.8420232538483,-13.412190634597229,1
273.1578234340996,-17.5477839141706,0
-3351.837634077063,42.74619277252424,1
411.1597804403864,8.58186673467135,0
-473.8409064318985,-0.3197189944860588,0
-3499.840190014045,9.796660087935637,1
-1641.841768220067,-10.37359085073515,1
2282.157402194978,-18.89666229247915,2
3436.159916937584,11.299925504509988,2
-960.8409211966208,3.215143406124552,0
3740.157510650693,-17.126661826503067,2
-4525.841535748681,-5.379402438933284,1
-3747.8390005155816,25.576737778800457,1
1375.1572440773016,-24.6488910365357,0
-2894.842327135266,-15.572006871028384,1
1743.1606808447395,21.386158547278107,2
-1078.8424692525296,-21.363429468315545,0
-3691.842631117848,-18.53443162339852,1
-3191.840280556469,8.786202368016442,1
2928.15860273235,-6.633577317908126,2
36.15805064828601,-14.45405524980566,0
-2410.841780103103,-12.286516186124082,1
-2962.8417259821435,-7.531149794115338,1
2546.161298129184,29.3457679237332,2
-4062.840382970462,7.831862871614296,1
18.16039204376284,16.59860419277632,0
3068.157169797283,-22.04455394192106,2
-3407.842349434737,-15.497833268295928,1
3224.159708605439,8.281896867620587,2
-1698.8420440511543,-15.332982443389229,1
473.1584407660412,-6.601456749590571,0
4259.1597514670575,9.166850216894469,2
-2375.842340180883,-20.318924990127805,1
788.1615373555105,31.538092871172736,0
989.159828302334,9.45226283908864,0
541.1576474450412,-13.876650397389168,0
2544.1582208331674,-12.567002230931696,2
-1520.842110674712,-16.347440132108176,1
3393.160773171985,21.38319524780455,2
2245.159790409729,8.420358643350157,2
-3361.8405993675115,7.341778027312586,1
-2816.842163495661,-13.586131721723238,1
2105.15855428105,-2.0376200885663858,2
3337.1569628079305,-25.17918606671157,2
3308.159634224605,6.318001344383115,2
1159.1589422494872,-2.5557871025143823,0
625.1580129003851,-8.099392660878063,0
2023.159138682764,-0.5285220285853818,2
4110.16225675185,41.24022147025264,2
2001.159329566639,3.424864531875217,2
-3219.839593885059,16.824810991066506,1
2847.1584326192387,-6.85606078728684,2
1378.1582039753555,-12.52061585374214,0
2112.1584742573905,-6.831600249185736,2
-2784.8414991116733,-8.25528595965081,1
4292.159550417855,6.167608246466621,2
1430.1574180282769,-22.62331133790513,0
-3957.839718204632,15.872470403949622,1
1319.1573455601465,-23.63984872650253,0
2439.1591792307445,5.07409625324787,2
104.16054124513175,18.52791885243153,0
2707.160433940473,17.29531139430504,2
1814.1588157308288,-2.6828458181726136,2
-2924.842592856905,-22.283842887262967,1
1435.1587086037616,-5.64507703501106,0
-331.8406356089981,4.518501261120054,0
-4010.841907999828,-13.106175650294368,1
1318.1573151275516,-24.600442583568626,0
1115.1590950671234,-0.566088666216876,0
1693.1586534589878,-5.557937593879519,2
-3202.842134228209,-11.59061909062678,1
-3323.841576329898,-5.481337177786161,1
123.15907347993924,-0.4387648434342308,0
-4234.838375199062,32.90697502554046,1
1038.1577812145697,-13.920473762649287,0
430.1581600285717,-12.51923528604005,0
1137.1576082027168,-20.552472719054496,0
-1597.838800667785,26.62335791130373,1
1901.1576966551947,-18.558369389318194,2
97.15803305554437,-14.435760427580224,0
-1945.8404225858396,6.681829950586835,1
4118.161130087392,27.208236888153245,2
-2757.842751241522,-25.283423673937197,1
-3111.8411491869483,-2.2157744255197143,1
-2430.8425666242256,-23.22508995395108,1
3346.157368523418,-17.141757392715288,2
4261.157853728451,-16.73060080373194,2
4347.157218852837,-25.80236089880041,2
-4210.84138559748,-2.483305956454269,1
1520.1609125267714,23.47853549823852,2
-1132.8420501316432,-15.259663733275252,0
126.15920780185844,1.5144091519833776,0
-709.8417135806521,-7.695977349215363,0
479.1582897191984,-10.516971543556426,0
-1734.8376482363674,43.62978084549193,1
-2281.8403581349994,8.678667797842378,1
680.1582331503741,-11.529357159604777,0
2299.158992388693,-1.766648697654544,2
-1501.842752698518,-21.73790328605773,1
-4244.84286858741,-25.21737803707588,1
-2021.8422205384704,-17.419771426761194,1
-1625.8391874368535,22.69691105271012,1
-2343.839378379751,22.463117679745025,1
-2760.8389210215537,25.68568227412574,1
408.15993941330817,11.522535782982656,0
2233.1592764182715,5.1587298672793125,2
3834.160309055296,17.174725884108398,2
3806.159361975792,3.219127982196932,2
-2188.8396718670847,15.682755414112966,1
-775.8413936374709,-5.478163542774496,0
-2083.840300679847,11.369616718141437,1
-462.8422705081757,-18.43090387327931,0
4089.158463839616,-7.84456162431491,2
2931.158938605804,-2.564021986448819,2
160.15876631310675,-4.515118396443179,0
69.15733413526323,-23.462398492043253,0
-3060.841644609638,-10.317122530305763,1
-4391.838212304807,34.897156625937896,1
1437.1624418306749,43.45916781378564,0
1315.157275777019,-24.6633000605808,0
2690.160307831655,16.26908044809668,2
-1168.8383459350443,33.62222139391941,0
-3504.841084255429,-0.3745921555833957,1
-164.84054608491715,7.341863548324845,0
1834.1572141812649,-25.67149717258905,2
853.1592863129335,2.510526409887479,0
-3908.8426436945447,-23.20940913367052,1
2967.157919531979,-16.683158145640093,2
-1353.8421845862758,-17.35846910495418,0
-2463.839851150522,13.691765844638908,1
-2031.8403912350184,9.5084569395993,1
2225.15860547137,-5.660255058096499,2
895.1589005513815,-2.5189404348275515,0
-792.8379979679594,37.65790642717335,0
-251.84126675140575,-5.409941870614444,0
-1434.8418806051486,-13.264089876725851,1
1706.1585756064742,-6.603371646656713,2
-2054.8423719547573,-15.537393518205974,1
-2110.840945295524,-0.2988722790562832,1
4271.157403284742,-22.80571306347749,2
241.15830617706524,-10.42528890652159,0
2578.161725244194,34.37184195021419,2
2263.157573186094,-20.73134015740349,2
4276.157551430515,-17.046125979091652,2
1339.159195832268,1.4539801192837525,0
3866.158144998306,-12.701773093004636,2
-1535.8410655753687,-1.3498362044385157,1
3685.158601451083,-6.74528328256266,2
1005.157978477422,-10.856144923743498,0
3583.158239897515,-11.696905103076466,2
-2452.842567211599,-22.314074397828517,1
-950.84200855362,-11.739277112772845,0
-1450.8414336694989,-7.249874028390836,1
2094.158712606004,-0.9409201454768334,2
-3267.841060126492,-2.1317098667546217,1
3083.158897607704,-2.6507276416603505,2
-635.8400493837544,11.534909744840832,0
-1101.839882439759,17.254793285733108,0
2179.1581798856496,-6.170276806375363,2
2968.1605371586047,18.264663876117595,2
-736.8416063172044,-10.435060929093147,0
3543.15981164237,9.315373826096318,2
-1600.8412857297808,-5.291792206370216,1
-1675.8403836207,7.601193679197221,1
1461.159233072307,1.4437559578303336,0
2514.1611026726314,27.30776164666109,2
-2441.842117028311,-17.308825412755127,1
2144.1621648165165,40.40621445218213,2
3517.1600980267976,12.338255132888404,2
1954.1576231635408,-16.938767985373403,2
-4361.841548467055,-7.246437025340647,1
-1974.8389332855004,26.652429551550576,1
877.1588674889645,-3.4401459534945493,0
483.1575435150298,-21.541413070534777,0
2701.159280212596,4.247668103731247,2
1652.1585771787795,-2.875700185258462,2
-2898.8382979776943,33.744033855713106,1
4182.160988411051,27.98167738084601,2
-2483.8425686368137,-22.31234337451688,1
-3143.842030347092,-14.373605493084572,1
-924.8422375392402,-14.798306517382713,0
-2324.842762599408,-25.23775390941863,1
2833.1587161119096,-5.571072093193749,2
2944.159397995274,4.261395008885744,2
2767.1594435651787,4.328162512575146,2
-1484.841506061959,-6.405754263825326,1
-437.84206314518815,-11.810599738780445,0
80.15827174991136,-10.644462066413771,0
2292.159406738996,3.3455274862727986,2
1528.1605510287918,19.364820974502607,2
-3494.8423617322696,-17.327126137944823,1
3244.160350262944,20.90763367704318,2
-1394.842488150054,-21.318700350722963,0
-3968.8411283510495,-1.2270545554943242,1
3632.1587558485335,-0.9681346123815427,2
2900.1576815368026,-16.911981994309365,2
-3468.841263281647,-1.3910903261572305,1
-375.8407759566908,1.57894379843742,0
1918.157981808297,-11.07132068839866,2
-3081.8397264954983,14.743482945990086,1
-4487.8425496984855,-22.049060038693195,1
-2320.8378917645314,41.55616699183017,1
-1458.8411031761789,-2.370996668901564,1
2599.1601404383546,13.361240237034854,2
-2567.8412513816147,-5.231485660413977,1
-4495.840365719108,6.8662607607423904,1
490.158320291026,-10.526120765081268,0
-4330.842180174252,-17.196746929465235,1
3452.157252542558,-19.10442444908954,2
3552.1605636874447,19.24031053479247,2
-3082.842544745712,-17.475230344457515,1
310.1579799752217,-13.588236491232593,0
-44.84145041077864,-7.355198768680792,0
-1282.8424795849132,-21.5479175236077,0
-3335.842463318492,-16.58386990836206,1
-2232.8409808758297,-1.309975816036748,1
-1480.842570311797,-22.377258990054685,1
3962.158720758685,-5.701765588716858,2
-4438.839393328701,19.866203924550256,1
-2808.84257612942,-18.542284686353334,1
-535.8390058606747,25.569402717072585,0
-4072.840511393792,9.557249511409315,1
2488.1584927038057,-7.636746473130351,2
4047.1578521133633,-16.82359028568142,2
-683.8427366605611,-24.40231563703908,0
-3939.840495714685,7.693854759831183,1
-3359.841091807699,-0.3947422295755673,1
-2711.8410416325787,-1.2229185300375187,1
3679.158338664507,-6.957113886139018,2
3419.160855468712,22.344799446860847,2
-1723.8412185127963,-4.332035651508766,1
1166.1572507162928,-22.802543345901917,0
-2676.8425753503107,-22.278862381058985,1
-3149.842316721799,-15.436716618581244,1
1539.160058942973,12.419357243845583,2
2405.157767976343,-17.591643201203397,2
1308.1569318240508,-25.94343227105454,0
-1289.84240668267,-20.522328489117044,0
2634.1592113352963,1.258375158745416,2
-1322.8392586839036,21.61529040822262,0
-1827.8376136903532,43.69906519961209,1
-1500.840123465343,12.450231450400524,1
-2756.8406621727627,3.746083471850012,1
2220.160905884928,24.37605613805872,2
-2654.842796027777,-25.2788539921892,1
-3528.841368502588,-3.325944018172565,1
44.15892478800379,-2.370396504183196,0
229.15756416978547,-20.50512659705644,0
517.1581134681473,-8.781570604230168,0
-4339.839187932201,22.87394026774615,1
-2618.842806839908,-21.564085509116104,1
1792.1575968303368,-20.58468779330333,2
3065.157224733673,-25.770689548568967,2
-3075.839641430532,16.824878165982888,1
-1310.8411551384488,-3.338619274696679,0
612.1579138808302,-15.50213615434717,0
4081.158753651485,-1.9620806369200343,2
938.1592491290648,2.46431835053982,0
2826.1572542799986,-21.05707018072662,2
1951.15906108747,-0.525090572363788,2
-3340.8425914429827,-23.27741720919409,1
-3718.842272697482,-16.28840959927968,1
-1800.8379490186926,38.70585647027014,1
-2688.8425368956523,-22.23760711729005,1
1454.1603688565665,16.450515444903083,0
1824.1612270943008,27.449550867254445,2
-3121.8414661081624,-4.396205990422876,1
-3794.841554798128,-8.137989367222655,1
3060.157249090611,-24.700890045088897,2
687.1598164606257,9.554035516344774,0
-2238.842506167653,-20.62602095463656,1
-159.840560591314,6.463136952093583,0
-1897.84163287346,-8.43464754055101,1
-608.842145239294,-11.72997160868574,0
443.1581438871799,-10.660149764967786,0
3777.159781676426,9.237802736773777,2
-1775.8405987800795,3.704482428977075,1
1176.158636795706,-6.475323737967929,0
-2590.840376495209,6.746209626090206,1
-679.8427450775634,-20.73264400052591,0
-3268.842236422701,-13.497836554282587,1
1956.1578655334304,-15.627827000655394,2
-1985.8412632607503,-4.256726016842286,1
1577.161956442229,37.436418614723344,2
871.1607533709612,21.52704268521749,0
-2686.841846246564,-13.129317502424282,1
905.1585259774585,-3.7793695325127983,0
-1288.842186244612,-15.589443610439444,0
1168.1579723981558,-15.70378256830983,0
2621.16035134712,16.29432044167698,2
915.1594408845996,4.486410919014835,0
4304.161012028169,26.13663413833068,2
-3849.841444636288,-4.33673523130892,1
-1004.8411547921132,-1.5755200570736037,0
-1915.8412926539893,-5.247947067959492,1
-1047.8415411091992,-8.31427655483779,0
1629.1590713992482,-0.5471433661785392,2
-3846.837894278404,39.8516832441028,1
1987.158753671043,-0.8505301507051799,2
3873.159297765058,2.2564130982761377,2
-2806.8403650046675,6.810335087855375,1
1846.158370766032,-5.848851265864941,2
1553.1610179045238,25.40968602727169,2
1106.1586611556122,-5.506116698540564,0
1930.1578141311184,-17.567677185728613,2
-2362.841301825072,-6.312283592105795,1
1512.1612795816618,28.455329979957803,0
-2554.84025879862,8.71553322958759,1
2646.1622592178755,41.325501187742105,2
-3388.8421714488068,-14.406693673192752,1
2057.157839931024,-17.638378373135566,2
-185.8416602674406,-10.531791235734246,0
-1419.8411126334686,-3.3407931118656853,0
4214.161749891413,35.188569224137005,2
2412.1584177662157,-8.580971395305282,2
-3142.838991065393,24.84735876290572,1
2768.1583102151053,-7.992901085198589,2
-4358.840379957634,7.7416024103329715,1
3439.1573956813663,-19.04155112082705,2
227.15847748395757,-8.393332462124851,0
-3260.842556227464,-22.29287571365961,1
974.1599586972734,11.37928169052618,0
3202.158462028252,-8.685965741737766,2
-2958.841433859663,-4.456915014877266,1
-1997.837923587882,39.64287325229504,1
-4480.8407910152455,1.9113837679917136,1
-4067.84149004129,-3.4632177405863382,1
-1806.8421640364104,-16.38796020293978,1
-1952.8405488737044,7.449271545286715,1
-2024.8415413054756,-8.27058301913674,1
-1738.8398761256249,13.692679934367003,1
-1393.842638364178,-23.315428800926178,0
-2272.84062825254,5.625804288547032,1
-1899.84026449424,8.689100204014073,1
-233.8415539231501,-8.4237367323197,0
3033.1587559286854,-4.696877789305957,2
2719.1610569936456,25.33982058623537,2
-1126.8424257239676,-17.56052540068216,0
1982.158235686133,-7.977607383778975,2
-4182.842458879983,-18.237359431361824,1
3414.160330955172,16.33357721026323,2
4445.158606945246,-6.745966491203594,2
2320.1589711125707,-1.6226553496190368,2
2169.1571873746,-22.019054203840117,2
-537.8411141227698,-2.446817305808195,0
742.1614927845076,31.49819134099312,0
-1832.8383618369696,33.69583583580061,1
979.1590786452288,-0.5319595646163542,0
4258.157883606327,-13.087615237536268,2
2760.158289423969,-10.699267560720903,2
3.1603590247686952,16.514448087549276,0
-582.8396199070266,17.556326261974128,0
-2870.842238589539,-14.505823094692248,1
-2608.8422773793573,-18.28358858123167,1
-1250.8379825990996,39.57689207655528,0
-4240.841574459977,-5.357357794971286,1
-1953.842056452297,-15.29659434293045,1
-1195.8392325698514,21.70060380665517,0
-266.83955020591384,17.58505577737359,0
1147.159528972872,7.278414552793924,0
-913.8414836770972,-7.457414739393695,0
3441.159890944313,11.245973149162628,2
-3934.840661453083,2.886892181802024,1
-4215.8412065843,-0.3728179368307316,1
-996.840003577934,13.43322860032182,0
1285.1584878467256,-8.475724512009831,0
1516.1607274385751,21.458212884373538,0
4433.15861335129,-6.742474509040164,2
861.1583351070876,-8.571121682454589,0
2595.1586154133547,-6.599442860305132,2
4086.158733679855,-5.681202681466914,2
2820.157258936262,-24.700509149193444,2
-3603.8414378412417,-7.1482231720702485,1
-1178.8396398891346,17.590970274018495,0
4093.159807615448,9.160321693841276,2
-813.8407845593756,1.6678930379086196,0
2873.159001716704,-1.7996881023375355,2
-2223.837856751168,39.739978794749305,1
467.1585329124355,-7.417043425179914,0
-446.8410274029593,-1.4191166497047565,0
3019.161862434761,36.29529533412517,2
-208.84275637503012,-25.49365739422556,0
-1559.839839421038,13.727612199937557,1
-1671.8413962895866,-7.271446595949065,1
-1556.8412351598963,-0.5804135113672801,1
1957.158183919208,-12.652268329094436,2
2952.15854728804,-5.824807638420852,2
4207.158971537661,0.9238912447685,2
-4178.8386741776485,28.909006996984477,1
2966.158736839134,-1.000617644770525,2
-3235.8422513836413,-14.437133894408458,1
184.15918282669736,1.5395991016012314,0
3541.1575531699345,-15.115457524241451,2
1025.1588028275291,-0.7896525887046009,0
719.1590194368619,-1.4445216211629583,0
1476.1590725741698,3.034026103886651,0
-2180.8421955586527,-17.260478576520043,1
-1938.839619862556,16.690207735518236,1
-2896.841198585753,-2.4125209451410106,1
3887.1575725278817,-17.029711702717364,2
-3464.8410148833063,2.529388334903004,1
3512.1576285292394,-18.723187118394804,2
3705.1574709697743,-21.74466017839725,2
2989.160053399158,12.32529133657937,2
-432.8418006563443,-8.685101194995749,0
-3984.840686187148,6.582622223195548,1
116.15831600839738,-10.570295361026568,0
3197.161013293953,25.234573735251303,2
3211.1585608990863,-5.803657924364551,2
2681.1589855482453,-1.7349171715423202,2
4209.160348285572,17.065906172271525,2
-3285.8427404753747,-23.46309358705829,1
822.1592799122445,2.513693500610289,0
-2604.841300038446,-3.5161985442459853,1
2482.159647818597,7.3145089843863484,2
-3878.839922328247,14.643552376235844,1
475.1583203750779,-10.544509814038978,0
383.1578210103908,-17.393582392585984,0
2858.160075482796,14.180912860492912,2
-4249.839196029934,21.951999550626745,1
-2262.8410742385317,-2.270047711820946,1
-1852.8409791532904,-1.239141021615816,1
1694.157179403468,-19.067233550807924,2
-2307.842232023191,-13.73234442614173,1
-1822.838210464048,35.66504517598466,1
-3606.8402634749655,7.809781811700951,1
-2231.842231371964,-17.321249646566248,1
2149.158599389309,-6.664872194060285,2
-2585.842279669072,-18.22352893148437,1
3265.158958874701,-2.6513423818437136,2
1514.1620816084323,39.40123645771734,0
427.1585073606111,-8.416979658851591,0
2265.1573494397453,-22.84627050470128,2
-663.8420514206518,-15.389169527300496,0
-3621.8407557648025,1.885825611650306,1
270.1597238446702,7.498469900389907,0
1967.1577032357452,-18.572642590903428,2
1627.157971308916,-14.613711212784128,2
-114.8407453916152,1.526468060642875,0
1251.1591125862324,3.097706180372988,0
-4367.841452395718,-3.401609897042402,1
1085.1607417127234,21.5192575959036,0
2961.158761607774,-3.739182893096065,2
-1422.8412650155951,-1.6378470624122343,0
-2883.8408248307533,1.6625890849375065,1
-345.83980820374563,14.56809361182824,0
-280.84193029027665,-13.533938825119607,0
-3438.8418929145555,-8.513356920161165,1
3371.159518521221,9.028417148499424,2
-0.8397942567244172,14.58565218416033,0
4112.162398011016,44.16528332359134,2
1819.1579401530323,-16.593939446475154,2
4091.1584067703807,-5.04665646105666,2
1961.1579101554237,-15.673418115284864,2
-4424.84179970494,-8.485578783820651,1
1376.1615648376755,32.413675213658955,0
-3105.8416491422104,-10.140931753804242,1
-2099.8398976856843,15.551948072519505,1
-144.84076560853282,1.607999299255196,0
276.15828443691134,-10.51716778291616,0
-4283.8376156283775,42.90155828435787,1
3056.1573653253727,-23.67727236023652,2
-1507.842219471815,-18.39362165061817,1
-986.841648184054,-10.31974983680934,0
-3348.839488867612,18.82147027417131,1
2865.159819534805,11.172032266308792,2
1898.1587817503605,-4.588935242841609,2
891.1580117426929,-13.678565438370873,0
-265.8413086241344,-6.399498464309372,0
-2063.841081646795,-3.175336523962403,1
-1962.8415025534923,-5.596631659707848,1
-573.840280089993,8.595699755066134,0
96.15946505754256,4.4522712630147225,0
-926.8396341598128,16.525357705637134,0
1173.158216007112,-7.836432298709511,0
-3901.839686339197,15.860169586644655,1
2974.1612160375225,27.35172396735863,2
-1087.8413645701949,-6.296892399464369,0
748.1596644864185,7.552057582874495,0
-2214.8425057127024,-21.289896755007764,1
-1513.8420726901386,-15.27198309275597,1
397.157510466699,-21.65070916397192,0
459.1594748243224,4.487908415956671,0
2260.1575551589485,-20.661569250286178,2
1275.1581759661203,-12.702949168982173,0
4076.158588202205,-6.889767030190347,2
-4269.840400294052,6.840378008782054,1
-3051.840401310066,6.827726469220584,1
2611.159000293352,-0.6650971685477085,2
-2208.8425824326696,-23.23985822895416,1
547.1579853599542,-15.529709284626753,0
-1220.841897880775,-10.68968589616626,0
2645.159518242697,5.335309679934737,2
-3282.841459961608,-3.53149166138053,1
-4432.842563498241,-22.08546225494408,1
1451.1585458988557,-7.629722064543875,0
-3047.840460917563,5.769337260224312,1
-2374.8414024413214,-7.219468793496531,1
2440.1579733712133,-11.870236165876072,2
-958.8406954268576,4.514541539069141,0
2495.1609565015533,25.11180191247186,2
-323.83914506837027,23.5954473345243,0
78.15814185817726,-11.52226666434907,0
-1531.8414143016562,-7.2394292137558045,1
-1884.841112668335,-0.5036280549121637,1
1167.1582187385063,-7.952890332403921,0
-3834.841435172071,-7.068065409230981,1
3097.157433080254,-20.820699590938847,2
2453.1592946187598,6.103891747162626,2
-4207.842486125708,-21.19250089481032,1
4343.158474545344,-8.729436436340233,2
-1860.8402380457264,8.738375446255128,1
2752.1610094811185,24.371614847269107,2
-4227.840737895574,2.8448282007411123,1
190.15955411834875,5.541403766125471,0
336.1586373199243,-6.433800689892865,0
4025.159477280336,8.938595219796879,2
2507.160848271451,26.064190469336783,2
-3110.841236226028,-0.5867501043950245,1
1822.1621166570112,39.44467108694189,2
-3270.8425900863367,-18.468087324272226,1
711.1592358313501,1.5012876054569233,0
-1843.841999834054,-14.24119903851436,1
4077.1607691163663,21.330079433712164,2
-4263.840673620172,2.882054591570009,1
-3557.8400242464268,15.548034428131777,1
26.15812381729484,-13.386472637971137,0
677.1578583332011,-14.641856712767863,0
1626.159843167232,14.11171505166002,2
-1107.8388518798165,27.49507980264416,0
759.1598351557623,9.436370792844416,0
-138.84172310697613,-7.779520279235993,0
710.1583477762761,-10.609071107238904,0
1874.1582617481472,-11.58777556587412,2
-2414.840454139514,5.723749954011698,1
808.1621785578318,40.47461720411538,0
-722.8418459353852,-13.332132210981142,0
-2511.842169613112,-17.296694055899962,1
-2107.841248654702,-2.465256435426526,1
-1236.842391690123,-18.543103184362717,0
4163.157492442348,-18.128977824239115,2
207.15790238889167,-16.516166862576544,0
-4022.838086565258,36.894773010825865,1
887.159588441602,6.448677057681081,0
1596.1607860136428,22.421141759159205,2
-562.8397831355105,14.527947792766378,0
1772.1589947142638,-1.5736428103910454,2
839.1586141854059,-6.49941175237155,0
-1681.8404809452477,5.727779814107885,1
1104.158698512823,-4.657985052924918,0
3185.161072036077,25.301572876286365,2
-3670.840416052088,6.747687571815749,1
-246.84163224167423,-6.693565295461146,0
-1968.8395737060343,17.704768330516394,1
609.1597711425857,8.392073276150152,0
511.1575615930488,-20.52740544802097,0
-2728.842430791585,-16.72476175579184,1
828.1590302471304,-0.5064531478338505,0
-2615.8415417568176,-8.209270272109588,1
2964.1597480580094,8.328463446308449,2
-1845.8405030546128,4.700938946882667,1
777.1575025198981,-17.856551197076747,0
-1197.840508291265,5.547919695996457,0
-3545.8413443461177,-6.077342920332356,1
-2516.842356621812,-13.840037492016688,1
1419.159080620273,-0.5521437938622009,0
-1614.841007289826,-1.3353069866387273,1
3432.1603448638925,16.319609348554195,2
-3035.842516554869,-20.49866961402213,1
-1173.8383600668749,37.32795760282355,0
1921.1591644342989,1.3903263693753551,2
-1830.8417230815976,-10.317279263781606,1
1326.1574255521991,-18.86363285118858,0
-1265.841258331493,-5.429147930801079,0
-811.842537041055,-18.57885632470051,0
4286.16045220301,18.21187843403331,2
-2346.8407872662065,1.6385748742786743,1
2392.160519029945,19.323676512938363,2
-2178.8412085340824,-4.198237844231542,1
1615.157683191006,-18.522793138564325,2
-1865.8391344862173,23.724723171357542,1
-4372.8380868126405,37.84165520600602,1
1091.158119251137,-12.575529977691753,0
-3163.8424984535086,-21.2431792938636,1
-1928.841690674308,-10.31981486571624,1
2985.158697975625,-2.0232552720769794,2
1197.1576244188473,-18.81199749402567,0
1100.15888517414,-2.509217362372854,0
-1186.8412046922022,-3.351873756868887,0
390.159603462962,6.569052053172145,0
-4257.842138145992,-12.49330174978256,1
4288.1605654913,19.248277221949017,2
-2527.839810340607,13.762536985255112,1
-3569.8411457863986,-3.098298121891765,1
3941.1589100384736,0.9577336869292932,2
657.1577068377519,-18.50804047911025,0
398.1575338011608,-21.50613411415111,0
806.1586570306681,-5.523121107962374,0
2092.158276678412,-6.902108616421883,2
352.1617526074406,34.476598051618005,0
3363.1585453659645,-6.702141092890953,2
3957.158910236904,-0.8810997404637133,2
-2212.842426846735,-20.317803552384262,1
-10.84093518042937,-0.4742798211117369,0
-2049.840988579206,-0.3120819779285657,1
2618.1611066520563,27.24533205035325,2
-3485.84161531867,-5.454515122865621,1
1568.159144720703,4.09181020887487,2
-1144.8401986774988,9.61601071438814,0
2817.158943506074,-2.6243045103735323,2
2404.157984134741,-15.564179320533457,2
2268.157497586857,-21.741425995488743,2
414.1589624065091,-0.5420743264616439,0
3208.157965013292,-15.579577011742742,2
-1782.8405391405104,4.586508356024664,1
-2547.8415254168794,-1.7533009815030924,1
-2309.841247152828,-5.2412959908087,1
-408.8412313483423,-1.6741766425570317,0
1993.159045237233,-0.5944602376283843,2
-1787.8407103817444,2.643674408907563,1
-3872.840943157498,-0.1508419540605867,1
-3262.842043660872,-15.291248824587354,1
917.1594817489968,4.507002295336184,0
-1975.837955381954,38.70729107741624,1
-770.8405189390178,5.59148403173119,0
-2047.8410635154576,-2.228864573638392,1
4139.160824228427,22.288226419564097,2
3339.1575367765618,-21.786572835016187,2
-3418.842123628652,-12.572853419833107,1
-1634.840575468319,5.512512940241752,1
-2537.838328840735,33.75877210535514,1
-3016.8410354014486,-2.2105742970799573,1
-2705.838277650415,34.75195215607929,1
-3538.841338129365,-2.384046576381942,1
256.15866256674053,-4.523257808707735,0
4226.15962707944,6.273661858007516,2
-3368.8416229794384,-8.237844709735032,1
3625.159721594304,8.272613710285599,2
-2418.840490650269,6.569875432677582,1
-2095.839343056956,19.69419581309998,1
717.1593720448436,3.5100661957816186,0
-3524.841443836398,-5.29300656190212,1
2376.158152531949,-11.695899780849794,2
119.15821136295564,-12.52190539994414,0
-227.8414442194044,-7.408760330604978,0
-1035.8391374564962,23.632323421692263,0
1678.1595511369524,9.108165915390009,2
4300.159666018793,7.23721879096418,2
2297.160090406891,12.402537026709746,2
724.1612576352782,28.439051445002512,0
2197.1589191525127,-1.636837343348864,2
-3058.842454470461,-17.474717763904724,1
3411.1586081492133,-6.721528973107261,2
-2413.842788902635,-25.33812290583402,1
-140.84194722847317,-14.547899969663463,0
-4188.838849394291,26.891619076710647,1
2876.157268970739,-24.772313124866656,2
-384.8408718893188,2.3900626224648303,0
-101.84015809663106,9.542803042312627,0
3780.1595785563695,6.32224305952289,2
1998.159051684721,-0.622628417546788,2
-1555.842396636086,-20.31381064253371,1
-329.8395532144932,17.59222949646982,0
-1748.8424397507915,-16.553483342828777,1
2562.1620761154336,39.34428799926705,2
-2278.8419076766004,-11.412941180379995,1
-2778.8398035750142,14.696591988711852,1
-1767.839136477327,23.64607148400665,1
-2489.842980162532,-24.643036665162683,1
-4422.837459538016,44.93247416769801,1
1095.1582043181988,-8.738689164081912,0
-2591.8407459887094,1.7704251202550907,1
4162.158130878874,-9.094585018655955,2
-39.84209872648353,-16.382481363398924,0
-1149.841633364209,-8.450178381480582,0
-4371.842679450696,-23.191474841080183,1
-931.8414751891978,-2.8118500752236804,0
2582.1583313227748,-10.783509641287733,2
962.1601852753084,14.509894415036989,0
-441.8376474987017,42.60613104605422,0
1126.16019241116,17.093302409251258,0
-2368.8417473273003,-11.319956879114814,1
2877.157376485935,-23.68092375355775,2
223.15823637449648,-11.507943541833306,0
4233.161011176708,25.22095824592119,2
2146.158136516402,-8.984055309104674,2
-414.8387477098149,28.53235755946709,0
1760.1586035902728,-6.516809493561622,2
2058.1581797580584,-10.697748403099911,2
3040.158890135353,-3.698521170833634,2
-3622.840059355076,11.799565983001434,1
2920.157596469391,-20.76918351488321,2
1127.1596394231892,7.435629961998902,0
-2668.8389363128226,25.76075428755333,1
3602.161372963921,29.302627729421356,2
-3057.842604267411,-23.21797520539909,1
-4079.840211981616,9.862956821144865,1
-3998.840639999602,2.8182874129588296,1
2252.1598588855704,9.294097844455722,2
-1301.8401016971911,9.61824206018269,0
4153.159633315925,6.245995834857792,2
-2224.8392198756337,22.67644565422163,1
2515.16231140116,42.332559816192536,2
-3689.842420562054,-16.38429847795626,1
-1439.841322753753,-1.619250596368213,1
-4189.842008480919,-10.6995083733718,1
3538.1619929993176,38.25142339057878,2
-2397.842479284678,-17.56278241272949,1
1366.1587390713394,-5.5394573940608325,0
177.15804022015072,-11.800222899593576,0
-2927.842633033229,-23.328122058973555,1
2475.157891075127,-16.687926439519778,2
-2226.8424634900293,-21.27472074155817,1
3500.1619082123507,36.29625548784185,2
3655.161655383825,33.29570355765329,2
1634.15748484683,-21.588475574751,2
3146.158280966454,-11.580755513349366,2
-660.8404672840261,5.660322544230466,0
3963.160032210697,11.144758279192423,2
3430.157914045034,-15.755223693494502,2
3364.1589574982645,-1.6584971989626665,2
-316.8426686883904,-23.41808604350997,0
1196.1591539626825,-0.5985352298575597,0
2642.161327085516,29.347336075430768,2
-1136.8407212660532,2.5253496782560685,0
-549.8420392491389,-15.338609518653763,0
468.1581852405216,-8.784980271639524,0
2980.159339429112,4.198696649356041,2
-2693.841751914646,-11.280970622712095,1
3194.160830110777,22.350657115201635,2
4356.1590489250375,2.9328623615843146,2
1684.1579369945684,-15.533134720839996,2
-1668.8416307726293,-8.368896729145572,1
-2696.8384882345563,31.765088503070707,1
-4191.840530573798,4.882410572221742,1
3021.158904810261,-2.706359052636313,2
-1702.8423175597563,-18.35767686568302,1
-4332.840200032631,8.88680542913342,1
832.1602126531652,14.528109610598692,0
-3705.8404508573,5.770329171398,1
-3210.842332303582,-15.559359840910924,1
3649.15979953506,9.311055724000829,2
-2157.8421256968286,-16.304680564496234,1
-577.8416374333901,-10.406608666743988,0
-431.837412712106,45.59247173537265,0
404.158799398283,-3.4739448687282373,0
-725.8424738224712,-16.827658216714063,0
-1120.8413761311094,-6.45882762089461,0
2073.160131895973,12.410371277103051,2
1917.159410049324,4.305534728391017,2
1937.158249982749,-11.495922881999396,2
-352.8412325713434,-4.3840596593035,0
-1378.8415867043077,-4.659242206458328,0
-2759.8396496200585,16.652263842760405,1
-1581.842003892758,-10.616750587647154,1
1521.1596175255836,6.393543653603583,2
3706.157313682779,-23.76311765682655,2
-3719.8413695676136,-6.124842423636647,1
2655.157674366783,-18.62543247242493,2
-3307.841760625539,-6.700121868763312,1
3392.1609382292954,24.302400361332133,2
-3146.842690905032,-23.25539059297041,1
208.1580953534576,-13.513865528688576,0
3076.162064706499,39.29345911023717,2
2425.159715335234,8.3744382734993,2
1305.157024971093,-24.77479221624745,0
-1284.841853703314,-7.769306194548458,0
-42.841819471505005,-12.511292336617275,0
2224.159690335102,7.368529510750188,2
3573.159521843365,9.02872357070048,2
831.1581477535656,-12.479921048158715,0
3435.160164670553,13.240997924575336,2
-1214.8414292624802,-7.361983209786051,0
2365.158940322988,-2.575981697603664,2
-2497.838951049664,25.74431945575968,1
-373.8417575368076,-6.767905580218758,0
-4369.8404584612,5.953710763217337,1
3594.1603464397485,15.344217196557912,2
2875.158562764176,-6.68694239268903,2
1508.16089524579,24.30565048325209,0
669.158954187471,-1.493229260663805,0
2523.159270349948,2.335403445247749,2
-2934.84047936165,5.664605736578089,1
-2302.841700739344,-10.364307604716858,1
2239.158294817491,-10.643758725454882,2
1261.158304754994,-11.545222080042487,0
-4094.8375373891904,43.90834083834253,1
-2803.840194167162,8.792095368842629,1
1344.157357867749,-17.273201825485124,0
3730.1603431997937,19.022464575636995,2
-3350.837423409859,45.71723884164256,1
-1118.84181645856,-12.352598100325238,0
770.1589012949262,-2.4644249961224416,0
1079.1595970134367,6.288118799306785,0
1432.16113532061,26.44623271169916,0
-3017.840007486171,11.73876877915406,1
377.1583126966725,-7.757406842870814,0
881.1606963078375,22.39645966385648,0
-898.8406261205091,5.348749973161672,0
2572.1606987085543,21.30048320512035,2
2949.1575653551263,-20.758530138903534,2
-3715.840868262632,1.6983802844204856,1
-2971.8416733732447,-10.357928466828737,1
-3786.84052603459,4.867111621154052,1
3310.1577725198586,-15.903989761918805,2
3329.157875271456,-16.849245573880733,2
-2429.8407874563127,1.6502556480678336,1
3011.1594830259564,5.311586638267484,2
3858.160002925957,12.252646181159012,2
-2432.841936373152,-14.199000833457454,1
2234.1601299521863,13.363723502924538,2
3188.160703975591,21.328563454434736,2
1613.1604209142388,17.365435237320575,2
3746.1582828097744,-11.778631371028442,2
784.1584448880749,-8.49085339443631,0
873.162030398089,38.4952870937078,0
1363.158617559704,-6.598566563566486,0
1683.158196418546,-11.623029297130682,2
-1659.8380474470323,37.65972849698748,1
-3585.8404742701096,5.872740868759246,1
-2111.840674102539,2.703197282937545,1
-3552.8424395601032,-16.49100412093799,1
973.1606493928704,22.24440569076802,0
-499.8417997660581,-12.44558317465864,0
3184.159674832539,9.194721980664765,2
-569.8419648292474,-14.500030230381638,0
2040.1603669433389,16.296602110006553,2
1594.1589260929031,-0.7937232352480876,2
1388.1611640845658,29.269688209892852,0
589.1594102274394,3.5433174334333017,0
228.15733508963604,-23.473948249883158,0
-1711.841301439039,-5.247111781802693,1
-1803.8400518136327,12.368734024722269,1
2889.1596822185675,7.298091674449092,2
640.1577350781299,-16.540775988979473,0
-1060.841977582371,-13.380121180793395,0
-172.8404698735685,5.4947919344807765,0
-2402.841845472867,-13.364340430116949,1
3503.1574680230697,-17.9618706844778,2
1548.158898234018,-1.6631314588740027,2
-1280.8404604267562,5.5748074747260965,0
3952.1601925711143,15.132529400095722,2
2766.159547895717,5.25141686297734,2
247.157907939516,-11.752210116609758,0
3133.158745810273,-2.781190963910819,2
1462.161179815128,27.38411443306809,0
1501.1605312511092,18.455433529833257,0
-3440.8410605208483,-2.111345256201023,1
-3427.8411463402444,-2.242794042538081,1
2652.1597105332767,9.244077644856768,2
-149.8407441895688,2.4495137113568277,0
-489.84040001110407,6.579317962225941,0
1839.1587924048072,-3.575413159041675,2
-1015.840807540284,5.231238665466268,0
2417.157767066092,-13.974743736236944,2
-2985.841420486453,-7.18428442355378,1
-2487.839128801017,22.76261088300695,1
265.157915845688,-16.488534343305382,0
-2161.841002585716,-1.2915584119816588,1
1283.1579173487262,-15.521047706486076,0
-2559.840752425021,4.576314371540287,1
-2058.8417496224283,-7.5563075010737135,1
3440.1587956516305,-3.700701689854281,2
3154.160111683246,13.33100318146774,2
-3482.841140034958,-1.4493424657913092,1
-3353.8425461204024,-22.364626491768902,1
-2116.8420921076904,-16.28498979478502,1
933.1591513584716,2.2802122093518253,0
406.15788304188754,-16.55499815274171,0
-801.8425231667352,-18.72133064623463,0
920.1624457011349,43.52429283933633,0
3677.157845938404,-16.743049505546935,2
1550.1592675374704,4.2845470669303545,2
2607.1596615705057,7.3427133024491535,2
4398.159171173873,3.983254836524473,2
-823.8402334115235,8.669518396022122,0
615.1610122552374,24.5630824098696,0
4066.158359466237,-8.818486221541985,2
-2725.841530809877,-4.520568996192093,1
-3364.840224602376,9.698283956258946,1
1086.1588880841737,-2.508957957804013,0
2336.15850409068,-2.990962001623017,2
-305.8423037130269,-18.359667273126085,0
-671.8426462895586,-20.56380520121854,0
-1853.841526452452,-8.233305157629019,1
-3746.840320272488,7.813177933648658,1
127.15866886230653,-5.407459372448333,0
636.1601088196039,18.14062555179963,0
-380.8396150519839,16.43293448160953,0
835.1593735668575,3.456621855756717,0
-1336.8424414591282,-21.325864755238964,0
3177.158212574781,-12.661763430196409,2
3210.1585908260317,-5.733840803651203,2
2874.158813887334,-1.886869392254116,2
-4510.840413149854,6.878588185469777,1
-2965.8414512393065,-5.416056397729767,1
-1021.8399975842912,11.664392168396434,0
-3593.8388430813798,27.799168692024665,1
2390.1583298275946,-5.980082660464519,2
-4353.83839452127,33.87707179603595,1
-974.8417009344556,-10.449963697661,0
-4113.838691492798,28.895475664805357,1
1252.158776012191,-0.8941613796068415,0
1971.1584598105983,-8.582897927195662,2
-396.8417056350154,-10.416760740239903,0
-1504.8420780840097,-16.19776957230367,1
-2412.8425176440505,-22.35504574591973,1
-4254.84105539642,-2.059568111889215,1
-3224.8423098321077,-14.520871623012408,1
351.1589856657665,2.2621096906708846,0
1074.1592561352882,2.4064783693430307,0
-2825.8402619585977,9.722954686948752,1
849.1585533868056,-7.510268507050075,0
463.15859133622143,-7.406747863691738,0
2201.1577069570194,-18.624758684479083,2
-2194.8395727482857,17.596003456920023,1
1815.160416797444,17.442050014942254,2
-1648.8401621810626,9.721085989319477,1
2776.161020941625,25.26371258656989,2
-1267.840755315905,3.5698339656807274,0
-3310.842354080465,-17.46619397687602,1
2370.158405533118,-4.931055597077108,2
-3774.8405766757783,3.764277594448029,1
2195.160748542403,25.14544298770329,2
3648.1590125590446,1.9460539879477723,2
-2102.841417025309,-6.339896352377857,1
-581.8406422181288,6.397977817570311,0
349.1597697954276,8.522399315555452,0
-4448.842192907643,-15.293037551355196,1
-3326.841064114531,-1.3084076395159858,1
4441.159228375123,1.1436411865167369,2
922.1601480970276,13.518260405456052,0
2314.159484764736,4.343757907389081,2
-662.8428118430311,-25.40225239384249,0
-45.84043132018997,7.473279147699083,0
87.15802332363091,-14.582923129972349,0
1354.159390624263,3.4185629416649057,0
1666.158574818226,-5.802937090934558,2
341.1585967281717,-6.460219626565158,0
507.1571807578439,-21.8474555910352,0
-2534.839542749105,17.786427972841665,1
3350.1589932711795,-1.643966196696046,2
2540.160328494734,16.319358554377438,2
-2246.838664764888,29.65957039085847,1
-1871.8405201960704,5.701372789309437,1
4111.161180094059,28.15208624633115,2
4284.159024990746,-0.7582681134010203,2
2480.158531013003,-5.837088991037577,2
-4074.8415029218886,-8.089410181658081,1
2772.162019582931,38.32666230340057,2
284.16022965940647,19.22205583847981,0
561.160935670021,29.08292364834212,0
-976.841446117789,-5.498210836127857,0
-468.8413404786843,-1.7086143906690765,0
2373.1590933303232,-0.5441566626334904,2
3292.157651537971,-13.193884017657725,2
3571.15895449766,-1.7720951739822013,2
-3251.842073159467,-11.46803766456517,1
2237.1586848999723,-4.724598993628796,2
-3498.8405188756296,4.834330720004145,1
339.1585485693068,-4.649981965142216,0
-3466.84032975894,11.420667491736486,1
3139.160327377845,16.264812235744827,2
3013.159643048537,7.35510412447138,2
1787.1604427656855,17.403757582116484,2
1072.1590240421356,-0.4997378116659563,0
-1872.840085738688,11.627524799493548,1
3942.159037553123,-0.8102714330413443,2
4074.159270147735,1.2714067452751348,2
735.159583574743,6.3946093324560245,0
-1818.8411698908312,-3.30633392708771,1
2996.1572882120963,-24.644269497319968,2
516.1576058071223,-18.50191391215132,0
-1632.8375086185406,45.58307324951267,1
2657.159523786104,5.370747938623632,2
3966.159285679576,2.210051221452238,2
3255.162115744606,39.30538426394765,2
3892.15828238288,-8.929386568717911,2
-2973.8387882829998,27.71885008759277,1
2684.159600331332,6.3676496214358735,2
-4519.840208427457,14.450272046475598,1
3261.15846177662,-8.730485664942028,2
1472.1609042026105,23.466768981148604,0
1401.158505130792,-8.59186268340772,0
-4537.839558961918,17.871420019050937,1
-2474.841937997553,-14.239894420459356,1
-4173.840535475989,3.8263755575647433,1
663.1584535936126,-6.644125430220185,0
3122.156866948935,-26.01527350145332,2
-3000.842392723018,-20.205268920927043,1
-832.8423479991034,-14.849374407133537,0
4401.159023099812,-0.833339369222565,2
-2656.839173438959,22.70133003343394,1
648.159220276284,1.5003939222112432,0
1299.1608996231223,23.47008798601092,0
2198.159228795441,5.0860820715107415,2
-2494.8412939591217,-5.295825123326639,1
2723.1586801257217,-5.652406246620815,2
-460.8421096476959,-11.73979118422765,0
3442.159136280301,4.016253752625584,2
-452.841225306096,-1.5888374602643678,0
2235.1592721050256,6.03329279498165,2
2781.1596169489203,6.301397552790302,2
4364.157806507079,-14.177363988524856,2
-4204.842149267613,-16.1483786720112,1
1823.1590644793469,-0.5944600457529381,2
4252.157715810055,-18.74843618956789,2
-3227.8425093224505,-16.593272795209693,1
3046.1590122904745,-0.6662822954128673,2
-4019.841354682867,-6.129849470593547,1
-3252.842101469636,-16.35281139619961,1
3778.160419822263,17.282526928393146,2
3575.158932164486,-2.640617337741052,2
2399.1595772784785,6.411317239911973,2
-1684.839676261763,16.671146894230695,1
-2217.8426137336064,-23.2720628626694,1
-2244.8391558701987,22.751839170474675,1
-404.8416094827117,-7.531601899305492,0
2842.160741875763,21.357586352890827,2
-29.84266019315692,-23.48023661341896,0
316.15869003668195,-5.391947885344038,0
-3596.841754203255,-12.152333348855128,1
644.1619824876543,37.52332603288552,0
-3221.840340400755,8.733541319971009,1
4299.160116653889,13.227250723846824,2
-2797.841867723211,-13.221316409042556,1
2887.159970053879,11.28682996056868,2
-1108.841610794887,-5.605761484108573,0
2678.1611653174623,26.335067577080288,2
-1366.839722822711,15.695456847587913,0
3660.158766352921,-4.789082728386177,2
-2038.8401286857552,14.35289278099607,1
1069.1576889069984,-13.94173000481119,0
-2048.8386985545512,29.6773052392536,1
626.1586807689746,-5.465460435919605,0
-3930.842266548076,-18.215445233867257,1
-3690.840283753292,9.715269986947972,1
-205.84206611989063,-16.435571018516015,0
-3796.840685162984,5.650544601001117,1
-4397.84052297665,7.614413666890618,1
-1298.841620954801,-10.4719653949207,0
-825.8397574666305,17.45121616771202,0
3237.159380337165,3.3889178957370003,2
893.1585673043737,-7.465551206031473,0
2905.1582555392524,-11.628869546070046,2
-3045.8413959842874,-3.5626877134888524,1
3741.161670673581,33.29245519994002,2
-197.8386982328375,28.46744563164477,0
2673.1622050201404,40.39943065238732,2
-3781.841790680424,-11.164853520302149,1
-4511.840256906697,8.891084774323657,1
-2269.8406356844357,3.65517990425238,1
-1593.839558976062,19.48598122680214,1
-3941.841531387705,-8.193189552733992,1
2483.1575843944447,-16.916978340669253,2
1940.1595054010977,5.448847689046525,2
-657.842105007323,-12.649522413839794,0
1564.1602611802518,17.268082754652696,2
2257.157751103048,-13.995869194156814,2
3168.157558077073,-20.733900351012743,2
-2490.841259171546,-1.535130141754096,1
1292.1594913055887,4.424213037737731,0
1579.1588019754272,-4.4931520564732965,2
2210.1588928124984,-0.8156202280949483,2
-1381.8399864648818,12.641755429213704,0
-3187.842007755069,-15.229941030166811,1
-1177.839069146023,27.35715281623249,0
-4512.841013984464,-1.1078653621620749,1
1610.1596253514872,6.2929124874641165,2
-3817.839458029892,18.848225041006224,1
-2118.8409340886865,-0.2609972819580237,1
396.1579277050332,-11.840854438050409,0
-3581.839611432457,17.812009723936598,1
-3320.84138445789,-4.325258040634799,1
3164.1593140551704,2.2894440470305124,2
2458.159568781266,6.360419205831096,2
2162.1587857108098,-4.626454891992478,2
-826.8415698138997,-8.340674645234282,0
-3567.841761120362,-8.381376570299702,1
2930.158290242369,-10.644281211309952,2
3036.157399864925,-22.69102086792725,2
-3587.8410468122456,2.514256906357513,1
-3099.841411241621,-6.169663657154247,1
-3396.842008944717,-10.50796765623546,1
-1162.8423105546972,-18.34967072297789,0
574.1598311875714,9.482366231800569,0
4332.158510115347,-3.125241403335472,2
-993.8407957938616,2.4826716144008607,0
-339.84144198324066,-7.449666781723186,0
-1947.8398414569087,13.651787911523888,1
1087.1595503042918,5.406290295116753,0
4231.159406019375,4.211994510851463,2
2043.160291827051,15.298046112746194,2
2069.1588635994704,-3.53689685690756,2
-4304.839776620967,14.81700606534262,1
3306.1590912048705,-0.622215319241751,2
-2355.8415559153077,-4.606929031551788,1
-4214.842411547899,-14.54343206679594,1
-3338.8416438081767,-6.411475871695618,1
2927.159528346325,5.354428261030844,2
4215.15774943307,-17.73209691162439,2
235.16058128199077,19.5534531968342,0
-2589.842586445331,-17.70435703734343,1
1726.157420707459,-22.6720964118211,2
-3836.8399420988862,12.844027690696548,1
-28.84246039722348,-16.758806254323765,0
-3534.8415221303585,-4.458125292730825,1
-704.8378209635266,40.61821843589056,0
667.1585871074349,-2.783769125851257,0
3617.160259915108,15.299561079558506,2
-1042.8425161541672,-18.58375745620353,0
386.1588828604436,-3.438872263503044,0
2335.1589628043585,-1.6531113343679111,2
3814.1613484183326,29.26988552697973,2
-1919.8418692857376,-13.337995871667944,1
2308.157689947053,-15.038797681970792,2
-3240.8423148773727,-16.344519807352654,1
-383.8415546905599,-8.410768931817259,0
-3650.842426864023,-20.1820639078058,1
4396.159189587808,4.020561975173724,2
-1629.8407646322155,1.7323746040971475,1
3062.157548440504,-20.69701050849553,2
-2443.840972176928,-1.437244725869162,1
3193.160981928464,25.215428725783816,2
-2766.8416496723075,-10.297549171449166,1
-3257.842363195145,-15.574400454209275,1
1729.1572566913674,-24.614140326445984,2
2563.15739592287,-22.696621640863547,2
-4382.841247154516,-1.333119857082548,1
3896.158380146778,-6.029801132208517,2
-382.84210821893066,-12.66343083143684,0
-3680.840757555037,1.791778461573994,1
2145.162089707621,39.407811872648765,2
1227.1610745348153,25.4272417960592,0
1400.1584626857075,-7.598041012627214,0
-1881.83885452,26.74485544036692,1
4270.157406629587,-22.863917356446912,2
-117.84295695048058,-24.743226302985043,0
-619.8412076426903,-4.344720732270883,0
-2831.8422248724382,-15.437955496187978,1
2513.158858165785,-3.613449932729453,2
-2079.841026702954,-1.268418776743382,1
2150.158982557128,3.89303838164842,2
465.1578728274908,-14.680779035390229,0
2827.1610207223566,27.09324821309689,2
-4442.8379094353295,38.93621964962595,1
-3180.840514375712,6.701690191900905,1
-3549.8411789630773,-3.165599355431137,1
-55.84300236043055,-25.676567711342194,0
-4206.840943887422,-1.1064954608791604,1
3470.158453153621,-4.97826667550133,2
588.1603317709523,16.49682914094989,0
-1258.839615041099,16.657602773614656,0
-207.8412336875917,-3.4995669666153937,0
-852.841154969763,-3.340923543899623,0
-602.8392958173063,21.487130287354557,0
378.1587233643513,-5.426867192565031,0
-4362.841406273248,-6.108019910488731,1
-3232.840168789495,9.855826882729763,1
-2835.839757583046,18.427380863679133,1
-1200.8406358966604,3.597619128158616,0
1608.1604738316382,18.3976987165232,2
1702.1607278878218,25.116015839553175,2
4330.157286484435,-24.75057247681232,2
1968.1572206566923,-25.589817906628998,2
4152.15826927661,-7.978432182549214,2
3086.1584916678257,-8.684258115000178,2
-1679.8408860545603,3.367201345616147,1
-2235.842468937044,-20.344584039917205,1
4358.159016053018,-1.73684894762179,2
2033.1590850860807,3.0290967368701835,2
-173.84115716832457,-3.452546593384797,0
2712.16030476708,15.35177725486174,2
1663.1585633453217,-5.6434235584506895,2
-1137.8386426408542,29.64949459498812,0
-2156.840773918957,1.785588558785955,1
2138.161183318007,27.34829669465566,2
-2771.8396046902053,16.757910043245623,1
2697.15785647498,-16.60852850605273,2
1964.160114741709,13.423748200012382,2
-1193.8411451938446,-1.4573871020270053,0
-3649.840829570312,5.418315033269584,1
4156.158537391108,-4.052377940435427,2
968.1586635535932,-3.888247011355083,0
2556.1569825467886,-24.933195656634357,2
-1244.8410282354453,-1.331823726310717,0
-4123.840381855087,6.923107073093703,1
897.161206136283,28.423247605726587,0
3791.1608923632302,23.255362132447686,2
514.158531844907,-6.492924418264364,0
-3633.842214033066,-17.17820226067234,1
2915.158239275392,-11.726854549211597,2
365.1596438696725,7.52920437731024,0
-604.8397283651866,17.419855399170217,0
-695.8412549112691,-5.362390987066146,0
-2823.8386574130272,29.75187552433114,1
-1861.839482746087,18.70700803459573,1
3622.158874668763,-3.703650613128653,2
-3392.841270347708,-1.5081730823874997,1
4022.157755164779,-14.045056010062217,2
-618.8409798064386,2.302095937519489,0
1277.1584003940225,-5.887708454543676,0
-2652.8411090874,-3.2368952844612107,1
918.1596343328712,6.513057829350677,0
-2740.84204450564,-15.2423823521939,1
-3243.841489464685,-6.280041863137105,1
2958.15968938818,7.274122580065461,2
314.15891379106324,-2.491126250718615,0
2276.16073912679,21.317703041573367,2
-2865.840462631546,4.815475724665303,1
2121.1593717793003,3.441291398440409,2
4334.157583486871,-16.072960542575444,2
-4228.841268267599,-5.027271847347482,1
-2770.8414569448214,-7.201532167942618,1
-4290.839180128067,21.906586649236274,1
2518.157571051852,-16.908889242899804,2
4018.159586756316,6.252474800827619,2
-4253.842346096528,-17.34649491004783,1
4122.159238541848,2.098478719021358,2
-3940.841259478242,-3.3351948620767065,1
623.1580080569838,-10.893661972286338,0
4158.1600459576,12.207523385823778,2
2533.1576293975813,-18.700197522689145,2
3518.160432938894,17.296659539833314,2
3302.159043509513,-1.704303091521207,2
851.1594953610911,5.3707952728276585,0
-731.8405354873394,4.558532473718151,0
-4185.841519651178,-7.218763630507544,1
1716.159356343851,3.470471354587966,2
-2086.8389173363103,26.65121255579986,1
2825.157421383657,-22.75972585693352,2
-3577.8405161415576,7.667105152156372,1
-780.840693749371,2.6691445430648866,0
3723.1577706639073,-17.74490398393789,2
-304.8413487686193,-6.327224079216827,0
-2632.8406381806126,3.6886500536756106,1
4430.158685559058,-5.764877562683685,2
-3112.841761201562,-7.465103753097642,1
3045.1577957911068,-14.832233237692886,2
-1929.8410586638493,-2.3126517418944363,1
-2391.8428857350373,-23.514979571949084,1
-3374.8414359793533,-7.181139280490632,1
-1327.8423772078822,-20.427567245715288,0
3950.1598054782953,9.2523651100529,2
4417.157929020934,-15.768221130925872,2
3128.1583393852343,-7.850371432017938,2
-2653.8420462523354,-15.43626053221766,1
-422.84080795844784,1.588075825345291,0
2676.16152866272,34.14437067130236,2
2852.160318352049,16.24488102956353,2
-4152.842892981309,-21.66765872260821,1
-129.84038189327111,6.564832180528853,0
1958.1596645632528,7.394194666525655,2
-2257.842115225969,-16.39916098658926,1
-143.84101258055307,1.3445710965258506,0
-3983.8419398148544,-11.322487325515793,1
2831.157444261713,-21.747357043546245,2
2396.158862755343,-1.6954169196201745,2
-1652.8418910473702,-13.306198519425012,1
-2283.842223176267,-13.56197686827478,1
-2189.839605862566,16.752209224738337,1
2751.158314338827,-10.727941341932802,2
-8.842166963324416,-16.449906081252923,0
-952.8414367647492,-7.288117303664882,0
-3241.8419416935067,-14.221258150644934,1
4321.157137408387,-25.8777095790396,2
1647.158668801363,-1.9471785022548425,2
641.1620989796356,39.51664243494685,0
-57.841032171971165,-2.397906038653617,0
-3556.8414789022645,-3.4361874100006595,1
-4347.842632817745,-22.26408344352729,1
3955.160795800155,22.24271963518544,2
783.159098779608,-0.4842555362960103,0
-2211.842771502328,-25.21701635655144,1
-3370.8404342690483,6.789252947506558,1
-3564.84065438842,3.7879458728157953,1
148.15804871777073,-14.55219304041072,0
-95.83967423450667,18.306331470879837,0
-752.8426208386663,-22.466784991843987,0
2216.158235693234,-7.944073018684186,2
-2070.841469862848,-5.477775102607142,1
1011.1587487941724,-5.570109297045189,0
3487.158485502936,-8.595863100503264,2
-3329.842228662106,-13.545315814247664,1
2629.1579870643327,-13.757794658206103,2
694.157932017406,-15.515901095050255,0
-2308.840148752148,9.80033519477629,1
3910.159288200608,4.141693034134255,2
-895.8418253381387,-12.508343471789392,0
-1977.842378440488,-17.48728993230076,1
1782.160105091636,13.326790564231189,2
-3228.841598722269,-6.38642862965972,1
-2777.8402443906525,8.753579218420404,1
830.1623573295656,42.5006875376234,0
2805.157751951192,-18.63424252979273,2
833.1596641737269,7.54553732947682,0
-347.84178340091603,-11.455470225717685,0
3616.158972773818,-2.702784147867706,2
3173.1575842138263,-20.638464233161063,2
-1792.8402939930677,8.621271140356301,1
-2359.8404883045005,5.700802211472995,1
-2159.841845578921,-13.241239606190437,1
3380.1589538842672,1.9312177513204567,2
3646.157453350781,-18.950237741236982,2
-2978.8414129473385,-7.241114853436329,1
3102.159342300147,3.354973552940269,2
2451.1600986632984,13.38158090796181,2
3389.160411459743,17.30838850365822,2
-1231.8412067012396,-4.316869450581828,0
1107.1586436250363,-6.556881609558923,0
-3314.840168151306,11.67135047092964,1
-2665.842462837987,-21.286256019977124,1
205.15925215481548,2.521638568943551,0
-1825.8417413654388,-11.367277256815653,1
2397.158028015343,-8.088796426571957,2
84.15753949910868,-20.56707062782205,0
3953.157132765336,-25.796675265175185,2
1569.1612140028155,27.39328668356358,2
3971.159335638629,3.2075336943728114,2
-2101.84076281701,1.703131820335294,1
1020.1590068443912,-1.544826214822856,0
-534.8420649224427,-11.681057800090423,0
2401.1573923561373,-18.86966100381675,2
-3847.840713986429,3.745543513735369,1
2295.1589532272774,-2.560711155100102,2
-4140.842802303436,-24.218449562183014,1
-4531.841986097163,-14.14773605761211,1
3063.158712859906,-5.578655951427268,2
4431.158144802728,-12.771698006553518,2
-1777.837620147155,43.6422554435207,1
2801.15886246023,-2.721740531070976,2
582.1603140194202,19.22413771792012,0
4137.157600934501,-20.808678559880203,2
3683.158347822959,-7.861786210752896,2
-3190.8409715050366,1.6139446037224108,1
2406.1575860464945,-17.80261218731348,2
4115.158549324144,-3.0682608225485977,2
-2392.842413929291,-20.35948086171616,1
-1033.8403080202406,7.581521621675796,0
-508.8380156767089,37.62183053287542,0
1195.1604694621635,17.390351042102644,0
-794.8383050712873,33.65682169489324,0
1805.159435948008,6.286324784992571,2
1179.1579898216878,-14.666365531241391,0
1750.1590802593855,-0.5757115965184276,2
-330.8389863449265,25.563230383465594,0
-3357.8425574098947,-22.28608190535684,1
2724.1580191448447,-13.761340709898253,2
2883.15951944032,5.322765401738581,2
-4363.83802544151,37.89868554119854,1
424.15804066183046,-14.526520124217082,0
3368.159574534918,6.347054318822552,2
-2089.839885817433,13.663774841732026,1
969.159231114143,1.5075759689927253,0
1218.1608417159878,22.485113064459853,0
-3566.8405094871414,9.492355576157893,1
1798.1571917164256,-22.86833170014692,2
-1560.839502793504,18.670008158555973,1
3717.1620417983504,38.270804378819626,2
-1763.841489834478,-8.258592852777664,1
-86.84039727575146,6.556658553674923,0
2204.1581297901,-8.965398050291329,2
3384.159969514236,11.331662020653011,2
-1056.8395997275366,17.614760030212118,0
-2004.8421891514445,-17.210667741271685,1
672.1604802188231,17.505626862474266,0
4384.157199037843,-19.207680328525363,2
-2598.840765578905,1.7422810821365946,1
1322.1584744855645,-8.520025188798767,0
4213.1601848955615,17.884370184743062,2
-3377.840147562616,9.842757551189022,1
-2015.8408171531628,5.379429694729746,1
-3345.8412293324945,-0.5529553828213682,1
-1554.8426837417064,-24.373405210479877,1
478.1578835308901,-16.450747162654487,0
-698.8427520820405,-25.43267025345682,0
267.159029315284,-0.4934447712815473,0
-3316.841722758778,-7.399699371349102,1
-3415.840165527596,9.763999945641524,1
1914.1578198843051,-17.73837663418142,2
-2260.8396882708184,15.757849690361333,1
2277.158525151026,-7.65075887647018,2
2853.160562551813,19.36904318953585,2
975.1583611129316,-10.677240892097377,0
-1190.8410307167796,-1.4271166174102232,0
-11.841818728193177,-12.398645354658417,0
-1457.8424743306823,-21.29292778005049,1
2630.1596247890266,7.343017066950857,2
2700.158694993996,-1.9735125517665544,2
1128.1580066452152,-15.498766523577403,0
647.1597058904008,9.366073324212858,0
1492.1605443679728,18.43002856867521,0
1064.1575391914812,-16.81377575528945,0
-261.84019140701275,9.57916611376016,0
4245.157614474767,-16.124488587563498,2
167.15822285343893,-12.558966435415687,0
-2042.8417727235355,-12.314326687920602,1
1497.159746657766,8.397469941467593,0
-1089.8409986458137,-1.3612636850316369,0
-622.8417512261658,-10.536647741849023,0
2616.157258014893,-24.563741685902222,2
3469.158518392709,-4.056449231146867,2
-1091.8391605046345,23.56529945142971,0
-1073.8424677316216,-21.36316606117612,0
3734.1588612730266,0.9450502469131266,2
557.1601929107565,16.363854682364654,0
2288.1589325427194,-2.6467831249610576,2
1140.1580490747583,-14.5886665530838,0
1910.1578238339864,-15.759057399922185,2
-3026.8410408484638,-1.266071602269557,1
-4349.841449366999,-7.047536829690204,1
-2300.842327377526,-15.56914830216674,1
3534.1575482434127,-20.7325701406116,2
1587.1619403074146,37.42332757535296,2
-4245.837918389007,38.9125263847314,1
-3979.838831746776,26.923983961647373,1
4016.1619680664735,38.19499285916925,2
-1908.8414813949491,-5.436178504709324,1
2644.158727845177,-0.9315842877892004,2
3118.1586702756467,-1.9792007078795584,2
-3001.841597647115,-5.572444561955509,1
595.1586950001656,-5.502487279751104,0
-3136.841710354667,-7.495204844349306,1
3423.1598003664985,9.328391927152309,2
2468.16025019472,14.417270393601449,2
-1016.8402056833728,8.63065078171884,0
-2304.8419682845124,-7.760294579143254,1
-2911.842905919999,-24.54877550056621,1
-1821.8391189588583,23.69596519295285,1
2391.1575853272807,-15.898482921928412,2
-1204.8392911648843,21.616291832887207,0
-1956.8396826093667,16.67770503742973,1
1487.1613996332162,30.4266960043094,0
1257.1594928095583,8.085548876417672,0
-2039.8394532201344,19.65297023479063,1
-3033.843214444641,-25.708813443076345,1
-3525.8422359464457,-18.118132566145405,1
-4477.84107234847,-2.0974581264971004,1
-2239.8428655516477,-23.611529878406618,1
-449.839075412543,24.55530349591303,0
927.16100553266,25.478395663977324,0
-3902.841796679073,-12.191534497310624,1
1194.1590345669538,-0.6506170364111243,0
1640.1604934160132,18.3958385310047,2
-3280.841174387489,-1.3369835098480565,1
2432.1574314344907,-18.92654201367491,2
-2514.8423708263435,-20.32449045018345,1
2262.157267797971,-22.8899011709643,2
3366.15884187998,-3.679504826137823,2
493.15789072570624,-16.41350174597661,0
3015.157454683853,-17.94932370118159,2
3266.158264114638,-11.710482761381156,2
-3205.8413420487777,-4.3639896935672855,1
-2431.840805120766,5.393958302058515,1
1133.1601917267544,15.318771533751702,0
-161.83962865336798,18.425364610845957,0
3450.158251496847,-7.997481038001048,2
-2028.8391928173369,26.39845014812559,1
824.1601518622483,14.49526666798709,0
135.15827177878236,-4.929521855532599,0
-92.84201423637568,-14.43203916467057,0
-503.8398379450082,14.571703739855492,0
579.1589055238874,-0.6332701808949217,0
-2073.8391725026304,22.716597906429516,1
-3278.841439836775,-3.4547929411355183,1
2047.1584693148036,-8.596689064522742,2
-2983.8417239426053,-10.376972425832973,1
846.1599273349275,11.462806476243664,0
-4180.842290896573,-15.319737593273596,1
3946.1570460249786,-24.95335906205325,2
1820.1578280823887,-15.797027092223116,2
-3200.841210837825,-3.2219575125206665,1
3022.161340516235,29.329738771362365,2
-4037.839158944495,22.78419019725436,1
4318.160303194018,16.211310538084398,2
2264.157305864559,-24.658953292677097,2
781.1596953619155,7.532782604822685,0
-634.8420556220808,-15.395683065819789,0
3311.162178123021,41.27570532265104,2
2594.1597453035065,8.295838777281263,2
-206.84003403084355,11.562453467791878,0
-2282.841859552253,-13.337053536345184,1
-335.83968122437363,16.56766663736633,0
4071.1588813052513,-2.800654319574239,2
-1169.841554248007,-8.325857985762372,0
3044.157615990204,-20.66424736702883,2
1701.1624468303053,44.391210102358805,2
637.1625182243879,44.51849999935465,0
-2794.841043572873,-2.228265939054113,1
-1225.8418836861963,-13.359760010517434,0
-1183.8407269702875,2.584610298493928,0
617.1612037091982,30.302995889881032,0
3709.158042699448,-14.719475753558005,2
-3995.841570214019,-8.129120534097392,1
-1864.841797846428,-8.530080309367118,1
-374.8412518653204,-5.399786822057267,0
4057.159420192416,4.120377900366497,2
4316.160560876888,19.181704963076847,2
-501.841470244457,-3.7097043980582978,0
3752.161301841377,32.0027907012746,2
3661.159237067797,5.942279347298069,2
-2580.8375563362497,43.76212881267612,1
1920.160471874697,18.27352230583777,2
2670.1598579482525,9.325191596735667,2
2050.159280331107,2.312457068826125,2
-444.840248875902,8.549630811007281,0
-2587.842067177,-11.52450670813831,1
-4380.840183593275,9.860267241100482,1
-3242.8426339820144,-23.299190184904862,1
-3275.8403107682243,7.798516368596365,1
1745.159978317737,12.390165390982746,2
-1312.8421841480304,-17.455929148316116,0
2807.15803092072,-12.807096228063704,2
1810.1579555336505,-15.591937819940073,2
1155.1589641711907,-2.7037691703520625,0
-2133.8379239586648,38.74333074514889,1
-768.8418892975315,-12.653029952333052,0
-4503.842749537551,-25.146163594138912,1
-1716.8416744877468,-10.355740469147568,1
-4242.841260379646,-5.057724120530228,1
-1771.8421264799545,-16.377221408962583,1
1248.1587760269176,-0.8938545441528367,0
-3281.8417769378284,-7.558270729003661,1
-4064.838205955457,35.843566016365514,1
807.1592415379127,6.14543830508245,0
176.15950451121898,4.661331934239204,0
-2663.8409681058256,-1.252826823578039,1
-918.8390894520562,23.521806226156087,0
995.1579001832288,-16.53024734641272,0
-1618.8420952830347,-13.542016685119975,1
3157.1592938678223,3.263400645449545,2
4289.159260262328,2.242681864026677,2
-1206.8400435198564,11.614092001141405,0
-2117.8417680902057,-11.3711156568559,1
-2709.8374465715024,45.70392511050686,1
-4277.839218638139,21.860496175284503,1
-2718.8419702213723,-13.25281181121978,1
-1213.8384523743298,35.37151800956965,0
393.1585107775754,-7.4295776783013725,0
1883.1575672943727,-16.926096592467665,2
239.15951910696455,9.1696175031678,0
165.15788540028734,-16.524322806164733,0
-2295.841975671239,-10.54349164814954,1
-4015.8383256034,33.87933432547732,1
-1714.841835344152,-12.336778782321016,1
-1307.842408583267,-20.393422845725794,0
1861.157776581705,-18.56108090151545,2
1869.1592520623817,2.4097631587266903,2
-357.8412399867666,-5.417084772044419,0
1198.1577664787185,-18.502884690767736,0
-1000.8424941553968,-21.464585470380964,0
-3989.8413435060647,-6.08787816052626,1
-4075.839072432834,24.827505036006507,1
2323.158618164365,-6.619900514055859,2
-2650.841542770737,-8.196484020265062,1
-1490.839622285508,16.71932887071145,1
-3654.8406016648514,3.8589294951662394,1
1448.1591136208735,-0.576266323507542,0
-1247.8399240825092,12.709653104499983,0
1359.1579381527845,-15.500943166568062,0
-835.8419879675494,-11.681154317296398,0
-1325.8395338405971,17.634585425650464,0
1895.158189426118,-12.75580755347195,2
1731.157185170392,-24.72039555784923,2
-2786.8404506096267,6.624669723240382,1
-4101.839192636893,22.832728899715946,1
745.1600265256129,12.480601364187065,0
-98.84012806188548,9.60567660993502,0
-4506.840709993965,3.7772019243299546,1
3355.158594208944,-7.694630966029517,2
297.158315000881,-10.54662377498627,0
2619.1596847712644,7.368837055189092,2
-3292.8416695602937,-10.209851884133393,1
730.1596287640859,9.279036973728353,0
-1401.8419462073944,-13.37124422855293,0
3715.1581413912354,-12.73014152202623,2
4128.15888935019,-2.8194021966710343,2
2786.157179236994,-25.692900514380646,2
1219.1608363827108,23.42114079994647,0
2601.160110458557,13.19896961030925,2
921.158490806236,-8.501809828870005,0
3140.157478355628,-21.726751969380967,2
-4527.842069237551,-16.004680099087263,1
1103.1581770955818,-8.847350116179976,0
2010.160017260525,12.34224566027224,2
-628.8421299919719,-16.40415952052218,0
-4431.842641770549,-23.169290398058912,1
-3608.8428128530495,-24.43599554336003,1
2679.158653403225,-5.699501557840875,2
-3501.841697418888,-10.14427160887207,1
2060.158580636198,-4.811522399074194,2
2550.1603945682878,17.266372977011024,2
-1048.841942984087,-13.314627679429154,0
-1760.8405152970226,5.667425806598287,1
-1471.842693122453,-24.32826049696878,1
-469.84045337402495,5.600952394583013,0
2077.158546313527,-1.0840551909393694,2
420.1578168321285,-17.643401846502375,0
-3801.839270103956,21.86188574980863,1
-1620.8426820833702,-23.43383409679752,1
2753.1620360668167,38.27967157381247,2
-1706.841975082003,-14.351426474456856,1
-668.8426983052632,-24.3631315125847,0
3340.1574972452945,-22.766783228284247,2
1097.1587235291954,-4.494959015932935,0
-1291.8419077228757,-14.335201665912834,0
-2616.842167594877,-13.537297204077344,1
998.158130759548,-13.51004139149148,0
-719.8397633240675,18.297421715194176,0
3969.1581010542,-13.677977623634373,2
3758.162143331836,40.25523767464925,2
1081.1573926865822,-18.837810797628045,0
-1539.8403006477747,8.566464547684559,1
-2030.8388722398088,26.70660290797835,1
3258.158615070337,-6.692931756884099,2
2101.1586741941283,-1.8845207722935824,2
-2584.8375706083607,43.757625572605086,1
2375.157908516529,-12.825168266670609,2
-864.841284935479,-5.387462833425953,0
1580.1600054972223,12.41372925600024,2
754.160025649122,12.41251274251155,0
-4120.842687958852,-23.137744936764825,1
3332.1574673178256,-20.831910410694437,2
581.1601851729793,18.189072117912325,0
1981.1583401024109,-4.093356560639027,2
2885.159118641692,-0.6060629854816035,2
2074.157910972659,-14.86281867889391,2
2165.1584945686045,-5.865184144942931,2
-1745.8380373334512,37.656014347579976,1
3821.158331776504,-8.793008144799689,2
-1907.842089942424,-12.640707635501542,1
3109.15793889825,-15.744729882261954,2
3516.160843995516,22.34913126974694,2
1786.161081287777,25.319716338980925,2
2269.157074394636,-25.80365195861372,2
1902.158808437758,-3.5705252125485343,2
-1470.8417460270575,-4.818048842808027,1
2318.159654042276,8.326863549173025,2
3859.1602995218127,15.321423806655693,2
1765.157906696375,-11.961609700807998,2
2484.159771068953,8.271999730075029,2
1333.1585321129533,-4.841278654808686,0
3935.158285714861,-7.049269341360737,2
2147.157570320298,-20.68498625582001,2
-82.84049697627779,5.557010557320131,0
-2228.842771439755,-25.215712305871904,1
-3630.839650714188,19.557646242227435,1
2940.1622226454783,41.28963608314319,2
-2845.841778824979,-12.217908282563007,1
-3387.841307397466,-4.275781201360664,1
93.15948147553718,4.522402120316498,0
1711.1607289211242,21.43606813612459,2
-517.8410576195456,-2.422358463320622,0
1165.1583852205076,-8.712799772791609,0
1886.1582940830267,-10.564197157813735,2
3779.157859849976,-16.74606373409911,2
-1640.8413118700264,-6.2696225453030605,1
